Iteration	Posterior	Likelihood	Prior	rate01	rate_log_sd	tree_length
0	-7106.534	-7521.793	415.2595	0.2462229	1.581419	3.96743
6	-7101.665	-7516.141	414.4763	0.2709716	1.525222	4.408153
12	-7094.58	-7509.876	415.2963	0.2645793	1.564062	3.929188
18	-7111.76	-7528.207	416.4474	0.2417159	1.65046	3.244376
24	-7116.106	-7531.504	415.3986	0.2639939	1.639643	3.827946
30	-7109.286	-7524.255	414.9686	0.2639939	1.611093	4.090363
36	-7123.875	-7539.27	415.395	0.2463752	1.63133	3.860953
42	-7104.145	-7519.599	415.454	0.2351353	1.585309	3.870764
48	-7108.883	-7523.297	414.4141	0.2351353	1.507105	4.505775
54	-7124.158	-7537.999	413.8414	0.2199648	1.507105	4.84993
60	-7142.277	-7557.681	415.4042	0.2446435	1.579031	3.888327
66	-7135.974	-7551.008	415.0345	0.2014609	1.680876	4.110622
72	-7134.424	-7547.844	413.4205	0.1939504	1.555809	5.099205
78	-7113.756	-7526.981	413.2246	0.2214877	1.534301	5.175034
84	-7114.435	-7527.331	412.8961	0.2338909	1.465495	5.375486
90	-7118.03	-7533.253	415.2226	0.226965	1.627963	3.991705
96	-7095.811	-7510.727	414.9163	0.2481703	1.64289	4.125283
102	-7117.175	-7532.792	415.6173	0.2548252	1.633563	3.718901
108	-7127.846	-7543.739	415.893	0.2320667	1.685072	3.564304
114	-7140.823	-7557.479	416.6561	0.2246931	1.742946	3.093114
120	-7143.221	-7555.268	412.0477	0.3015403	1.391932	5.788566
126	-7150.857	-7561.822	410.9646	0.2905653	1.287002	6.449569
132	-7121.875	-7533.365	411.4896	0.2103763	1.372553	6.232221
138	-7125.169	-7536.878	411.7087	0.2938038	1.328066	6.018582
144	-7118.992	-7531.037	412.0452	0.2739963	1.301318	5.875565
150	-7124.422	-7536.602	412.1799	0.2739963	1.323001	5.790064
156	-7136.1	-7549.589	413.4884	0.2676961	1.437975	5.014224
162	-7130.516	-7546.22	415.7042	0.2504416	1.677462	3.64982
168	-7118.834	-7533.185	414.351	0.2463367	1.543506	4.503939
174	-7129.195	-7543.622	414.4269	0.2366709	1.49336	4.503939
180	-7117.468	-7531.278	413.8103	0.2366709	1.509946	4.839936
186	-7121.532	-7534.293	412.7616	0.2366709	1.34083	5.514017
192	-7118.638	-7532.913	414.2748	0.222232	1.469095	4.625334
198	-7117.277	-7531.242	413.9646	0.2605351	1.520446	4.712944
204	-7121.937	-7536.307	414.3697	0.2399168	1.520446	4.515971
210	-7156.183	-7568.844	412.6611	0.2584728	1.416239	5.496275
216	-7119.574	-7532.465	412.8909	0.273544	1.468205	5.320198
222	-7134.756	-7548.968	414.2121	0.2458518	1.514192	4.599145
228	-7121.459	-7535.837	414.3782	0.2736011	1.498548	4.474755
234	-7103.758	-7517.669	413.911	0.2756765	1.569314	4.694403
240	-7110.277	-7523.932	413.6546	0.2756765	1.499797	4.876327
246	-7119.059	-7532.709	413.6494	0.2390279	1.599207	4.876327
252	-7138.112	-7551.957	413.8445	0.2682914	1.543855	4.756035
258	-7114.468	-7527.978	413.5092	0.2297931	1.495559	5.025936
264	-7123.23	-7537.721	414.4914	0.2460543	1.56625	4.412472
270	-7131.656	-7547.013	415.3572	0.2755471	1.74168	3.776455
276	-7120.404	-7535.525	415.1211	0.2359299	1.642364	4.027431
282	-7121.788	-7536.515	414.7267	0.2361608	1.591395	4.28027
288	-7136.168	-7550.28	414.1119	0.2376533	1.586774	4.626884
294	-7109.343	-7523.643	414.3001	0.2508921	1.706992	4.433802
300	-7116.988	-7532.697	415.7085	0.2421223	1.75369	3.615862
306	-7127.846	-7544.328	416.4819	0.2421223	1.70667	3.190032
312	-7131.004	-7546.616	415.6119	0.2560918	1.643409	3.714432
318	-7129.864	-7545.86	415.9965	0.2803099	1.643409	3.455781
324	-7111.905	-7527.95	416.0451	0.2515108	1.724504	3.422249
330	-7119.393	-7535.354	415.9607	0.2944334	1.719448	3.412396
336	-7129.877	-7546.103	416.2263	0.2596944	1.719448	3.306449
342	-7118.541	-7534.847	416.3063	0.2318365	1.713083	3.306449
348	-7132.704	-7549.016	416.3112	0.2121085	1.687991	3.350947
354	-7125.552	-7538.561	413.0091	0.2570203	1.46576	5.27927
360	-7139.092	-7553.48	414.3881	0.2633369	1.61296	4.419201
366	-7122.3	-7536.151	413.8504	0.2488453	1.456468	4.829315
372	-7107.345	-7520.732	413.3868	0.2653018	1.416665	5.085774
378	-7120.976	-7532.995	412.0188	0.2747721	1.416665	5.825889
384	-7123.471	-7538.379	414.9083	0.2474398	1.64594	4.129148
390	-7106.872	-7522.464	415.5924	0.238432	1.601711	3.776608
396	-7108.642	-7522.667	414.0258	0.2170686	1.508275	4.750918
402	-7103.024	-7516.678	413.654	0.2611588	1.486219	4.904493
408	-7119.812	-7532.882	413.0703	0.2611588	1.398119	5.276973
414	-7121.02	-7533.201	412.1809	0.2905769	1.318815	5.769773
420	-7140.56	-7554.423	413.8629	0.2541516	1.585539	4.742547
426	-7115.552	-7530.192	414.6398	0.2624823	1.465042	4.361848
432	-7116.507	-7529.621	413.1144	0.2469676	1.355723	5.296307
438	-7101.008	-7514.5	413.4923	0.2816967	1.370025	5.030596
444	-7123.799	-7538.111	414.3119	0.2807856	1.421848	4.545265
450	-7125.138	-7540.166	415.0282	0.2533575	1.538232	4.113443
456	-7134.386	-7550.5	416.1142	0.265998	1.639082	3.410113
462	-7127.447	-7544.515	417.0685	0.244876	1.914077	2.707327
468	-7147.571	-7563.789	416.218	0.2358108	1.769992	3.318546
474	-7143.957	-7560.16	416.2031	0.2708387	1.693964	3.318546
480	-7134.168	-7550.654	416.4865	0.2439725	1.710394	3.182135
486	-7130.647	-7546.997	416.3499	0.2818228	1.691409	3.217509
492	-7122.341	-7538.31	415.9691	0.2726204	1.691409	3.454762
498	-7141.729	-7557.763	416.0341	0.290586	1.718907	3.375024
504	-7133.329	-7543.993	410.6634	0.2123159	1.353263	6.687387
510	-7134.992	-7546.515	411.5235	0.231219	1.37704	6.17938
516	-7121.02	-7530.903	409.8828	0.2266388	1.278949	7.126369
522	-7119.217	-7531.811	412.5941	0.2364204	1.338679	5.607635
528	-7107.83	-7522.277	414.4468	0.2113368	1.548519	4.501601
534	-7104.136	-7519.929	415.7939	0.2087184	1.601023	3.708708
540	-7118.676	-7533.998	415.3221	0.2344799	1.607255	3.934856
546	-7129.852	-7544.717	414.865	0.2312541	1.600646	4.204188
552	-7125.953	-7540.383	414.4301	0.1967986	1.551353	4.533509
558	-7117.453	-7532.458	415.0043	0.1962227	1.582378	4.192711
564	-7121.041	-7535.957	414.9165	0.2257863	1.584502	4.192711
570	-7120.677	-7535.057	414.3794	0.2621805	1.584502	4.441779
576	-7137.018	-7552.067	415.0497	0.2417496	1.582991	4.093093
582	-7139.051	-7554.296	415.2452	0.2426351	1.622753	3.957449
588	-7136.658	-7551.776	415.1174	0.2402707	1.61569	4.038133
594	-7148.159	-7565.61	417.4511	0.2466394	1.928747	2.458047
600	-7146.306	-7563.742	417.4356	0.2208821	1.729885	2.635126
606	-7130.111	-7547.437	417.326	0.2363348	1.796764	2.635126
612	-7119.597	-7536.735	417.1379	0.2460947	1.838794	2.708967
618	-7131.946	-7548.672	416.7263	0.2616684	1.871997	2.914553
624	-7127.042	-7543.955	416.9124	0.2435416	1.832889	2.854154
630	-7129.469	-7546.395	416.9263	0.2383379	1.832889	2.854154
636	-7123.104	-7540.217	417.1133	0.2529658	1.921787	2.662012
642	-7119.315	-7535.684	416.3686	0.2512603	1.774391	3.20277
648	-7136.231	-7551.773	415.5424	0.2528521	1.620855	3.77243
654	-7129.447	-7544.665	415.2176	0.2473204	1.559051	4.002525
660	-7131.778	-7545.508	413.7297	0.2468417	1.431336	4.913509
666	-7113.722	-7527.403	413.6814	0.2252998	1.537944	4.913509
672	-7098.436	-7513.775	415.3396	0.2725776	1.588481	3.878923
678	-7125.953	-7541.274	415.3211	0.2233702	1.68003	3.911263
684	-7115.659	-7530.933	415.2744	0.2299052	1.597999	3.974584
690	-7109.147	-7524.628	415.4806	0.2262049	1.597999	3.862283
696	-7118.605	-7534.402	415.797	0.2262049	1.631169	3.660695
702	-7121.128	-7536.643	415.5145	0.2650277	1.698428	3.725791
708	-7126.198	-7542.333	416.1343	0.2574559	1.657385	3.400335
714	-7102.918	-7519.408	416.4899	0.2470678	1.747947	3.152996
720	-7103.609	-7519.655	416.0461	0.2342181	1.681813	3.473573
726	-7104.054	-7520.051	415.9976	0.2433613	1.726683	3.461339
732	-7095.412	-7511.423	416.011	0.2433613	1.713221	3.461339
738	-7087.898	-7503.608	415.7096	0.2395352	1.610935	3.701891
744	-7087.68	-7503.399	415.7193	0.2395352	1.657915	3.669121
750	-7099.209	-7514.8	415.5904	0.2734648	1.699476	3.669121
756	-7105.448	-7521.572	416.1239	0.2457394	1.621571	3.445264
762	-7110.885	-7526.839	415.9543	0.2392359	1.632855	3.547707
768	-7107.919	-7524.206	416.2876	0.2161167	1.761834	3.314628
774	-7112.108	-7527.782	415.6736	0.2694575	1.626961	3.668702
780	-7115.641	-7529.793	414.1521	0.263667	1.556667	4.583113
786	-7110.401	-7525.531	415.1299	0.3054782	1.551308	3.97535
792	-7104.61	-7520.541	415.9319	0.2424216	1.662666	3.538471
798	-7096.108	-7512.335	416.2271	0.2082455	1.700096	3.399767
804	-7111.639	-7527.64	416.001	0.2318504	1.637033	3.529736
810	-7107.509	-7523.435	415.9257	0.2318504	1.712336	3.529736
816	-7116.397	-7532.529	416.1315	0.2082657	1.670875	3.472761
822	-7117.438	-7533.789	416.3515	0.2017707	1.769821	3.296898
828	-7123.554	-7539.713	416.1586	0.2364694	1.795251	3.337555
834	-7137.166	-7553.9	416.7339	0.2203265	1.795251	3.022678
840	-7101.723	-7518.415	416.6918	0.2423483	1.776973	3.022678
846	-7112.216	-7528.805	416.5888	0.2405346	1.739615	3.109422
852	-7097.29	-7513.814	416.5242	0.2461582	1.724231	3.148107
858	-7127.579	-7543.655	416.0761	0.2738703	1.680507	3.396646
864	-7129.92	-7546.891	416.9712	0.2545758	1.777491	2.834542
870	-7114.515	-7531.42	416.9045	0.2434739	1.805889	2.875387
876	-7107.694	-7524.669	416.9744	0.2380005	1.782741	2.855913
882	-7118.914	-7535.537	416.6231	0.2495821	1.73757	3.07591
888	-7139.845	-7554.955	415.1101	0.2781291	1.580483	4.007091
894	-7114.086	-7528.754	414.6675	0.2956026	1.563816	4.244583
900	-7119.525	-7533.771	414.246	0.2875825	1.553838	4.498916
906	-7126.884	-7541.88	414.9962	0.2853891	1.580884	4.061813
912	-7129.819	-7544.934	415.115	0.2440823	1.496921	4.101408
918	-7129.397	-7544.82	415.4229	0.2908261	1.621389	3.786614
924	-7117.734	-7532.209	414.4747	0.2908261	1.516796	4.386585
930	-7113.138	-7527.718	414.5797	0.2969049	1.501465	4.327815
936	-7116.387	-7531.061	414.6746	0.2969049	1.521384	4.262826
942	-7126.629	-7540.416	413.7869	0.2594662	1.578996	4.781041
948	-7106.659	-7521.509	414.8497	0.2620814	1.501443	4.223018
954	-7117.229	-7532.469	415.2403	0.2620814	1.567235	3.963066
960	-7118.426	-7533.452	415.0258	0.2620814	1.550943	4.09485
966	-7119.559	-7534.076	414.5167	0.2620814	1.514748	4.403842
972	-7110.472	-7525.171	414.699	0.2490617	1.514748	4.31984
978	-7138.537	-7551.244	412.7071	0.2950827	1.34816	5.459031
984	-7141.322	-7553.817	412.4954	0.2765307	1.34816	5.599896
990	-7125.832	-7538.503	412.6707	0.2450011	1.384172	5.527912
996	-7114.581	-7525.995	411.414	0.2408561	1.352226	6.238224
1002	-7130.492	-7542.845	412.3524	0.2871349	1.242251	5.722302
1008	-7129.424	-7541.118	411.6938	0.2601001	1.319838	6.076246
1014	-7135.173	-7547.427	412.2535	0.3149942	1.299962	5.709389
1020	-7135.83	-7548.97	413.1407	0.3149942	1.392777	5.169712
1026	-7119.243	-7533.46	414.2171	0.2988905	1.432742	4.568185
1032	-7141.819	-7555.332	413.5126	0.2765094	1.432742	4.991536
1038	-7123.806	-7537.246	413.4405	0.3125448	1.419849	4.991536
1044	-7131.884	-7547.204	415.3198	0.2675952	1.526882	3.932727
1050	-7136.369	-7551.585	415.2156	0.2776724	1.56551	3.955985
1056	-7136.521	-7552.4	415.8793	0.2599917	1.614845	3.570213
1062	-7139.287	-7555.08	415.7922	0.2847122	1.59141	3.598851
1068	-7131.405	-7545.164	413.7591	0.2501128	1.486818	4.861476
1074	-7134.647	-7548.452	413.8051	0.2613839	1.486818	4.819596
1080	-7137.727	-7549.879	412.1517	0.2748967	1.383846	5.770959
1086	-7133.042	-7545.016	411.9739	0.2748967	1.307105	5.910127
1092	-7126.5	-7538.819	412.3195	0.2843063	1.38879	5.663737
1098	-7125.979	-7537.472	411.4936	0.2790229	1.401665	6.115011
1104	-7125.228	-7537.317	412.0889	0.2790229	1.321966	5.833648
1110	-7110.966	-7523.346	412.3796	0.2961508	1.456212	5.578288
1116	-7123.264	-7536.626	413.3619	0.2787211	1.456212	5.05916
1122	-7139.196	-7554.092	414.8959	0.2323175	1.596577	4.187328
1128	-7127.83	-7543.849	416.0193	0.2759346	1.673152	3.431249
1134	-7119.619	-7532.53	412.9105	0.2594439	1.445273	5.341581
1140	-7120.939	-7534.546	413.6076	0.2594439	1.470228	4.94165
1146	-7105.522	-7519.879	414.3564	0.2356276	1.531561	4.523691
1152	-7121.168	-7535.664	414.4956	0.2745653	1.531561	4.38865
1158	-7133.85	-7548.381	414.5315	0.2335252	1.601989	4.38865
1164	-7137.952	-7552.182	414.2299	0.2610214	1.484514	4.583705
1170	-7119.366	-7533.58	414.2149	0.2403758	1.553398	4.583705
1176	-7117.209	-7530.624	413.4154	0.2552618	1.483737	5.046862
1182	-7126.135	-7539.405	413.2699	0.2533643	1.480161	5.132275
1188	-7115.396	-7530.447	415.051	0.2358441	1.480161	4.159868
1194	-7136.547	-7551.175	414.6284	0.2463965	1.522876	4.359141
1200	-7122.479	-7536.337	413.8579	0.2404333	1.507455	4.809103
1206	-7127.743	-7543.003	415.2596	0.232801	1.574876	3.991745
1212	-7123.253	-7538.018	414.7651	0.2424478	1.594543	4.247134
1218	-7125.055	-7539.571	414.5154	0.2236648	1.536798	4.449806
1224	-7116.57	-7532.174	415.6043	0.2482939	1.605428	3.752491
1230	-7110.209	-7525.631	415.4213	0.2453918	1.59938	3.86566
1236	-7121.908	-7537.463	415.5544	0.2476358	1.680366	3.739023
1242	-7105.002	-7520.522	415.5201	0.2733016	1.649282	3.739023
1248	-7114.829	-7530.822	415.9926	0.2444965	1.707321	3.473784
1254	-7098.271	-7514.047	415.7761	0.2362579	1.694655	3.620035
1260	-7119.114	-7535.377	416.2633	0.2670158	1.601639	3.343074
1266	-7106.957	-7522.882	415.9248	0.2544261	1.648592	3.532417
1272	-7095.514	-7511.146	415.6313	0.2227979	1.640037	3.756836
1278	-7111.089	-7526.401	415.3112	0.2182011	1.521721	4.01585
1284	-7118.002	-7533.722	415.7203	0.2029132	1.619332	3.750483
1290	-7108.833	-7523.478	414.6446	0.2532715	1.561503	4.317972
1296	-7116.279	-7531.016	414.737	0.2576796	1.496979	4.29579
1302	-7110.02	-7522.985	412.9649	0.268665	1.470309	5.284873
1308	-7110.165	-7524.315	414.1502	0.3048354	1.451798	4.587313
1314	-7116.575	-7531.597	415.0214	0.2443693	1.56078	4.117857
1320	-7121.222	-7536.567	415.3447	0.235635	1.56078	3.946701
1326	-7122.871	-7537.746	414.8752	0.2281093	1.562536	4.224961
1332	-7116.449	-7532.04	415.5917	0.2532946	1.597993	3.756522
1338	-7119.732	-7533.889	414.1565	0.2291126	1.523655	4.650286
1344	-7137.487	-7550.958	413.4708	0.2566999	1.510618	4.999114
1350	-7138.086	-7551.736	413.6502	0.2131152	1.449779	4.999114
1356	-7122.383	-7536.452	414.0685	0.2408668	1.458649	4.718096
1362	-7134.592	-7548.98	414.3874	0.2408668	1.49824	4.517094
1368	-7135.434	-7550.655	415.2212	0.290001	1.511545	3.966605
1374	-7136.077	-7551.601	415.5243	0.2790614	1.645142	3.73079
1380	-7128.3	-7544.468	416.1675	0.2338343	1.733712	3.37272
1386	-7138.456	-7555.022	416.5662	0.2459166	1.76519	3.099103
1392	-7121.406	-7538.142	416.7364	0.2573291	1.786451	2.966677
1398	-7137.013	-7553.646	416.6333	0.2573291	1.819773	3.008588
1404	-7121.004	-7537.528	416.5245	0.2352581	1.752196	3.148662
1410	-7111.965	-7528.474	416.5093	0.2407568	1.752556	3.148662
1416	-7119.097	-7535.61	416.5137	0.2371097	1.752556	3.151873
1422	-7121.345	-7537.847	416.502	0.2371097	1.764264	3.151873
1428	-7127.329	-7543.832	416.503	0.2495	1.730356	3.151873
1434	-7132.049	-7549.063	417.0132	0.2969792	1.714202	2.784023
1440	-7107.897	-7524.266	416.3687	0.2499211	1.671614	3.265574
1446	-7118.49	-7534.307	415.8173	0.307022	1.689594	3.496596
1452	-7114.792	-7529.553	414.761	0.2733543	1.635967	4.181009
1458	-7114.703	-7528.662	413.9585	0.2459786	1.507863	4.744501
1464	-7125.118	-7539.734	414.6159	0.2911252	1.525283	4.301611
1470	-7122.714	-7536.495	413.781	0.2680917	1.505076	4.813411
1476	-7127.119	-7541.939	414.8194	0.2436854	1.461985	4.289595
1482	-7132.108	-7544.433	412.3256	0.2636803	1.371672	5.697714
1488	-7141.68	-7555.005	413.3248	0.2511874	1.485482	5.10203
1494	-7131.174	-7544.426	413.2524	0.2718565	1.505307	5.10203
1500	-7136.824	-7550.181	413.3575	0.2493906	1.449446	5.106493
1506	-7136.306	-7549.253	412.9469	0.3090847	1.376701	5.2932
1512	-7135.315	-7546.937	411.6219	0.3090847	1.328501	6.046263
1518	-7119.162	-7531.338	412.1759	0.2980866	1.344633	5.748714
1524	-7126.405	-7539.899	413.494	0.252754	1.47534	5.011489
1530	-7139.01	-7552.66	413.65	0.252754	1.417261	4.957078
1536	-7122.281	-7536.831	414.5506	0.2576235	1.47197	4.415257
1542	-7138.775	-7553.237	414.4617	0.2576235	1.56091	4.415257
1548	-7135.663	-7550.866	415.2026	0.2432843	1.565107	4.013728
1554	-7124.429	-7539.62	415.1909	0.2568975	1.565107	4.000085
1560	-7133.536	-7547.994	414.4576	0.2157498	1.549176	4.488002
1566	-7130.037	-7545.559	415.5217	0.2381108	1.642653	3.794201
1572	-7129.414	-7545.328	415.9137	0.2161457	1.61715	3.617578
1578	-7135.756	-7550.619	414.8627	0.2328432	1.629997	4.186399
1584	-7123.608	-7535.16	411.5521	0.2428491	1.41778	6.124555
1590	-7115.493	-7527.523	412.0296	0.2471178	1.42874	5.851902
1596	-7117.995	-7531.88	413.8853	0.2840888	1.541098	4.71309
1602	-7114.882	-7531.613	416.7308	0.2447617	1.702838	3.039889
1608	-7135.452	-7551.986	416.5344	0.2727494	1.770818	3.073825
1614	-7118.103	-7533.793	415.6901	0.2121618	1.597951	3.764602
1620	-7110.072	-7525.638	415.566	0.2248268	1.686153	3.764602
1626	-7103.467	-7517.869	414.4024	0.2214971	1.519964	4.52627
1632	-7125.748	-7539.865	414.1173	0.235172	1.467461	4.694432
1638	-7127.849	-7540.866	413.017	0.2579843	1.395316	5.312405
1644	-7126.132	-7539.478	413.3459	0.2595464	1.491057	5.07527
1650	-7109.556	-7522.488	412.9318	0.2308177	1.374848	5.410427
1656	-7129.135	-7542.09	412.9553	0.2340225	1.374848	5.392644
1662	-7134.725	-7546.834	412.1096	0.251385	1.30124	5.871716
1668	-7125.076	-7537.629	412.5521	0.2516495	1.382785	5.584273
1674	-7137.979	-7551.86	413.8806	0.2878915	1.523191	4.72064
1680	-7142.22	-7556.734	414.5135	0.2264197	1.61427	4.402919
1686	-7130.595	-7545.177	414.5822	0.2310845	1.532663	4.402919
1692	-7118.17	-7532.54	414.3701	0.2666516	1.555009	4.457261
1698	-7122.458	-7536.804	414.3465	0.2666516	1.57865	4.457261
1704	-7125.363	-7541.069	415.7057	0.2399553	1.657927	3.676357
1710	-7115.773	-7531.418	415.6451	0.2283785	1.673717	3.72043
1716	-7123.521	-7537.835	414.3141	0.2461974	1.610643	4.487146
1722	-7115.853	-7530.324	414.4716	0.2529766	1.577802	4.406926
1728	-7111.885	-7526.827	414.9428	0.2382312	1.558595	4.173153
1734	-7120.446	-7534.794	414.3475	0.2257917	1.559921	4.527932
1740	-7121.009	-7535.782	414.7722	0.2412284	1.559921	4.264613
1746	-7124.652	-7537.724	413.0717	0.2643769	1.406302	5.26717
1752	-7112.293	-7525.769	413.4768	0.2512311	1.473829	5.024112
1758	-7126.958	-7540.941	413.983	0.2506356	1.454208	4.753966
1764	-7120.85	-7534.126	413.2755	0.2584398	1.496138	5.113041
1770	-7122.493	-7534.605	412.1128	0.2586455	1.425905	5.791583
1776	-7123.996	-7537.489	413.4922	0.2398627	1.469613	5.034581
1782	-7129.996	-7543.705	413.7089	0.2850058	1.460803	4.855176
1788	-7111.776	-7526.35	414.5749	0.2799958	1.463766	4.374673
1794	-7122.371	-7535.147	412.7764	0.2375689	1.34172	5.504101
1800	-7120.647	-7534.07	413.4228	0.2527677	1.40594	5.089496
1806	-7120.393	-7533.087	412.6943	0.2476213	1.40718	5.498507
1812	-7109.34	-7523.381	414.0414	0.2434163	1.464916	4.72597
1818	-7120.149	-7533.65	413.5011	0.2534677	1.464193	5.012701
1824	-7134.293	-7546.957	412.6647	0.2359856	1.426887	5.521014
1830	-7141.719	-7555.023	413.3039	0.2359856	1.491008	5.13291
1836	-7137.871	-7551.292	413.421	0.2127331	1.438903	5.13291
1842	-7144.051	-7558.298	414.2474	0.246239	1.558231	4.55403
1848	-7134.663	-7548.239	413.5753	0.2274101	1.469347	5.007387
1854	-7120.186	-7534.565	414.3789	0.2274101	1.544901	4.516196
1860	-7107.231	-7521.607	414.3766	0.2516937	1.590442	4.455206
1866	-7106.108	-7521.397	415.2892	0.253155	1.475191	4.000863
1872	-7098.292	-7514.227	415.9353	0.2969192	1.635602	3.47291
1878	-7113.565	-7530.142	416.5771	0.2624802	1.747564	3.077549
1884	-7110.382	-7527.058	416.676	0.2461816	1.790835	3.017744
1890	-7098.1	-7515.316	417.2164	0.235292	1.787547	2.70995
1896	-7093.306	-7509.605	416.2992	0.2117667	1.728012	3.335025
1902	-7111.276	-7527.465	416.1895	0.2473968	1.777817	3.312488
1908	-7120.537	-7535.923	415.3854	0.2732105	1.67253	3.803352
1914	-7111.127	-7527.894	416.7668	0.305586	1.778461	2.882455
1920	-7107.172	-7524.109	416.9373	0.2481929	1.748941	2.882455
1926	-7103.848	-7520.211	416.3631	0.25243	1.736751	3.226473
1932	-7104.304	-7518.942	414.6382	0.2608762	1.550799	4.316622
1938	-7101.242	-7516.705	415.4632	0.22787	1.663694	3.831885
1944	-7103.026	-7518.406	415.3804	0.2731267	1.628196	3.831885
1950	-7115.556	-7531.597	416.0407	0.2532895	1.628196	3.478459
1956	-7101.571	-7517.476	415.9046	0.2527496	1.652868	3.544263
1962	-7114.23	-7529.745	415.5148	0.2272349	1.652868	3.809425
1968	-7114.868	-7530.613	415.7452	0.259369	1.636005	3.636726
1974	-7132.178	-7546.8	414.6218	0.2717771	1.508018	4.334571
1980	-7104.221	-7518.859	414.6385	0.2587416	1.545936	4.322238
1986	-7118.157	-7532.296	414.139	0.2587416	1.468564	4.646929
1992	-7107.903	-7522.366	414.4625	0.2381808	1.500023	4.477883
1998	-7122.7	-7537.122	414.4218	0.2475073	1.559594	4.453265
2004	-7103.162	-7516.907	413.7453	0.2465315	1.36367	4.942919
2010	-7099.623	-7511.81	412.1874	0.2609399	1.346155	5.791174
2016	-7115.11	-7527.475	412.3651	0.2488659	1.506131	5.623202
2022	-7107.188	-7520.376	413.1877	0.2514138	1.434046	5.206115
2028	-7125.09	-7539.548	414.4578	0.2705711	1.444362	4.464661
2034	-7116.545	-7530.998	414.4522	0.2705711	1.512268	4.429599
2040	-7126.677	-7541.805	415.1275	0.2670751	1.570663	4.018384
2046	-7125.788	-7540.771	414.9836	0.2762678	1.617558	4.06071
2052	-7125.125	-7541.545	416.4195	0.228115	1.69402	3.256951
2058	-7110.918	-7527.312	416.3935	0.2604052	1.634334	3.256951
2064	-7101.921	-7518.079	416.1582	0.263558	1.726974	3.336329
2070	-7120.399	-7536.115	415.7159	0.2472617	1.646832	3.66564
2076	-7121.912	-7537.615	415.7025	0.2476277	1.659209	3.66564
2082	-7120.792	-7535.492	414.6998	0.2509834	1.468927	4.342455
2088	-7119.031	-7534.162	415.1318	0.2678408	1.694699	3.943932
2094	-7120.145	-7535.327	415.1827	0.2767463	1.642077	3.932272
2100	-7113.736	-7529.044	415.3084	0.2490965	1.688454	3.873746
2106	-7125.944	-7541.224	415.2796	0.2680329	1.66881	3.873746
2112	-7130.482	-7545.138	414.6566	0.2992728	1.597179	4.226941
2118	-7134.259	-7549.038	414.7796	0.2517897	1.621598	4.209669
2124	-7127.085	-7541.791	414.7063	0.2763667	1.637694	4.206845
2130	-7133.922	-7548.822	414.9003	0.2999871	1.512157	4.135883
2136	-7139.356	-7553.066	413.7092	0.2660772	1.525655	4.844826
2142	-7144.538	-7559.375	414.8364	0.257333	1.5307	4.220871
2148	-7134.961	-7549.785	414.824	0.257333	1.543079	4.220871
2154	-7145.632	-7559.541	413.9088	0.2631308	1.542647	4.72804
2160	-7143.542	-7557.752	414.2103	0.2284349	1.492092	4.638918
2166	-7139.455	-7554.467	415.0119	0.2692985	1.599661	4.064607
2172	-7151.013	-7565.993	414.9796	0.2602893	1.654744	4.064607
2178	-7142.523	-7558.02	415.4973	0.2305288	1.638383	3.822591
2184	-7146.191	-7561.416	415.225	0.2625422	1.569526	3.969847
2190	-7142.004	-7556.176	414.1714	0.268174	1.499375	4.598073
2196	-7116.537	-7530.235	413.6984	0.2659087	1.526598	4.850573
2202	-7127.805	-7544.203	416.3981	0.2805965	1.647583	3.21667
2208	-7147.451	-7564.288	416.8371	0.2403624	1.743905	2.958479
2214	-7133.274	-7549.985	416.7107	0.2648385	1.748035	2.993716
2220	-7125.337	-7541.846	416.5092	0.2868664	1.644226	3.143764
2226	-7125.787	-7540.883	415.0958	0.2852797	1.572537	4.009874
2232	-7133.812	-7549.761	415.9493	0.2505788	1.572537	3.568275
2238	-7129.043	-7545.512	416.469	0.2552607	1.67742	3.194605
2244	-7124.447	-7540.895	416.4486	0.2425794	1.753934	3.181024
2250	-7115.895	-7532.779	416.8834	0.2440637	1.755308	2.917781
2256	-7123.718	-7540.586	416.8685	0.2440637	1.755308	2.926753
2262	-7110.198	-7527.494	417.2955	0.2369607	1.749514	2.681958
2268	-7121.078	-7538.029	416.9507	0.2646849	1.857584	2.782563
2274	-7120.295	-7537.459	417.1639	0.2228299	1.81645	2.745467
2280	-7096.569	-7513.942	417.3732	0.2525241	1.868908	2.534541
2286	-7117.593	-7535.139	417.5461	0.2265939	1.886488	2.458995
2292	-7121.191	-7538.566	417.3754	0.2523451	1.888367	2.521334
2298	-7120.676	-7538.066	417.3895	0.2523451	1.888367	2.512553
2304	-7109.536	-7522.905	413.3688	0.2681782	1.352088	5.127508
2310	-7122.155	-7534.345	412.1903	0.2515825	1.4208	5.761926
2316	-7126.063	-7539.027	412.9638	0.2371118	1.538676	5.292985
2322	-7124.248	-7536.992	412.7434	0.287392	1.392249	5.424822
2328	-7111.736	-7524.523	412.7877	0.2157171	1.384378	5.507767
2334	-7108.403	-7521.248	412.8456	0.2465019	1.423637	5.407768
2340	-7131.927	-7544.902	412.9753	0.2454741	1.42043	5.339529
2346	-7104.278	-7518.694	414.4161	0.2390521	1.644857	4.421101
2352	-7118.054	-7532.925	414.8711	0.2815975	1.513486	4.176549
2358	-7128.754	-7543.151	414.3972	0.2387706	1.489946	4.519391
2364	-7128.762	-7542.039	413.2767	0.2208104	1.361059	5.243062
2370	-7125.411	-7538.596	413.1853	0.2855153	1.45402	5.149124
2376	-7106.752	-7519.453	412.7015	0.2898462	1.463759	5.405277
2382	-7121.073	-7533.764	412.6903	0.2995043	1.4937	5.38237
2388	-7100.681	-7514.266	413.5857	0.2520982	1.441271	4.980442
2394	-7120.53	-7532.962	412.4321	0.299313	1.393176	5.58002
2400	-7121.605	-7536.207	414.602	0.2281156	1.580203	4.369512
2406	-7120.468	-7532.766	412.2983	0.2563695	1.471877	5.66796
2412	-7109.432	-7521.778	412.3456	0.2307732	1.38442	5.727259
2418	-7110.331	-7522.67	412.3388	0.2500302	1.384732	5.702539
2424	-7116.865	-7528.893	412.0282	0.2105597	1.41207	5.916898
2430	-7114.579	-7529.096	414.517	0.2577235	1.453428	4.444504
2436	-7119.221	-7530.974	411.7531	0.2638143	1.503705	5.93847
2442	-7125.373	-7539.388	414.0149	0.2485306	1.64779	4.630819
2448	-7113.321	-7527.741	414.4207	0.218829	1.624456	4.461446
2454	-7116.078	-7531.521	415.4432	0.2621039	1.624456	3.813768
2460	-7128.606	-7543.618	415.0122	0.2453219	1.634416	4.079756
2466	-7125.317	-7541.867	416.5504	0.2453219	1.714654	3.13953
2472	-7123.155	-7537.665	414.5104	0.2589647	1.522872	4.407303
2478	-7104.398	-7519.596	415.1983	0.2589647	1.517227	4.020223
2484	-7120.733	-7533.493	412.7593	0.2442143	1.384545	5.480171
2490	-7132.579	-7545.293	412.7145	0.2570335	1.395858	5.480171
2496	-7137.859	-7552.35	414.4912	0.2175515	1.414017	4.542194
2502	-7097.066	-7512.127	415.0604	0.2184548	1.548474	4.143109
2508	-7098.202	-7513.506	415.3039	0.2456955	1.579033	3.944213
2514	-7091.558	-7506.902	415.344	0.2295689	1.608131	3.929463
2520	-7114.855	-7529.404	414.5496	0.2681668	1.616167	4.319324
2526	-7135.392	-7549.462	414.0702	0.2369671	1.51954	4.688951
2532	-7116.261	-7528.553	412.2914	0.2502114	1.387737	5.726594
2538	-7125.639	-7536.937	411.2981	0.2303101	1.284756	6.353325
2544	-7135.05	-7546.351	411.3011	0.2438277	1.448168	6.243155
2550	-7139.316	-7553.039	413.7233	0.2711892	1.441952	4.876484
2556	-7132.258	-7546.374	414.1155	0.2616785	1.510587	4.632335
2562	-7110.256	-7525.189	414.9327	0.2419379	1.594464	4.152874
2568	-7131.859	-7545.808	413.9491	0.24011	1.441748	4.795379
2574	-7120.422	-7536.063	415.6413	0.2431692	1.564572	3.762513
2580	-7124.569	-7540.177	415.6075	0.2431692	1.598371	3.762513
2586	-7114.852	-7530.195	415.3422	0.2361353	1.579273	3.936766
2592	-7112.654	-7527.877	415.2221	0.2413971	1.556173	4.010564
2598	-7117.825	-7532.155	414.3296	0.2423196	1.536475	4.525904
2604	-7119.35	-7533.03	413.6806	0.2587785	1.565696	4.848765
2610	-7104.85	-7517.398	412.5488	0.2842276	1.425223	5.517923
2616	-7118.418	-7531.211	412.7933	0.2221141	1.433249	5.46783
2622	-7107.184	-7519.312	412.1276	0.2677259	1.406175	5.781691
2628	-7114.729	-7528.685	413.9561	0.2410005	1.471102	4.773736
2634	-7133.558	-7550.536	416.9785	0.2686045	1.740996	2.830616
2640	-7123.246	-7537.982	414.7364	0.2472268	1.514723	4.301468
2646	-7120.821	-7535.415	414.5941	0.2791655	1.57608	4.301468
2652	-7129.277	-7543.12	413.8429	0.2787175	1.440018	4.800558
2658	-7144.972	-7557.676	412.7039	0.2890054	1.378711	5.45187
2664	-7139.71	-7552.939	413.2294	0.3169176	1.431062	5.096971
2670	-7130.474	-7543.882	413.4082	0.2612417	1.498815	5.03402
2676	-7134.891	-7547.841	412.9497	0.2579117	1.431065	5.329932
2682	-7140.777	-7553.748	412.9715	0.2491998	1.43189	5.329932
2688	-7129.871	-7543.923	414.0517	0.2526587	1.50029	4.686837
2694	-7112.466	-7526.196	413.7296	0.2484201	1.389735	4.934384
2700	-7133.705	-7549.203	415.4975	0.2353516	1.590232	3.842583
2706	-7137.809	-7552.502	414.6923	0.3025551	1.502406	4.256076
2712	-7134.519	-7548.597	414.0782	0.252534	1.474223	4.686757
2718	-7119.504	-7534.628	415.1236	0.2636238	1.520467	4.054212
2724	-7128.587	-7544.249	415.6626	0.2765871	1.621393	3.668075
2730	-7132.607	-7548.228	415.6217	0.2238258	1.561419	3.805965
2736	-7128.215	-7543.55	415.3347	0.2604702	1.669787	3.852509
2742	-7148.362	-7563.923	415.5604	0.2580335	1.611712	3.759594
2748	-7132.995	-7548.253	415.258	0.2580335	1.517446	3.987353
2754	-7131.626	-7545.218	413.5928	0.234387	1.42511	5.011602
2760	-7121.947	-7536.885	414.9384	0.2756559	1.566979	4.116123
2766	-7135.765	-7550.893	415.1284	0.2570676	1.67878	3.970614
2772	-7116.885	-7530.58	413.6948	0.2772959	1.472645	4.86688
2778	-7112.767	-7526.221	413.4541	0.2864326	1.374524	5.042992
2784	-7111.993	-7526.247	414.254	0.2526134	1.4996	4.573866
2790	-7098.099	-7512.762	414.6622	0.2797527	1.492204	4.309595
2796	-7105.34	-7519.992	414.6515	0.2478867	1.58343	4.309595
2802	-7111.596	-7526.273	414.6767	0.2387061	1.57148	4.315929
2808	-7115.528	-7530.893	415.3654	0.2348019	1.600091	3.913637
2814	-7109.653	-7525.287	415.6346	0.243857	1.656066	3.712524
2820	-7124.938	-7540.777	415.8391	0.2505236	1.597661	3.617747
2826	-7122.16	-7537.881	415.721	0.2342567	1.650934	3.680421
2832	-7128.672	-7544.317	415.6452	0.255864	1.758223	3.629073
2838	-7122.433	-7539.261	416.8282	0.2644668	1.74403	2.926015
2844	-7135.621	-7552.53	416.9083	0.2222919	1.731798	2.952739
2850	-7135.036	-7551.476	416.4392	0.218376	1.70764	3.253362
2856	-7116.893	-7533.178	416.2853	0.2888858	1.678372	3.253362
2862	-7125.558	-7541.506	415.9478	0.2823904	1.693218	3.452152
2868	-7102.53	-7519.017	416.4873	0.2474306	1.760798	3.146354
2874	-7120.728	-7537.192	416.4634	0.2462561	1.716748	3.188513
2880	-7117.728	-7534.169	416.4411	0.2467573	1.754354	3.178644
2886	-7111.408	-7527.429	416.0207	0.2416782	1.708309	3.461177
2892	-7110.268	-7525.28	415.0124	0.2711841	1.588376	4.068106
2898	-7130.583	-7545.626	415.0429	0.2490467	1.588376	4.082919
2904	-7117.311	-7532.843	415.532	0.249735	1.636421	3.774126
2910	-7117.473	-7532.095	414.6217	0.2425865	1.622971	4.312065
2916	-7107.876	-7522.291	414.4146	0.2293489	1.622971	4.449152
2922	-7094.704	-7510.194	415.4893	0.2284434	1.524483	3.895897
2928	-7103.575	-7517.903	414.3282	0.2284434	1.516361	4.559152
2934	-7113.869	-7528.009	414.1397	0.2520193	1.547361	4.612062
2940	-7116.55	-7530.785	414.2359	0.2300991	1.494398	4.620705
2946	-7121.069	-7535.895	414.8264	0.2320771	1.539273	4.259594
2952	-7125.133	-7540.187	415.0535	0.2124421	1.582638	4.137392
2958	-7128.433	-7543.261	414.8281	0.2299255	1.549746	4.25607
2964	-7130.698	-7546.452	415.7537	0.2845341	1.66036	3.581431
2970	-7110.858	-7526.026	415.1678	0.3103798	1.571531	3.935642
2976	-7128.554	-7543.117	414.5636	0.2665671	1.581779	4.333105
2982	-7103.361	-7517.035	413.6741	0.2739079	1.486577	4.875278
2988	-7122.685	-7537.549	414.8637	0.2858357	1.566277	4.14499
2994	-7121.367	-7536.703	415.3364	0.2521564	1.555995	3.929081
3000	-7114.669	-7528.275	413.6061	0.3151857	1.499183	4.85186
3006	-7118.976	-7532.363	413.3866	0.2958567	1.496293	5.000401
3012	-7108.755	-7523.146	414.3907	0.2843492	1.49454	4.45521
3018	-7118.451	-7532.891	414.4402	0.2843891	1.477699	4.436759
3024	-7119.807	-7534.969	415.1617	0.2892494	1.517028	3.998496
3030	-7127.622	-7542.958	415.3359	0.2580821	1.643327	3.870524
3036	-7126.974	-7543.351	416.3775	0.2580821	1.636509	3.268637
3042	-7118.12	-7534.239	416.1192	0.2551653	1.607483	3.441822
3048	-7129.215	-7544.869	415.6539	0.2434816	1.594349	3.737561
3054	-7131.007	-7545.83	414.8234	0.2722953	1.544793	4.198841
3060	-7117.328	-7532.843	415.5149	0.2825099	1.539973	3.792025
3066	-7106.217	-7520.973	414.7565	0.2853374	1.539973	4.221442
3072	-7118.962	-7534.853	415.8901	0.2478194	1.607734	3.586383
3078	-7119.024	-7534.42	415.3964	0.2478194	1.647679	3.848548
3084	-7138.357	-7554.383	416.0261	0.317066	1.721578	3.342214
3090	-7110.89	-7525.955	415.0645	0.2969934	1.548704	4.025482
3096	-7118.264	-7533.287	415.0234	0.3021543	1.577787	4.025482
3102	-7101.955	-7517.266	415.3106	0.3089417	1.589367	3.845367
3108	-7126.039	-7542.088	416.0493	0.3097885	1.621246	3.397162
3114	-7112.985	-7527.613	414.6276	0.2768059	1.506909	4.324881
3120	-7135.16	-7549.108	413.948	0.2447957	1.452712	4.782899
3126	-7122.815	-7537.017	414.2026	0.3134239	1.481471	4.530179
3132	-7116.991	-7531.467	414.4756	0.2957825	1.504903	4.386151
3138	-7115.967	-7529.251	413.2847	0.3111047	1.388147	5.097405
3144	-7112.774	-7525.411	412.637	0.2723493	1.382909	5.508646
3150	-7115.655	-7528.415	412.76	0.2815963	1.448275	5.392506
3156	-7131.318	-7544.564	413.246	0.2776619	1.446403	5.130304
3162	-7125.552	-7538.054	412.5015	0.2781294	1.447176	5.54002
3168	-7121.022	-7533.159	412.1368	0.2631959	1.251302	5.867571
3174	-7125.196	-7538.904	413.7075	0.2522877	1.364863	4.954915
3180	-7142.231	-7554.549	412.3184	0.2893505	1.289991	5.711899
3186	-7118.224	-7530.06	411.8357	0.2706796	1.316904	5.985924
3192	-7116.752	-7531.724	414.9713	0.2696365	1.434717	4.18112
3198	-7119.055	-7533.712	414.6569	0.2960673	1.549082	4.258283
3204	-7128.1	-7542.759	414.6595	0.3058951	1.462013	4.293193
3210	-7123.702	-7538.857	415.1552	0.2985844	1.541215	3.975822
3216	-7101.784	-7516.936	415.1512	0.2519251	1.522096	4.054648
3222	-7119.39	-7533.985	414.5944	0.2471044	1.512278	4.383262
3228	-7111.942	-7526.983	415.0409	0.2471044	1.509707	4.131748
3234	-7140.202	-7554.048	413.8458	0.2382868	1.603061	4.765714
3240	-7124.57	-7540.756	416.1859	0.2488077	1.750753	3.328354
3246	-7113.21	-7530.028	416.8178	0.2477971	1.780221	2.936359
3252	-7113.835	-7530.638	416.8023	0.2676871	1.73119	2.944484
3258	-7119.342	-7536.184	416.8418	0.2630027	1.70351	2.944484
3264	-7132.479	-7548.583	416.1044	0.2630027	1.724108	3.370408
3270	-7166.088	-7580.52	414.4327	0.2420154	1.40037	4.544927
3276	-7144.347	-7558.6	414.2527	0.2327882	1.418545	4.64964
3282	-7135.191	-7550.482	415.2912	0.2327882	1.659839	3.925034
3288	-7113.553	-7530.082	416.5291	0.245225	1.683416	3.170949
3294	-7112.814	-7529.175	416.3613	0.2435081	1.591375	3.32719
3300	-7139.576	-7555.043	415.4666	0.23812	1.627386	3.834729
3306	-7117.765	-7532.302	414.5367	0.2449584	1.615048	4.361015
3312	-7106.525	-7521.896	415.371	0.2427514	1.626159	3.883203
3318	-7121.816	-7537.335	415.5182	0.1911759	1.626159	3.883203
3324	-7104.821	-7520.861	416.0394	0.2131076	1.632009	3.540955
3330	-7101.456	-7517.727	416.2717	0.2540194	1.619466	3.347137
3336	-7115.58	-7531.049	415.4692	0.2538931	1.611254	3.818559
3342	-7117.375	-7532.002	414.6266	0.2222601	1.611254	4.347317
3348	-7109.982	-7524.61	414.6277	0.2587847	1.512328	4.347317
3354	-7110.343	-7522.929	412.5863	0.2495849	1.519054	5.493571
3360	-7105.581	-7518.731	413.1496	0.2639187	1.486585	5.180331
3366	-7100.339	-7512.797	412.4579	0.2102487	1.488563	5.640313
3372	-7126.071	-7541.42	415.3483	0.2787272	1.63307	3.839633
3378	-7117.378	-7532.409	415.0305	0.2221927	1.535117	4.161706
3384	-7136.025	-7549.898	413.8726	0.2476609	1.490303	4.799787
3390	-7114.415	-7527.829	413.4136	0.2330324	1.490303	5.076955
3396	-7115.411	-7527.273	411.8614	0.2470462	1.467487	5.922721
3402	-7120.763	-7536.833	416.0696	0.2647109	1.691591	3.407366
3408	-7106.163	-7522.141	415.9784	0.2168189	1.669672	3.548356
3414	-7144.426	-7558.19	413.7648	0.2470046	1.547403	4.829046
3420	-7127.332	-7540.581	413.2486	0.2511695	1.510023	5.130655
3426	-7134.833	-7548.683	413.8503	0.2496471	1.521067	4.79215
3432	-7124.308	-7538.149	413.8409	0.2429111	1.548208	4.79215
3438	-7122.314	-7536.478	414.1636	0.230722	1.46671	4.67573
3444	-7115.687	-7530.049	414.362	0.2288043	1.508054	4.544249
3450	-7112.494	-7526.723	414.2288	0.2427207	1.505996	4.599002
3456	-7123.866	-7537.363	413.4971	0.229488	1.537133	5.00999
3462	-7118.503	-7532.543	414.04	0.2610567	1.431717	4.719669
3468	-7120.632	-7535.182	414.5497	0.2462658	1.485918	4.424589
3474	-7126.579	-7541.704	415.1247	0.2570796	1.607679	4.013365
3480	-7116.883	-7531.654	414.7714	0.2688248	1.683947	4.154237
3486	-7105.37	-7520.146	414.776	0.2046517	1.584726	4.306461
3492	-7105.504	-7520.144	414.6393	0.2457511	1.606864	4.306461
3498	-7117.005	-7531.793	414.7882	0.2366914	1.612053	4.232898
3504	-7109.641	-7523.586	413.9452	0.2366914	1.501736	4.7692
3510	-7110.408	-7524.937	414.5295	0.236206	1.463602	4.463667
3516	-7105.372	-7518.409	413.0377	0.2846677	1.395028	5.264564
3522	-7099.439	-7513.099	413.6602	0.2601853	1.428325	4.934614
3528	-7096.4	-7508.58	412.1794	0.2830808	1.457078	5.704721
3534	-7105.66	-7518.98	413.3194	0.2184711	1.40946	5.19635
3540	-7113.349	-7526.468	413.1196	0.2523058	1.462773	5.226569
3546	-7110.476	-7523.538	413.0615	0.2839972	1.441557	5.226569
3552	-7100.407	-7514.228	413.8209	0.2591935	1.508507	4.801795
3558	-7106.308	-7518.95	412.6416	0.2560705	1.435388	5.499874
3564	-7105.142	-7517.558	412.4166	0.2555117	1.461975	5.609694
3570	-7098.72	-7510.028	411.3079	0.2553333	1.319775	6.292841
3576	-7107.885	-7521.784	413.8995	0.3030375	1.446884	4.732768
3582	-7108.23	-7522.424	414.1942	0.2665888	1.514481	4.579059
3588	-7111.884	-7526.495	414.6113	0.2592486	1.585439	4.314546
3594	-7108.217	-7521.97	413.7527	0.2889462	1.418268	4.849196
3600	-7112.79	-7526.12	413.3297	0.2689792	1.412841	5.114391
3606	-7104.845	-7517.994	413.1493	0.2785098	1.412841	5.201246
3612	-7122.732	-7535.85	413.1188	0.2437835	1.436508	5.253932
3618	-7119.818	-7533.102	413.2846	0.2612494	1.446049	5.131807
3624	-7109.085	-7522.319	413.2338	0.2721271	1.469535	5.131807
3630	-7134.845	-7548.154	413.3086	0.2679105	1.408407	5.130016
3636	-7118.784	-7531.98	413.1964	0.2391813	1.509035	5.177707
3642	-7139.612	-7554.349	414.7368	0.2346337	1.51968	4.317488
3648	-7143.984	-7557.892	413.9074	0.2229902	1.449638	4.840438
3654	-7129.038	-7541.703	412.6646	0.2588206	1.414073	5.495091
3660	-7136.071	-7549.928	413.857	0.2674343	1.414073	4.822715
3666	-7129.237	-7543.327	414.09	0.2767198	1.517392	4.621749
3672	-7128.334	-7543.033	414.6993	0.262818	1.578751	4.263391
3678	-7130.465	-7544.866	414.4006	0.2618499	1.560842	4.443648
3684	-7104.6	-7518.381	413.7813	0.2618499	1.448939	4.85336
3690	-7098.599	-7512.489	413.8902	0.2679973	1.47969	4.766787
3696	-7106.51	-7519.714	413.2033	0.2416731	1.47969	5.186439
3702	-7112.322	-7525.164	412.842	0.2694792	1.38095	5.400823
3708	-7131.265	-7545.49	414.2241	0.2493002	1.498932	4.595886
3714	-7118.066	-7531.495	413.4293	0.2650491	1.469141	5.033415
3720	-7099.44	-7513.678	414.2383	0.2707953	1.510478	4.550629
3726	-7113.538	-7527.751	414.2132	0.2827657	1.506192	4.550629
3732	-7120.187	-7533.855	413.6681	0.2917655	1.506703	4.843322
3738	-7125.659	-7539.916	414.2576	0.2763539	1.544679	4.512854
3744	-7119.659	-7534.452	414.7935	0.2876701	1.594147	4.16653
3750	-7127.65	-7541.904	414.254	0.2270857	1.554821	4.581314
3756	-7117.909	-7532.166	414.2572	0.2823297	1.521916	4.517703
3762	-7121.715	-7535.439	413.7239	0.2620659	1.452002	4.883295
3768	-7123.061	-7536.228	413.1667	0.2734026	1.414819	5.197501
3774	-7114.222	-7528.236	414.0136	0.2611861	1.462767	4.716867
3780	-7139.233	-7551.969	412.7352	0.2830367	1.40041	5.430598
3786	-7140.707	-7556.023	415.3163	0.3318126	1.57261	3.822352
3792	-7150.628	-7565.071	414.4437	0.2702984	1.483194	4.451126
3798	-7146.244	-7558.425	412.1808	0.3143675	1.433754	5.676682
3804	-7138.118	-7552.681	414.5629	0.2530901	1.449676	4.427511
3810	-7145.917	-7558.718	412.8014	0.306971	1.422038	5.351141
3816	-7148.757	-7560.897	412.1403	0.311364	1.403581	5.719155
3822	-7138.39	-7550.388	411.9982	0.3106069	1.381176	5.810122
3828	-7147.598	-7558.609	411.011	0.2651733	1.327257	6.436274
3834	-7131.274	-7543.961	412.6868	0.261251	1.513582	5.424651
3840	-7125.082	-7536.549	411.4663	0.263635	1.40645	6.148041
3846	-7120.775	-7531.95	411.1741	0.2836022	1.444343	6.259528
3852	-7129.115	-7540.79	411.6743	0.2562345	1.426194	6.034282
3858	-7120.171	-7531.642	411.4714	0.332657	1.33901	6.093929
3864	-7109.423	-7521.877	412.4542	0.2856397	1.357207	5.605381
3870	-7102.293	-7515.392	413.0992	0.2626111	1.484348	5.211308
3876	-7113.426	-7526.65	413.2236	0.256971	1.434039	5.178254
3882	-7132.386	-7545.594	413.2083	0.2993309	1.34574	5.178254
3888	-7126.197	-7538.194	411.9965	0.3080249	1.362099	5.82473
3894	-7128.603	-7540.769	412.166	0.300453	1.32392	5.762463
3900	-7127.419	-7538.522	411.103	0.2841916	1.404186	6.319171
3906	-7137.158	-7550.376	413.2187	0.290384	1.396068	5.156299
3912	-7127.901	-7540.843	412.9425	0.2724019	1.371495	5.346605
3918	-7114.915	-7527.994	413.0787	0.3187464	1.429445	5.17907
3924	-7116.368	-7529.306	412.9384	0.3312351	1.364114	5.277509
3930	-7122.226	-7536.115	413.8889	0.2753139	1.451527	4.773102
3936	-7128.859	-7541.505	412.6467	0.2667283	1.39341	5.505246
3942	-7117.23	-7533.43	416.1999	0.3355531	1.688683	3.235048
3948	-7139.066	-7555.11	416.0443	0.2819146	1.629723	3.433544
3954	-7127.777	-7543.274	415.4971	0.3114274	1.507628	3.781845
3960	-7109.203	-7523.525	414.3224	0.277555	1.474343	4.514306
3966	-7113.843	-7529.184	415.3408	0.2680841	1.562564	3.899522
3972	-7124.947	-7539.515	414.5685	0.3020256	1.562564	4.292857
3978	-7101.045	-7515.635	414.5908	0.2934157	1.516923	4.317452
3984	-7125	-7541.92	416.9197	0.2862743	1.822127	2.79069
3990	-7125.67	-7542.644	416.9738	0.253301	1.809674	2.815426
3996	-7110.957	-7527.845	416.8875	0.2952779	1.792348	2.815426
4002	-7109.55	-7526.451	416.9014	0.2595237	1.821265	2.842643
4008	-7112.344	-7529.521	417.1773	0.2415978	1.821265	2.70284
4014	-7142.909	-7560.111	417.202	0.2222079	1.849668	2.70284
4020	-7126.917	-7543.948	417.0306	0.2745815	1.790279	2.759864
4026	-7116.193	-7532.835	416.6421	0.2541793	1.729045	3.06253
4032	-7096.835	-7512.957	416.1221	0.2541793	1.681047	3.398579
4038	-7123.365	-7539.281	415.9162	0.2588232	1.603379	3.557183
4044	-7122.147	-7537.095	414.9475	0.2517422	1.588184	4.133333
4050	-7114.218	-7529.184	414.9662	0.2356925	1.496437	4.199027
4056	-7108	-7522.467	414.467	0.2623994	1.524921	4.425709
4062	-7099.943	-7515.067	415.1244	0.2357945	1.563428	4.070817
4068	-7108.037	-7523.357	415.3201	0.2277609	1.531782	3.9897
4074	-7109.863	-7524.174	414.311	0.2650947	1.542715	4.499659
4080	-7093.822	-7508.715	414.893	0.2465815	1.529613	4.205232
4086	-7121.531	-7536.106	414.5751	0.2113878	1.529613	4.439895
4092	-7130.16	-7544.409	414.2485	0.2464369	1.475705	4.599432
4098	-7122.278	-7536.969	414.691	0.2343302	1.518918	4.344268
4104	-7111.089	-7526.087	414.9978	0.2501192	1.606213	4.096826
4110	-7123.446	-7538.642	415.1964	0.2246158	1.556649	4.051159
4116	-7120.535	-7534.905	414.3708	0.2396782	1.615402	4.462305
4122	-7106.831	-7521.56	414.7287	0.2396782	1.59246	4.273138
4128	-7104.225	-7519.442	415.2172	0.2066169	1.59246	4.048221
4134	-7110.656	-7524.855	414.1986	0.2490706	1.618728	4.543277
4140	-7113.734	-7528.403	414.6691	0.2457219	1.596906	4.29526
4146	-7123.235	-7539.068	415.8332	0.2467074	1.679669	3.579357
4152	-7120.652	-7536.365	415.7125	0.2292556	1.662553	3.686523
4158	-7099.96	-7515.607	415.647	0.2487855	1.696659	3.674356
4164	-7096.939	-7513.193	416.2542	0.2262299	1.696659	3.35583
4170	-7127.957	-7544.348	416.391	0.2367496	1.720832	3.244003
4176	-7097.177	-7513.083	415.9055	0.2671319	1.669237	3.512781
4182	-7108.54	-7524.505	415.9654	0.2294721	1.77739	3.472447
4188	-7130.906	-7546.371	415.4646	0.2379334	1.645788	3.825544
4194	-7137.1	-7552.702	415.6018	0.2409627	1.553767	3.794899
4200	-7118.759	-7532.567	413.8078	0.2409627	1.568165	4.80241
4206	-7104.042	-7518.792	414.7504	0.239763	1.525269	4.298801
4212	-7124.545	-7540.707	416.1621	0.2585821	1.750169	3.327809
4218	-7126.795	-7543.245	416.45	0.2305476	1.754829	3.198969
4224	-7117.21	-7533.569	416.3594	0.2465851	1.729976	3.241759
4230	-7109.495	-7525.878	416.3838	0.2500985	1.696342	3.241759
4236	-7105.306	-7520.822	415.5165	0.2696033	1.713066	3.709518
4242	-7106.605	-7523.073	416.4678	0.269255	1.681647	3.171703
4248	-7118.489	-7534.749	416.2594	0.2507438	1.717588	3.301648
4254	-7143.941	-7559.625	415.6842	0.2551193	1.646958	3.672019
4260	-7109.702	-7524.724	415.0222	0.2425007	1.646958	4.071187
4266	-7118.441	-7532.545	414.1036	0.2415242	1.549969	4.646349
4272	-7121.173	-7535.891	414.7184	0.2293839	1.556113	4.315369
4278	-7127.76	-7542.079	414.3196	0.2793944	1.523189	4.485867
4284	-7110.744	-7525.411	414.667	0.2601529	1.51017	4.32433
4290	-7120.089	-7534.763	414.6733	0.2590058	1.506784	4.32433
4296	-7114.758	-7529.445	414.687	0.2254815	1.582511	4.32433
4302	-7123.956	-7539.574	415.6182	0.2453465	1.651129	3.722543
4308	-7098.435	-7514.006	415.5705	0.2669048	1.643327	3.722543
4314	-7131.572	-7546.484	414.9123	0.2711753	1.56622	4.137742
4320	-7125.342	-7540.307	414.9648	0.228386	1.525604	4.194648
4326	-7130.934	-7544.772	413.8376	0.2307926	1.460711	4.861066
4332	-7131.859	-7544.859	412.9991	0.264315	1.505489	5.252568
4338	-7133.579	-7547.188	413.6089	0.2234609	1.712026	4.859782
4344	-7113.819	-7529.404	415.5851	0.2424266	1.694762	3.720942
4350	-7127.088	-7542.835	415.7473	0.2589933	1.70564	3.595649
4356	-7128.623	-7544.246	415.6227	0.2331235	1.722817	3.697477
4362	-7122.784	-7538.913	416.1297	0.2566018	1.722817	3.365924
4368	-7126.77	-7542.827	416.0568	0.2916329	1.709246	3.365924
4374	-7119.052	-7535.294	416.242	0.234965	1.667661	3.365924
4380	-7110.339	-7525.396	415.0576	0.234965	1.657877	4.056306
4386	-7112.28	-7527.277	414.9966	0.2631598	1.645016	4.056306
4392	-7121.145	-7536.407	415.262	0.2541505	1.525447	3.986179
4398	-7127.47	-7542.62	415.15	0.2541505	1.637465	3.986179
4404	-7128.294	-7543.547	415.2522	0.2506175	1.551679	3.982027
4410	-7113.432	-7529.339	415.9071	0.2752152	1.66194	3.504431
4416	-7125.605	-7541.331	415.7259	0.2301644	1.555259	3.739372
4422	-7120.2	-7536.19	415.9902	0.2367657	1.555259	3.575839
4428	-7123.458	-7538.929	415.4714	0.2360904	1.571298	3.867334
4434	-7122.541	-7537.096	414.5545	0.2305453	1.482852	4.447425
4440	-7126.594	-7539.824	413.23	0.2565599	1.47795	5.151017
4446	-7133.574	-7547.47	413.8958	0.2677183	1.453166	4.77885
4452	-7118.067	-7531.302	413.235	0.2499396	1.449453	5.17353
4458	-7138.838	-7553.184	414.3465	0.2340363	1.434915	4.585977
4464	-7135.226	-7547.724	412.498	0.2329415	1.495766	5.579337
4470	-7122.424	-7534.553	412.1292	0.2329415	1.411093	5.827842
4476	-7115.101	-7528.654	413.5533	0.2720237	1.434063	4.974311
4482	-7127.372	-7542.682	415.3104	0.22975	1.567178	3.971848
4488	-7124.804	-7539.302	414.4979	0.2290456	1.491654	4.476702
4494	-7125.192	-7540.551	415.3588	0.2509004	1.60446	3.89031
4500	-7126.558	-7541.511	414.953	0.2509004	1.584221	4.133685
4506	-7123.823	-7538.869	415.0458	0.286589	1.558994	4.04434
4512	-7127.582	-7541.377	413.7946	0.2658334	1.56139	4.777569
4518	-7117.051	-7531.626	414.5747	0.2356659	1.493085	4.422433
4524	-7102.617	-7517.104	414.4875	0.2686327	1.494537	4.422433
4530	-7101.933	-7516.335	414.4024	0.2589318	1.493587	4.484708
4536	-7105.663	-7520.118	414.4549	0.2375476	1.50928	4.47791
4542	-7115.916	-7529.277	413.361	0.2567468	1.460835	5.087648
4548	-7114.732	-7529.293	414.5609	0.225856	1.68888	4.334904
4554	-7110.318	-7525.954	415.6357	0.232518	1.670964	3.720888
4560	-7121.287	-7536.654	415.367	0.2280506	1.612974	3.915953
4566	-7125.98	-7541.175	415.1946	0.2329137	1.612974	4.006924
4572	-7121.246	-7536.602	415.3557	0.2599176	1.634579	3.861489
4578	-7132.863	-7548.911	416.0476	0.2309463	1.668627	3.485627
4584	-7109.036	-7525.224	416.1887	0.2421652	1.740482	3.343111
4590	-7113.158	-7529.527	416.3692	0.2421652	1.703793	3.258316
4596	-7117.195	-7533.605	416.4098	0.2379187	1.703793	3.241097
4602	-7104.04	-7520.492	416.4522	0.2332635	1.673975	3.241097
4608	-7106.818	-7523.824	417.0059	0.2449649	1.763426	2.837291
4614	-7117.139	-7533.051	415.9118	0.268623	1.635138	3.526818
4620	-7113.371	-7528.804	415.4327	0.232542	1.662977	3.842444
4626	-7121.73	-7535.913	414.1823	0.2628579	1.454452	4.624657
4632	-7127.205	-7542.59	415.3854	0.2658772	1.514834	3.904499
4638	-7148.745	-7563.404	414.6587	0.2511281	1.524581	4.334029
4644	-7112.978	-7527.115	414.137	0.2451502	1.5538	4.620094
4650	-7112.809	-7526.211	413.4018	0.2846274	1.421252	5.048461
4656	-7111.624	-7525.791	414.1669	0.2489136	1.456099	4.652508
4662	-7102.627	-7516.869	414.2423	0.2210431	1.568169	4.589857
4668	-7110.24	-7523.521	413.2809	0.3081424	1.482712	5.050821
4674	-7125.468	-7539.51	414.0417	0.2795852	1.480761	4.665453
4680	-7117.882	-7529.571	411.6895	0.2733228	1.370668	6.032791
4686	-7103.193	-7515.906	412.7129	0.2553449	1.40701	5.477322
4692	-7112.256	-7524.631	412.3742	0.2553449	1.419722	5.656363
4698	-7109.6	-7521.469	411.8693	0.2826122	1.379837	5.917245
4704	-7122.265	-7535.911	413.6455	0.2632957	1.379837	4.96536
4710	-7144.033	-7557.468	413.4341	0.2925737	1.387281	5.038855
4716	-7130.982	-7543.417	412.435	0.2925737	1.330154	5.621731
4722	-7131.414	-7543.668	412.254	0.3311534	1.423438	5.621731
4728	-7113.514	-7528.385	414.8707	0.3048213	1.470081	4.170267
4734	-7114.77	-7529.197	414.427	0.2208196	1.518288	4.514479
4740	-7128.356	-7542.285	413.9292	0.2213069	1.486142	4.810513
4746	-7118.102	-7533.113	415.0109	0.2648807	1.610075	4.065613
4752	-7092.416	-7507.384	414.9686	0.2272146	1.643574	4.12727
4758	-7130.27	-7545.235	414.9655	0.2367603	1.561523	4.160842
4764	-7102.239	-7517.196	414.9574	0.2358451	1.572062	4.160842
4770	-7114.737	-7527.243	412.5061	0.2402837	1.495384	5.564157
4776	-7144.685	-7555.785	411.0994	0.2349451	1.527543	6.322533
4782	-7124.497	-7536.176	411.6793	0.2283009	1.517769	6.02225
4788	-7114.789	-7530.039	415.2501	0.2109437	1.626935	4.00255
4794	-7122.461	-7537.243	414.7819	0.2073574	1.599806	4.290136
4800	-7117.999	-7532.708	414.7089	0.2427285	1.585929	4.28344
4806	-7110.637	-7525.378	414.7408	0.2361399	1.585335	4.275724
4812	-7126.52	-7540.686	414.166	0.2677578	1.647399	4.5186
4818	-7132.199	-7545.12	412.9216	0.2930534	1.464531	5.279223
4824	-7135.185	-7549.404	414.2188	0.2715804	1.54463	4.541316
4830	-7124.795	-7540.352	415.557	0.2803477	1.499298	3.794242
4836	-7126.36	-7541.933	415.5733	0.299655	1.5531	3.727284
4842	-7142.6	-7558.026	415.4255	0.2462739	1.629333	3.844736
4848	-7117.797	-7533.302	415.5049	0.2303624	1.592769	3.844736
4854	-7106.163	-7522.089	415.9263	0.2588814	1.639873	3.529984
4860	-7115.402	-7531.412	416.0101	0.2390159	1.608121	3.529984
4866	-7116.24	-7531.123	414.8831	0.2556465	1.536431	4.193587
4872	-7118.522	-7532.597	414.075	0.2797092	1.484009	4.644798
4878	-7109.983	-7525.238	415.2552	0.223508	1.457486	4.075931
4884	-7111.114	-7525.019	413.9052	0.2556904	1.47621	4.777792
4890	-7108.937	-7522.163	413.2258	0.235851	1.445152	5.201745
4896	-7127.134	-7540.888	413.7542	0.2774984	1.445152	4.848792
4902	-7111.619	-7524.874	413.2557	0.2437488	1.479817	5.154255
4908	-7136.146	-7549.877	413.7309	0.2383569	1.438386	4.921497
4914	-7121.23	-7534.909	413.6792	0.2381006	1.490802	4.921497
4920	-7120.852	-7534.364	413.5118	0.2452937	1.500196	4.998692
4926	-7126.27	-7541.452	415.1819	0.2301106	1.500196	4.082903
4932	-7143.11	-7557.437	414.3271	0.2663795	1.479297	4.524447
4938	-7113.372	-7525.335	411.963	0.2505967	1.457827	5.867397
4944	-7115.673	-7529.269	413.5956	0.2805833	1.351662	4.984951
4950	-7109.991	-7524.344	414.3534	0.2787897	1.575024	4.438503
4956	-7117.133	-7530.761	413.6285	0.2535894	1.467236	4.940054
4962	-7118.235	-7531.908	413.673	0.2559933	1.416524	4.940054
4968	-7132.126	-7543.817	411.6911	0.3120884	1.377485	5.978118
4974	-7120.257	-7533.659	413.4021	0.3041312	1.449513	5.0071
4980	-7119.446	-7532.935	413.4889	0.2436272	1.485673	5.021908
4986	-7114.406	-7527.749	413.3433	0.2441505	1.549779	5.066364
4992	-7121.47	-7534.636	413.1658	0.2375922	1.462871	5.22254
4998	-7131.541	-7546.852	415.3104	0.2317861	1.615994	3.940744
5004	-7132.414	-7547.981	415.5667	0.2537794	1.587766	3.776069
5010	-7133.769	-7549.949	416.1798	0.2444114	1.734696	3.348218
5016	-7141.131	-7556.006	414.8747	0.2565571	1.693609	4.107643
5022	-7134.063	-7549.22	415.157	0.2541145	1.647856	3.976275
5028	-7121.644	-7537.197	415.5527	0.2431954	1.628835	3.776492
5034	-7122.942	-7538.663	415.7204	0.2627626	1.655779	3.634629
5040	-7108.445	-7524.498	416.0536	0.2704313	1.690583	3.408958
5046	-7117.909	-7534.612	416.7034	0.2538386	1.742873	3.018061
5052	-7117.354	-7534.075	416.721	0.2773836	1.760534	2.961306
5058	-7126.329	-7543.226	416.8974	0.2985608	1.796442	2.802198
5064	-7128.285	-7545.483	417.1975	0.2854923	1.813162	2.626982
5070	-7121.988	-7539.661	417.6727	0.2909724	1.851375	2.296548
5076	-7143.814	-7561.337	417.523	0.2659037	1.851375	2.430306
5082	-7141.35	-7558.207	416.8561	0.2474198	1.833402	2.881701
5088	-7138.128	-7555.06	416.9325	0.2324692	1.790108	2.885961
5094	-7122.164	-7534.118	411.9537	0.2499462	1.363661	5.92487
5100	-7135.167	-7548.447	413.2799	0.239294	1.512818	5.129196
5106	-7142.292	-7555.869	413.5767	0.2216272	1.58016	4.954021
5112	-7133.601	-7548.31	414.7088	0.2286984	1.539505	4.331293
5118	-7135.811	-7550.232	414.4214	0.2286984	1.539505	4.493349
5124	-7134.442	-7548.545	414.103	0.2833271	1.549256	4.587564
5130	-7134.577	-7550.738	416.1603	0.2608576	1.681445	3.365861
5136	-7114.337	-7530.24	415.9026	0.243356	1.702941	3.53063
5142	-7119.59	-7535.763	416.173	0.2183966	1.738556	3.391831
5148	-7123.506	-7539.698	416.1912	0.2298418	1.688382	3.391831
5154	-7124.963	-7540.717	415.7536	0.2630041	1.715125	3.580571
5160	-7121.563	-7537.055	415.4922	0.2737405	1.641398	3.759016
5166	-7116.909	-7532.144	415.2347	0.2714394	1.552427	3.961333
5172	-7129.825	-7544.133	414.3085	0.2193049	1.565694	4.556821
5178	-7131.264	-7545.593	414.3289	0.2442158	1.477119	4.556821
5184	-7130.048	-7544.485	414.4364	0.2618611	1.473645	4.472584
5190	-7115.227	-7529.607	414.3801	0.2818939	1.514662	4.453177
5196	-7134.459	-7548.897	414.4385	0.3119196	1.47856	4.400921
5202	-7123.891	-7538.463	414.5721	0.3119196	1.481499	4.323804
5208	-7124.127	-7539.379	415.2521	0.2399238	1.499986	4.027804
5214	-7110.197	-7523.83	413.6331	0.2713454	1.474416	4.908441
5220	-7122.021	-7536.063	414.0425	0.2363311	1.557706	4.684067
5226	-7106.176	-7517.163	410.9873	0.2882291	1.406106	6.375698
5232	-7097.138	-7508.39	411.2519	0.2787326	1.314565	6.29419
5238	-7110.086	-7523.883	413.7976	0.2430819	1.497685	4.844273
5244	-7124.162	-7537.781	413.6185	0.2492521	1.493855	4.937061
5250	-7113.583	-7526.889	413.3065	0.2464399	1.413943	5.158679
5256	-7120.982	-7534.949	413.9668	0.2460071	1.552202	4.715021
5262	-7118.024	-7531.866	413.8424	0.246966	1.435197	4.848394
5268	-7120.631	-7533.441	412.8099	0.2758276	1.339167	5.432843
5274	-7122.605	-7535.104	412.4989	0.2588272	1.430516	5.577083
5280	-7112.587	-7527.074	414.4877	0.2488595	1.514832	4.439386
5286	-7147.202	-7561.494	414.2914	0.2462946	1.586559	4.513278
5292	-7129.602	-7544.772	415.1702	0.2462946	1.586559	4.015478
5298	-7122.23	-7534.343	412.1128	0.2559236	1.476761	5.767529
5304	-7119.297	-7532.807	413.5097	0.2386931	1.462137	5.030737
5310	-7126.891	-7540.765	413.8736	0.2386931	1.489771	4.81285
5316	-7129.044	-7542.909	413.8647	0.2476044	1.535295	4.779159
5322	-7118.728	-7532.182	413.4534	0.2601934	1.53319	4.991268
5328	-7124.548	-7537.187	412.6385	0.2550132	1.452597	5.493644
5334	-7108.681	-7521.857	413.1769	0.262331	1.523539	5.146985
5340	-7113.783	-7527.593	413.81	0.262331	1.49421	4.811433
5346	-7128.156	-7541.65	413.4941	0.2320809	1.441613	5.060769
5352	-7122.629	-7536.092	413.4632	0.2634579	1.419597	5.044329
5358	-7121.354	-7534.833	413.4789	0.2453097	1.459028	5.03975
5364	-7136.602	-7549.838	413.2369	0.2220706	1.504755	5.183672
5370	-7153.302	-7568.026	414.7248	0.2818549	1.58681	4.217656
5376	-7128.008	-7541.99	413.9816	0.2618301	1.548795	4.685724
5382	-7117.345	-7530.608	413.2635	0.2854077	1.448948	5.108802
5388	-7123.048	-7536.793	413.7448	0.2854077	1.448948	4.841253
5394	-7121.909	-7534.844	412.9349	0.2500161	1.491525	5.316014
5400	-7129.448	-7542.212	412.7641	0.2577343	1.379311	5.460988
5406	-7127.411	-7540.333	412.9218	0.273862	1.420212	5.329161
5412	-7118.561	-7532.559	413.9978	0.277241	1.449385	4.710766
5418	-7123.365	-7537.286	413.9215	0.2808068	1.47533	4.734064
5424	-7120.135	-7534.78	414.6452	0.2660032	1.570096	4.294394
5430	-7110.485	-7526.563	416.0784	0.2570437	1.6478	3.439315
5436	-7113.985	-7530.094	416.1091	0.2631272	1.670748	3.398814
5442	-7121.356	-7537.465	416.1085	0.3029169	1.574993	3.398814
5448	-7126.142	-7541.466	415.3239	0.2866744	1.566262	3.880936
5454	-7129.042	-7544.254	415.2123	0.2989816	1.631839	3.890649
5460	-7130.884	-7547.011	416.1274	0.2873791	1.769896	3.294665
5466	-7107.997	-7524.736	416.7392	0.2523752	1.798456	2.965464
5472	-7114.494	-7531.044	416.5503	0.2469523	1.691639	3.150719
5478	-7133.655	-7549.493	415.8381	0.2774202	1.721757	3.506597
5484	-7127.929	-7543.909	415.9801	0.2742827	1.644091	3.473591
5490	-7126.569	-7542.805	416.236	0.254386	1.719243	3.308855
5496	-7122.348	-7538.903	416.5544	0.2613843	1.706036	3.117522
5502	-7124.502	-7541.01	416.5077	0.2513921	1.69762	3.165589
5508	-7109.76	-7525.721	415.9616	0.2269882	1.754847	3.49183
5514	-7100.481	-7516.585	416.104	0.2734706	1.64305	3.40288
5520	-7101.892	-7517.978	416.0855	0.2271163	1.5742	3.524738
5526	-7121.012	-7536.135	415.1228	0.2461969	1.547627	4.064868
5532	-7105.583	-7520.658	415.0746	0.2484941	1.589768	4.064868
5538	-7110.461	-7525.658	415.1964	0.2636617	1.622136	3.954493
5544	-7140.537	-7556.235	415.6974	0.2354759	1.637102	3.700169
5550	-7126.317	-7541.978	415.6608	0.2615253	1.605293	3.700169
5556	-7127.666	-7543.353	415.6866	0.2515668	1.691556	3.650142
5562	-7113.875	-7529.578	415.7029	0.283379	1.622105	3.634735
5568	-7109.661	-7525.611	415.95	0.2766105	1.636835	3.492038
5574	-7114.907	-7531.087	416.1796	0.2391883	1.630769	3.417511
5580	-7123.826	-7538.82	414.9938	0.2371549	1.630769	4.104741
5586	-7124.52	-7540.543	416.0224	0.2706492	1.6399	3.456544
5592	-7126.785	-7542.932	416.1472	0.2342735	1.662631	3.425592
5598	-7117.567	-7533.764	416.1967	0.2292439	1.626824	3.425592
5604	-7104.466	-7520.373	415.9065	0.2397685	1.639128	3.571027
5610	-7113.937	-7529.957	416.0199	0.281843	1.639128	3.442391
5616	-7109.003	-7525.13	416.1265	0.2402772	1.599654	3.465063
5622	-7115.759	-7531.74	415.9817	0.2703322	1.666822	3.465063
5628	-7114.51	-7530.029	415.5189	0.2696864	1.6593	3.739091
5634	-7132.17	-7546.428	414.2579	0.3084486	1.490568	4.500347
5640	-7121.696	-7536.174	414.4781	0.2747539	1.508435	4.411301
5646	-7128.923	-7544.001	415.0774	0.3147574	1.532879	4.003823
5652	-7143.425	-7558.651	415.2267	0.2828026	1.610153	3.916882
5658	-7126.899	-7542.482	415.5826	0.2641197	1.596402	3.746709
5664	-7124.787	-7539.375	414.588	0.2766671	1.484552	4.3601
5670	-7122.093	-7534.455	412.362	0.2800924	1.418224	5.629908
5676	-7132.687	-7546.104	413.4168	0.3000866	1.306721	5.083364
5682	-7101.841	-7515.302	413.4611	0.2755787	1.346935	5.069054
5688	-7137.243	-7550.232	412.9888	0.2930308	1.426925	5.262885
5694	-7153.893	-7566.031	412.1382	0.2803261	1.315907	5.808237
5700	-7123.311	-7535.603	412.2917	0.2788477	1.365782	5.698854
5706	-7125.878	-7540.181	414.3029	0.2810374	1.432937	4.543747
5712	-7120.361	-7534.048	413.6874	0.3109103	1.476647	4.824488
5718	-7117.444	-7532.282	414.8375	0.3054845	1.553349	4.140926
5724	-7110.669	-7525.754	415.0846	0.3168396	1.56278	3.979905
5730	-7107.499	-7522.654	415.1556	0.2618732	1.531272	4.032346
5736	-7105.555	-7520.622	415.067	0.2781896	1.579204	4.032346
5742	-7121.329	-7536.941	415.6124	0.2812163	1.593622	3.706652
5748	-7118.252	-7534.651	416.3996	0.2744312	1.644354	3.226657
5754	-7135.592	-7551.383	415.7911	0.2744312	1.693444	3.554736
5760	-7111.119	-7526.917	415.7989	0.2631356	1.612514	3.613649
5766	-7097.332	-7513.484	416.1515	0.2542851	1.695045	3.372933
5772	-7109.582	-7525.9	416.318	0.2525623	1.654499	3.301511
5778	-7112.527	-7529.313	416.7862	0.2611494	1.719938	2.970882
5784	-7117.521	-7533.822	416.3009	0.2721232	1.704274	3.252918
5790	-7114.617	-7530.975	416.3581	0.2687985	1.655364	3.252918
5796	-7121.915	-7538.137	416.2214	0.2687985	1.655364	3.333491
5802	-7105.193	-7521.463	416.2698	0.2583533	1.707098	3.290096
5808	-7116.146	-7532.416	416.2693	0.3012981	1.707098	3.228549
5814	-7134.117	-7550.232	416.1154	0.2832355	1.68003	3.360493
5820	-7124.206	-7540.683	416.477	0.2483535	1.717055	3.176969
5826	-7123.178	-7539.421	416.2431	0.2335209	1.65138	3.377154
5832	-7126.237	-7542.643	416.4062	0.2768314	1.728843	3.169127
5838	-7126.12	-7542.424	416.3041	0.276429	1.748259	3.218767
5844	-7145.434	-7562.328	416.8947	0.300596	1.772083	2.815795
5850	-7140.79	-7553.326	412.5367	0.253975	1.327041	5.620047
5856	-7119.376	-7531.275	411.8983	0.2875534	1.352693	5.909737
5862	-7120.625	-7533.568	412.943	0.2694194	1.335169	5.370459
5868	-7152.414	-7566.458	414.0439	0.283761	1.412406	4.696776
5874	-7127.759	-7541.595	413.8363	0.2740751	1.49216	4.781455
5880	-7130.652	-7543.183	412.5311	0.2821322	1.32972	5.582914
5886	-7117.87	-7532.304	414.4342	0.2797294	1.557281	4.401641
5892	-7107.868	-7522.323	414.4547	0.2901984	1.557281	4.375855
5898	-7130.442	-7544.607	414.1648	0.2334757	1.557281	4.62013
5904	-7132.308	-7546.518	414.2099	0.2390477	1.497028	4.62013
5910	-7131.355	-7544.456	413.1016	0.2903533	1.396001	5.221144
5916	-7141.531	-7554.813	413.2829	0.2269269	1.377401	5.221144
5922	-7128.618	-7542.241	413.6231	0.2701441	1.385397	4.965171
5928	-7119.633	-7532.378	412.7451	0.2701441	1.36461	5.462284
5934	-7107.809	-7520.434	412.6258	0.2707926	1.349325	5.535418
5940	-7122.959	-7535.495	412.5359	0.2707926	1.439257	5.535418
5946	-7121.308	-7533.715	412.4075	0.2746571	1.456612	5.591164
5952	-7152.802	-7566.499	413.6972	0.2328575	1.456612	4.938373
5958	-7130.913	-7544.331	413.4188	0.2783394	1.399921	5.059331
5964	-7135.095	-7548.668	413.5731	0.2570832	1.488686	4.953916
5970	-7132.406	-7546.482	414.0758	0.2705084	1.495079	4.650856
5976	-7140.583	-7554.736	414.1529	0.2610443	1.491589	4.622898
5982	-7113.558	-7527.562	414.004	0.2441894	1.491589	4.730807
5988	-7113.175	-7526.869	413.6941	0.2700528	1.552165	4.832886
5994	-7119.214	-7533.662	414.4482	0.2343157	1.497985	4.492957
6000	-7118.41	-7530.864	412.4538	0.3018625	1.37818	5.573068
6006	-7108.616	-7520.81	412.1934	0.246257	1.344136	5.809795
6012	-7117.16	-7528.665	411.5053	0.2850546	1.400042	6.101523
6018	-7130.169	-7542.155	411.9864	0.2363067	1.428576	5.89136
6024	-7138.404	-7552.02	413.6153	0.2740752	1.440825	4.933244
6030	-7139.321	-7551.496	412.175	0.2343987	1.399791	5.806787
6036	-7132.808	-7544.902	412.0937	0.2260678	1.459974	5.830906
6042	-7127.347	-7540.883	413.5363	0.2963315	1.496093	4.916652
6048	-7107.771	-7521.351	413.5795	0.2716758	1.512444	4.916652
6054	-7098.804	-7512.576	413.7721	0.2867363	1.517207	4.786144
6060	-7119.32	-7532.792	413.4716	0.2786186	1.47436	4.988337
6066	-7115.178	-7529.274	414.096	0.2653491	1.475237	4.657871
6072	-7116.35	-7530.418	414.0686	0.2689072	1.475237	4.668204
6078	-7113.434	-7527.431	413.9974	0.2689072	1.528501	4.678243
6084	-7114.936	-7529.54	414.6036	0.2689072	1.465083	4.373161
6090	-7123.891	-7538.129	414.2382	0.2660676	1.495344	4.565802
6096	-7116.835	-7532.115	415.2799	0.2602137	1.584284	3.933392
6102	-7120.638	-7535.846	415.2084	0.2491055	1.684485	3.933392
6108	-7125.855	-7539.93	414.0751	0.2534882	1.54219	4.649051
6114	-7109.34	-7524.859	415.5186	0.2285808	1.666285	3.797367
6120	-7111.678	-7527.26	415.5813	0.2285808	1.654468	3.76805
6126	-7114.173	-7530.229	416.0556	0.2506533	1.688719	3.438355
6132	-7118.702	-7534.959	416.2573	0.2279796	1.688719	3.355834
6138	-7112.507	-7528.151	415.6444	0.2310008	1.599915	3.759301
6144	-7122.564	-7538.473	415.9083	0.2163404	1.64413	3.604735
6150	-7121.477	-7534.834	413.3566	0.2791658	1.438482	5.071353
6156	-7121.498	-7535.273	413.7754	0.2777041	1.524716	4.792328
6162	-7112.164	-7526.846	414.6817	0.3279682	1.549257	4.203009
6168	-7119.674	-7535.721	416.0476	0.2700486	1.68322	3.417361
6174	-7114.149	-7529.55	415.4006	0.3341677	1.593123	3.759039
6180	-7106.867	-7520.371	413.5041	0.2509436	1.61873	4.928775
6186	-7128.922	-7543.639	414.7176	0.293954	1.564149	4.218174
6192	-7137.604	-7551.401	413.7965	0.223406	1.526339	4.858838
6198	-7139.932	-7555.695	415.7631	0.2864392	1.590853	3.613675
6204	-7120.068	-7535.573	415.5048	0.2508297	1.603846	3.806913
6210	-7127.59	-7542.493	414.9031	0.28697	1.616537	4.092387
6216	-7132.409	-7545.892	413.4834	0.3163914	1.493606	4.921835
6222	-7135.767	-7549.283	413.5159	0.3142571	1.465897	4.921835
6228	-7119.929	-7533.489	413.5597	0.2597218	1.465897	4.970251
6234	-7115.195	-7530.304	415.1087	0.261943	1.476593	4.090165
6240	-7124.988	-7539.582	414.5947	0.2520832	1.441629	4.415592
6246	-7125.414	-7541.335	415.9216	0.2608677	1.676494	3.508392
6252	-7122.422	-7538.43	416.0077	0.2449212	1.706563	3.46477
6258	-7116.434	-7532.588	416.1541	0.2274942	1.702843	3.408866
6264	-7104.661	-7520.949	416.2876	0.2274942	1.698709	3.332947
6270	-7112.949	-7529.142	416.1937	0.2637469	1.696751	3.332947
6276	-7104.737	-7518.427	413.6899	0.2329292	1.424412	4.96026
6282	-7142.28	-7558.48	416.2004	0.2692469	1.69562	3.321498
6288	-7140.545	-7556.607	416.0617	0.2388256	1.655063	3.472808
6294	-7131.458	-7546.592	415.1337	0.2684263	1.684757	3.947655
6300	-7111.243	-7527.026	415.7835	0.2580523	1.60196	3.636211
6306	-7118.176	-7533.952	415.7759	0.253123	1.622254	3.636211
6312	-7115.286	-7530.981	415.6956	0.2473345	1.730215	3.628965
6318	-7101.659	-7517.926	416.2667	0.2281538	1.730215	3.325619
6324	-7106.812	-7523.389	416.5763	0.2793709	1.79856	3.022453
6330	-7108.243	-7524.209	415.9656	0.2305983	1.682307	3.525979
6336	-7116.058	-7532.221	416.1633	0.2498039	1.709578	3.364322
6342	-7115.093	-7530.673	415.5799	0.2400531	1.647903	3.754637
6348	-7119.806	-7535.823	416.0162	0.2400531	1.687019	3.478777
6354	-7117.851	-7533.664	415.8123	0.2430723	1.617101	3.633427
6360	-7113.515	-7528.79	415.2749	0.2408593	1.514482	4.005052
6366	-7115.218	-7531.649	416.4312	0.2360632	1.683135	3.243613
6372	-7106.861	-7522.115	415.2535	0.2465711	1.542242	3.992757
6378	-7094.693	-7509.877	415.1849	0.2472341	1.601468	3.99712
6384	-7100.521	-7515.959	415.4388	0.2348781	1.601468	3.870603
6390	-7129.047	-7544.303	415.2559	0.2512217	1.579308	3.963242
6396	-7143.292	-7559.348	416.0563	0.2993891	1.68331	3.370729
6402	-7114.647	-7530.821	416.1742	0.2617848	1.656872	3.370729
6408	-7115.07	-7530.68	415.6097	0.2648823	1.711205	3.663528
6414	-7104.663	-7519.608	414.9451	0.2208012	1.585937	4.183598
6420	-7129.419	-7544.053	414.6343	0.2464576	1.503786	4.366505
6426	-7110.488	-7526.121	415.6328	0.2703952	1.592368	3.710961
6432	-7119.479	-7534.84	415.3604	0.2531259	1.613054	3.881172
6438	-7105.981	-7520.114	414.1326	0.2495814	1.578721	4.602019
6444	-7100.404	-7513.888	413.4847	0.2513433	1.501054	5.004423
6450	-7116.893	-7531.376	414.4824	0.2375227	1.530555	4.450461
6456	-7126.521	-7542.43	415.9081	0.2783662	1.754807	3.445065
6462	-7117.087	-7533.681	416.5942	0.2761336	1.749692	3.045741
6468	-7124.392	-7540.875	416.4828	0.2653089	1.650373	3.187254
6474	-7125.491	-7541.143	415.6516	0.2973405	1.624005	3.644111
6480	-7116.508	-7531.988	415.4801	0.2681395	1.541595	3.831485
6486	-7100.035	-7515.895	415.86	0.2664571	1.683041	3.532269
6492	-7109.289	-7524.84	415.5505	0.3149271	1.700202	3.635075
6498	-7122.74	-7538.948	416.2081	0.2670506	1.629483	3.359087
6504	-7135.888	-7550.676	414.7878	0.2773148	1.533505	4.218415
6510	-7123.551	-7539.098	415.5465	0.2292075	1.572815	3.834114
6516	-7134.976	-7549.255	414.2795	0.2287569	1.499725	4.595294
6522	-7121.298	-7535.926	414.6279	0.2378972	1.507663	4.380779
6528	-7111.054	-7524.413	413.3586	0.2705714	1.465037	5.067238
6534	-7107.785	-7522.548	414.7636	0.2615139	1.517763	4.26342
6540	-7116.63	-7531.804	415.1742	0.2377943	1.627869	4.002504
6546	-7137.528	-7552.487	414.9591	0.2437698	1.519766	4.177503
6552	-7129.856	-7544.202	414.3456	0.2492159	1.537074	4.506309
6558	-7126.402	-7542.331	415.9286	0.2555238	1.570742	3.573849
6564	-7107.006	-7522.334	415.3277	0.2709304	1.618924	3.870588
6570	-7104.187	-7519.915	415.7281	0.2831704	1.661546	3.597513
6576	-7115.56	-7531.629	416.0684	0.2831704	1.701661	3.375429
6582	-7148.885	-7562.61	413.7247	0.2347913	1.495457	4.898558
6588	-7128.507	-7542.267	413.7597	0.231414	1.469648	4.898558
6594	-7113.112	-7525.15	412.0379	0.2603969	1.352963	5.869945
6600	-7112.559	-7524.977	412.4187	0.2643963	1.411946	5.623552
6606	-7140.676	-7552.357	411.6811	0.2441441	1.386916	6.069224
6612	-7126.741	-7542.382	415.6404	0.2503023	1.604908	3.72888
6618	-7121.293	-7535.439	414.1466	0.2503023	1.512028	4.63054
6624	-7126.722	-7540.731	414.0086	0.2669496	1.44672	4.720492
6630	-7124.855	-7538.927	414.0724	0.2687811	1.378304	4.720492
6636	-7130.795	-7544.842	414.0472	0.2623526	1.419694	4.720492
6642	-7120.307	-7534.291	413.9837	0.2607843	1.45708	4.737306
6648	-7116.012	-7529.14	413.1284	0.2748162	1.391426	5.22965
6654	-7127.796	-7542.416	414.6198	0.2610294	1.515474	4.346748
6660	-7127.843	-7541.963	414.1194	0.3217756	1.44195	4.588552
6666	-7121.555	-7537.029	415.4739	0.2897416	1.56541	3.790967
6672	-7116.291	-7532.148	415.8569	0.2588769	1.59061	3.598979
6678	-7149.061	-7565.61	416.5492	0.2588769	1.633342	3.167618
6684	-7122.921	-7538.498	415.577	0.2584532	1.627166	3.740462
6690	-7130.333	-7546.539	416.2052	0.205252	1.667604	3.43675
6696	-7131.613	-7547.58	415.9665	0.258052	1.761466	3.43675
6702	-7121.407	-7538.298	416.8917	0.2479765	1.747509	2.911255
6708	-7119.76	-7536.883	417.1238	0.21458	1.762393	2.817118
6714	-7125.31	-7542.113	416.8032	0.2218055	1.709198	3.030193
6720	-7102.904	-7517.511	414.6069	0.2218055	1.571387	4.381673
6726	-7127.646	-7541.197	413.5511	0.2265489	1.452547	5.031503
6732	-7134.051	-7548.298	414.247	0.246785	1.395141	4.644929
6738	-7117.44	-7530.577	413.1364	0.265148	1.433772	5.215142
6744	-7126.076	-7539.997	413.9203	0.2234056	1.567287	4.766919
6750	-7124.209	-7537.315	413.1054	0.2327348	1.458317	5.265721
6756	-7113.731	-7527.708	413.9776	0.2113991	1.448667	4.820218
6762	-7123.304	-7537.144	413.84	0.2485785	1.483852	4.820218
6768	-7137.016	-7551.863	414.8469	0.2608609	1.593217	4.174275
6774	-7147.641	-7562.474	414.8329	0.2077393	1.550633	4.288457
6780	-7157.895	-7572.649	414.7541	0.2469486	1.481269	4.310781
6786	-7131.1	-7545.462	414.3621	0.2469486	1.467886	4.5393
6792	-7104.468	-7518.906	414.4385	0.2460799	1.490502	4.484901
6798	-7111.461	-7525.986	414.525	0.2499177	1.541756	4.401614
6804	-7123.768	-7538.591	414.8235	0.2397678	1.497415	4.273159
6810	-7130.531	-7546.247	415.716	0.2348897	1.626454	3.69648
6816	-7133.503	-7547.735	414.2323	0.2789672	1.656955	4.460322
6822	-7126.436	-7540.998	414.5619	0.2485326	1.583035	4.359552
6828	-7131.784	-7546.363	414.5788	0.2444095	1.576959	4.359552
6834	-7125.6	-7541.086	415.4856	0.2570111	1.567433	3.829697
6840	-7114.71	-7529.843	415.1325	0.2541683	1.616504	4.00812
6846	-7135.184	-7550.21	415.0265	0.2685326	1.582147	4.067402
6852	-7116.5	-7532.075	415.5751	0.2762174	1.619491	3.720287
6858	-7134.739	-7550.301	415.5623	0.2701406	1.647285	3.720287
6864	-7119.877	-7533.633	413.7554	0.2564036	1.493888	4.8505
6870	-7117.833	-7531.613	413.7794	0.3056954	1.493888	4.770196
6876	-7118.868	-7534.158	415.2901	0.2397167	1.589456	3.955275
6882	-7135.789	-7551.183	415.3937	0.2749004	1.635486	3.817496
6888	-7127.932	-7541.381	413.4484	0.2880124	1.438239	5.008688
6894	-7128.123	-7541.803	413.6798	0.2614896	1.379947	4.948811
6900	-7125.287	-7537.917	412.6297	0.2844537	1.413654	5.479476
6906	-7120.556	-7534.683	414.1271	0.29647	1.476612	4.597275
6912	-7120.857	-7535.98	415.1238	0.2412549	1.5224	4.086164
6918	-7109.31	-7523.941	414.6307	0.2462911	1.57124	4.330666
6924	-7117.168	-7531.641	414.4735	0.2670672	1.551136	4.400588
6930	-7129.051	-7545.28	416.229	0.2600629	1.715213	3.306774
6936	-7127.725	-7543.889	416.1636	0.2600629	1.728785	3.337272
6942	-7098.485	-7513.734	415.2494	0.2422943	1.622322	3.955766
6948	-7101.835	-7516.777	414.9422	0.2308861	1.557392	4.185476
6954	-7094.271	-7508.896	414.6253	0.2750775	1.575055	4.29006
6960	-7115.283	-7528.491	413.2078	0.2315342	1.57711	5.14518
6966	-7118.42	-7531.918	413.4986	0.2624809	1.628382	4.909988
6972	-7110.427	-7523.488	413.0605	0.2228336	1.606773	5.223587
6978	-7113.086	-7525.116	412.0293	0.2416021	1.437313	5.85537
6984	-7105.903	-7517.648	411.7452	0.2416021	1.448416	6.004419
6990	-7123.592	-7533.191	409.599	0.2545668	1.358716	7.195841
6996	-7102.422	-7515.185	412.7626	0.2633002	1.425049	5.428801
7002	-7119.623	-7532.504	412.8814	0.2597687	1.315241	5.428801
7008	-7130.177	-7542.433	412.2561	0.2338605	1.467698	5.726033
7014	-7128.976	-7540.565	411.5892	0.2682413	1.588363	5.975653
7020	-7128.097	-7539.28	411.1832	0.2713864	1.364642	6.314142
7026	-7129.044	-7543.31	414.2664	0.2381866	1.455184	4.613242
7032	-7137.105	-7552.586	415.4809	0.2502302	1.585485	3.832095
7038	-7137.049	-7552.785	415.7361	0.2268767	1.63843	3.690624
7044	-7150.153	-7563.106	412.9529	0.3062957	1.383935	5.289375
7050	-7136.397	-7549.804	413.4068	0.3062957	1.415811	5.020394
7056	-7129.698	-7543.238	413.5403	0.2725658	1.394538	5.00276
7062	-7143.806	-7555.669	411.8633	0.2388043	1.482642	5.925404
7068	-7128.464	-7539.528	411.0632	0.2564446	1.347095	6.409285
7074	-7113.667	-7525.409	411.7418	0.2918506	1.427852	5.948601
7080	-7139.497	-7551.736	412.2391	0.2940536	1.330207	5.727196
7086	-7128.682	-7539.962	411.28	0.2940536	1.427251	6.197683
7092	-7132.01	-7544.104	412.0941	0.2302791	1.38905	5.863057
7098	-7133.218	-7545.898	412.6801	0.2600276	1.471017	5.453493
7104	-7134.676	-7547.807	413.1311	0.2477854	1.524052	5.192886
7110	-7137.432	-7550.121	412.6885	0.2529868	1.393877	5.501296
7116	-7112.896	-7525.583	412.6871	0.2548049	1.39058	5.501296
7122	-7113.939	-7527.55	413.6117	0.2492639	1.457802	4.960872
7128	-7134.428	-7547.147	412.7186	0.2762812	1.474164	5.408169
7134	-7121.481	-7534.37	412.8892	0.2769303	1.499171	5.299451
7140	-7127.965	-7540.392	412.4272	0.2500711	1.480894	5.601258
7146	-7113.867	-7526.764	412.8968	0.2500711	1.341219	5.419812
7152	-7109.731	-7522.918	413.1865	0.2446002	1.438208	5.214344
7158	-7113.867	-7528.522	414.6554	0.2647035	1.54571	4.304287
7164	-7138.187	-7552.426	414.2388	0.2433216	1.547845	4.569036
7170	-7117.31	-7532.022	414.7118	0.2329955	1.458918	4.368443
7176	-7128.872	-7543.563	414.6903	0.2600207	1.551081	4.288186
7182	-7116.661	-7533.862	417.2013	0.2159149	1.787718	2.752118
7188	-7105.553	-7522.662	417.1091	0.2561651	1.85833	2.698557
7194	-7114.761	-7530.175	415.4142	0.2808568	1.629245	3.800928
7200	-7102.412	-7516.957	414.5451	0.2724358	1.553505	4.351267
7206	-7137.676	-7551.743	414.0675	0.2460388	1.497133	4.689437
7212	-7116.088	-7530.459	414.3707	0.3266872	1.448898	4.437206
7218	-7121.673	-7536.068	414.3957	0.3266872	1.550445	4.365865
7224	-7137.486	-7551.243	413.7571	0.2592564	1.48637	4.849659
7230	-7122.048	-7535.852	413.8041	0.2743437	1.401498	4.849659
7236	-7135.939	-7547.386	411.447	0.2680395	1.341027	6.188147
7242	-7117.855	-7530.774	412.9189	0.2699032	1.427582	5.332114
7248	-7135.497	-7549.688	414.1901	0.2699032	1.564078	4.548853
7254	-7128.612	-7543.382	414.77	0.2446619	1.496486	4.296563
7260	-7136.391	-7550.386	413.995	0.2750506	1.496486	4.689007
7266	-7137.16	-7551.631	414.4706	0.2558197	1.528753	4.430949
7272	-7133.147	-7544.234	411.0871	0.2523135	1.296835	6.429331
7278	-7140.963	-7551.656	410.6932	0.2523135	1.366268	6.605043
7284	-7124.266	-7537.698	413.4321	0.2813256	1.3407	5.080783
7290	-7142.07	-7555.279	413.2087	0.325008	1.402089	5.114511
7296	-7136.245	-7551.076	414.8315	0.2542217	1.553698	4.21513
7302	-7134.374	-7544.518	410.1447	0.2814787	1.387262	6.850419
7308	-7133.31	-7545.074	411.7634	0.2419499	1.425244	6.006613
7314	-7108.933	-7521.274	412.3413	0.2511747	1.551785	5.607887
7320	-7118.69	-7529.272	410.5822	0.2259754	1.525735	6.617145
7326	-7117.696	-7531.468	413.772	0.2821009	1.67478	4.704349
7332	-7116.428	-7530.273	413.8452	0.3051206	1.547245	4.704349
7338	-7119.699	-7531.269	411.5695	0.2973048	1.392259	6.054938
7344	-7136.965	-7547.763	410.7979	0.2736477	1.394814	6.503704
7350	-7129.924	-7542.448	412.5247	0.2608678	1.452237	5.548134
7356	-7127.103	-7540.138	413.0349	0.2659151	1.399093	5.28934
7362	-7124.68	-7538.928	414.2487	0.2533073	1.496026	4.577824
7368	-7115.738	-7529.899	414.1604	0.3033556	1.484205	4.565264
7374	-7113.666	-7528.193	414.5264	0.2785846	1.422955	4.426974
7380	-7120.195	-7530.59	410.3953	0.2469803	1.27143	6.824753
7386	-7161.808	-7574.371	412.563	0.2615616	1.279386	5.621057
7392	-7142.905	-7554.79	411.8848	0.2686608	1.325195	5.957352
7398	-7114.586	-7526.407	411.8207	0.2888268	1.340033	5.957352
7404	-7114.406	-7527.214	412.808	0.2346728	1.464282	5.42352
7410	-7123.267	-7537.565	414.2975	0.2315385	1.478586	4.592809
7416	-7126.51	-7539.786	413.2763	0.2556826	1.43152	5.15236
7422	-7120.222	-7535.125	414.9027	0.2434614	1.588309	4.171105
7428	-7130.027	-7544.535	414.508	0.2390236	1.533959	4.431888
7434	-7121.09	-7535.91	414.8202	0.2342663	1.523337	4.268733
7440	-7099.501	-7511.51	412.009	0.2227201	1.400261	5.914924
7446	-7107.021	-7518.894	411.8733	0.2465359	1.471174	5.914924
7452	-7123.628	-7537.21	413.5824	0.2364404	1.587182	4.924193
7458	-7118.217	-7532.178	413.9607	0.2553718	1.590845	4.683156
7464	-7131.768	-7545.866	414.0981	0.2718804	1.548708	4.606343
7470	-7116.175	-7528.686	412.5111	0.2507819	1.337734	5.63273
7476	-7123.228	-7536.802	413.5741	0.2308335	1.536697	4.965417
7482	-7116.367	-7530.352	413.9845	0.2706531	1.469893	4.715831
7488	-7123.324	-7536.725	413.4009	0.2445752	1.422178	5.10457
7494	-7133.445	-7547.562	414.1171	0.2471983	1.446364	4.68839
7500	-7131.27	-7545.886	414.6161	0.2720494	1.463248	4.362715
7506	-7147.162	-7560.859	413.6964	0.2720494	1.548897	4.830678
7512	-7135.067	-7549.874	414.8078	0.2322067	1.471933	4.308036
7518	-7128.259	-7542.051	413.792	0.2426094	1.463622	4.867085
7524	-7126.192	-7540.229	414.0366	0.234168	1.475476	4.73664
7530	-7122.259	-7537.392	415.1333	0.2430406	1.520664	4.079024
7536	-7125.324	-7540.33	415.006	0.2430406	1.48409	4.172254
7542	-7139.614	-7554.219	414.6051	0.2010703	1.488617	4.463182
7548	-7136.165	-7550.51	414.3444	0.2387676	1.511039	4.537234
7554	-7137.956	-7551.72	413.7642	0.2326584	1.395764	4.935281
7560	-7118.514	-7530.898	412.3839	0.2231719	1.481363	5.664687
7566	-7105.788	-7518.831	413.0434	0.2180679	1.429045	5.338632
7572	-7108.303	-7521.158	412.8548	0.2395271	1.437083	5.405527
7578	-7101.042	-7514.187	413.1451	0.2431701	1.439593	5.238567
7584	-7111.51	-7526.724	415.2142	0.2245031	1.558003	4.040381
7590	-7123.79	-7536.805	413.0154	0.2318268	1.494535	5.296769
7596	-7120.235	-7534.53	414.2953	0.2568652	1.504006	4.542022
7602	-7131.751	-7546.005	414.2542	0.2504179	1.491776	4.581373
7608	-7122.32	-7533.97	411.6506	0.2383242	1.352565	6.112996
7614	-7126.986	-7538.7	411.7145	0.2396874	1.388706	6.056522
7620	-7129.322	-7543.42	414.0986	0.2611627	1.548973	4.620996
7626	-7134.012	-7547.987	413.9746	0.2398019	1.434468	4.785676
7632	-7134.065	-7548.709	414.6445	0.280498	1.503303	4.312299
7638	-7131.736	-7544.616	412.8796	0.2889508	1.471029	5.304213
7644	-7131.073	-7544.625	413.5526	0.2251741	1.457002	5.030299
7650	-7130.437	-7543.328	412.8904	0.2595007	1.430337	5.360827
7656	-7145.867	-7557.88	412.0124	0.2817854	1.361892	5.849953
7662	-7133.406	-7547.02	413.6136	0.271586	1.425465	4.946204
7668	-7133.769	-7546.706	412.9372	0.2628843	1.386966	5.354184
7674	-7126.218	-7539.329	413.1114	0.265126	1.363962	5.267576
7680	-7114.983	-7527.3	412.3165	0.2555077	1.341151	5.730851
7686	-7101.947	-7514.091	412.1436	0.2375165	1.346304	5.848614
7692	-7103.523	-7518.074	414.5503	0.2439349	1.538091	4.398271
7698	-7097.003	-7510.946	413.9433	0.2439349	1.462947	4.781096
7704	-7094.204	-7508.51	414.306	0.2731887	1.456268	4.539705
7710	-7114.499	-7529.169	414.6698	0.2606508	1.560249	4.293694
7716	-7116.438	-7530.851	414.4127	0.2635541	1.541506	4.445279
7722	-7126.052	-7540.147	414.0953	0.2557356	1.411653	4.707535
7728	-7115.241	-7529.503	414.2615	0.2353204	1.440975	4.628279
7734	-7110.022	-7524.075	414.0528	0.2530178	1.602755	4.628279
7740	-7116.671	-7529.37	412.6991	0.2409791	1.498605	5.45525
7746	-7116.103	-7529.455	413.3516	0.2409791	1.493483	5.097666
7752	-7126.286	-7539.385	413.0996	0.2409791	1.430361	5.272036
7758	-7121.533	-7533.94	412.4063	0.2821057	1.455085	5.582635
7764	-7112.388	-7527.977	415.5885	0.2980993	1.653954	3.662279
7770	-7127.267	-7542.967	415.6999	0.2665043	1.538432	3.708943
7776	-7122.999	-7538.185	415.1868	0.2533914	1.549107	4.016769
7782	-7119.359	-7534.185	414.8259	0.2668719	1.492126	4.234937
7788	-7114.014	-7528.271	414.257	0.2668719	1.495921	4.553829
7794	-7107.07	-7521.441	414.3709	0.2266366	1.488123	4.553829
7800	-7113.216	-7525.884	412.6682	0.2426109	1.476932	5.481792
7806	-7117.002	-7528.864	411.8617	0.2409116	1.379633	5.979419
7812	-7130.225	-7543.468	413.2429	0.2857217	1.420789	5.135373
7818	-7122.855	-7537.269	414.4139	0.2348165	1.449908	4.538493
7824	-7111.292	-7525.645	414.3524	0.2572964	1.452043	4.538493
7830	-7115.983	-7530.055	414.0725	0.2612921	1.472125	4.678524
7836	-7125.462	-7539.094	413.6321	0.2841357	1.51293	4.870113
7842	-7135.791	-7548.136	412.3442	0.2313982	1.425853	5.704345
7848	-7133.644	-7545.966	412.3214	0.2393505	1.427182	5.704345
7854	-7117.746	-7530.9	413.1534	0.2398092	1.505987	5.20222
7860	-7123.321	-7536.814	413.493	0.2759231	1.43369	5.002717
7866	-7128.83	-7541.726	412.8962	0.2285681	1.471001	5.380468
7872	-7119.807	-7533.085	413.2776	0.2853483	1.435709	5.108372
7878	-7112.175	-7525.204	413.029	0.2923116	1.342506	5.288296
7884	-7108.034	-7521.512	413.4789	0.2812187	1.49156	4.971164
7890	-7128.145	-7540.618	412.4728	0.2923647	1.429749	5.546536
7896	-7132.914	-7544.25	411.3364	0.2667855	1.36121	6.239028
7902	-7117.443	-7531.009	413.5656	0.2667855	1.555654	4.907114
7908	-7119.102	-7532.518	413.4157	0.2507516	1.463195	5.064584
7914	-7137.91	-7552.57	414.6603	0.2507516	1.582155	4.301117
7920	-7111.743	-7526.149	414.4061	0.2570961	1.542843	4.457531
7926	-7122.262	-7535.177	412.9145	0.2586013	1.407568	5.36137
7932	-7118.406	-7532.502	414.0962	0.2859807	1.518525	4.60503
7938	-7131.302	-7544.761	413.4596	0.2616514	1.50178	5.003206
7944	-7123.036	-7537.095	414.0592	0.2546198	1.490895	4.685052
7950	-7119.013	-7532.171	413.1582	0.2838835	1.424295	5.182764
7956	-7108.388	-7522.212	413.8233	0.2898116	1.499412	4.763397
7962	-7104.555	-7519.595	415.0401	0.2450652	1.491392	4.145658
7968	-7112.669	-7524.925	412.2567	0.2716348	1.383717	5.717966
7974	-7132.433	-7543.994	411.5608	0.2704693	1.367035	6.108763
7980	-7121.009	-7532.154	411.1451	0.2399893	1.340101	6.392091
7986	-7118.18	-7529.97	411.7908	0.2458163	1.312447	6.047586
7992	-7118.562	-7530.848	412.2858	0.2458163	1.314411	5.776152
7998	-7117.638	-7529.282	411.644	0.2548632	1.338876	6.100285
8004	-7108.855	-7520.885	412.03	0.241171	1.401717	5.875071
8010	-7100.413	-7512.87	412.4574	0.237521	1.377506	5.659684
8016	-7111.98	-7524.364	412.3844	0.2448346	1.43102	5.659684
8022	-7126.465	-7538.799	412.3344	0.2746256	1.404881	5.659684
8028	-7128.398	-7539.968	411.5696	0.2240413	1.467516	6.115865
8034	-7132.394	-7544.373	411.9782	0.2690312	1.324335	5.906319
8040	-7143.27	-7555.149	411.8783	0.271873	1.417139	5.906319
8046	-7137.195	-7548.939	411.7436	0.2452593	1.371388	6.041999
8052	-7134.45	-7546.762	412.3125	0.252685	1.409353	5.699692
8058	-7129.452	-7543.486	414.034	0.2469682	1.491579	4.709903
8064	-7109.527	-7523.604	414.0768	0.2315483	1.490179	4.709903
8070	-7111.762	-7526.039	414.2772	0.2452065	1.475325	4.585346
8076	-7110.779	-7524.818	414.039	0.2579075	1.386525	4.749948
8082	-7095.641	-7509.667	414.0263	0.2603527	1.393017	4.749948
8088	-7113.332	-7526.848	413.5161	0.2793151	1.532473	4.930296
8094	-7130.105	-7542.534	412.4285	0.2949934	1.532473	5.511016
8100	-7119.893	-7533.646	413.7533	0.2874187	1.473337	4.820222
8106	-7118.25	-7532.166	413.9166	0.2677872	1.358022	4.820222
8112	-7109.457	-7524.96	415.5031	0.2784952	1.572168	3.785929
8118	-7102.356	-7518.116	415.7604	0.2371222	1.618435	3.671955
8124	-7132.355	-7549.054	416.6992	0.2750628	1.791937	2.958977
8130	-7120.595	-7537.618	417.0231	0.260928	1.730751	2.821519
8136	-7114.794	-7531.123	416.3287	0.2622856	1.681406	3.264583
8142	-7098.453	-7513.103	414.6504	0.2353469	1.499142	4.37681
8148	-7095.773	-7509.998	414.225	0.2330033	1.490716	4.624387
8154	-7113.668	-7528.294	414.626	0.2921577	1.52711	4.293427
8160	-7107.066	-7520.331	413.2649	0.2996219	1.421055	5.104792
8166	-7112.999	-7526.431	413.432	0.2731457	1.404164	5.056733
8172	-7117.202	-7530.682	413.4799	0.2328613	1.46094	5.056733
8178	-7133.083	-7546.158	413.0749	0.2520296	1.430519	5.269514
8184	-7126.26	-7537.64	411.38	0.257733	1.271483	6.276528
8190	-7122.813	-7537.836	415.023	0.250102	1.51456	4.134698
8196	-7116.221	-7529.857	413.6357	0.2557008	1.439843	4.948235
8202	-7112.517	-7524.994	412.4767	0.2537101	1.462687	5.578888
8208	-7105.07	-7517.737	412.6668	0.2769308	1.50495	5.418864
8214	-7117.256	-7529.939	412.6837	0.268455	1.499864	5.423949
8220	-7106.44	-7520.038	413.5973	0.2802945	1.415807	4.948697
8226	-7100.406	-7513.637	413.231	0.2726276	1.36286	5.191729
8232	-7108.166	-7521.584	413.4181	0.2503614	1.400636	5.098511
8238	-7100.038	-7513.476	413.4388	0.2429943	1.366983	5.11649
8244	-7109.666	-7522.091	412.4245	0.2528906	1.323146	5.685232
8250	-7120.483	-7534.719	414.2361	0.2250743	1.530467	4.608152
8256	-7129.384	-7543.351	413.9668	0.2589919	1.440564	4.758537
8262	-7129.956	-7543.917	413.9608	0.2565827	1.452756	4.758537
8268	-7137.055	-7551.135	414.08	0.2127737	1.452756	4.758537
8274	-7119.182	-7534.033	414.8509	0.2246203	1.612665	4.215775
8280	-7116.561	-7532.506	415.9441	0.2198672	1.579004	3.615949
8286	-7123.029	-7536.803	413.7735	0.2686205	1.517361	4.809994
8292	-7116.12	-7529.35	413.2302	0.2420269	1.471284	5.175672
8298	-7124.036	-7538.961	414.9249	0.239885	1.6915	4.105216
8304	-7115.418	-7530.294	414.8753	0.2265556	1.610462	4.200131
8310	-7134.204	-7548.716	414.512	0.2427487	1.513143	4.435729
8316	-7137.926	-7551.859	413.9333	0.2547864	1.411339	4.799645
8322	-7124.081	-7536.799	412.718	0.227341	1.412818	5.512449
8328	-7115.564	-7527.733	412.1689	0.2542112	1.322712	5.823568
8334	-7128.853	-7542.175	413.3217	0.2524216	1.428749	5.133404
8340	-7106.82	-7520.155	413.335	0.2865143	1.428749	5.078884
8346	-7131.992	-7546.06	414.0685	0.260332	1.472832	4.681736
8352	-7130.92	-7545.372	414.452	0.2536347	1.547612	4.434009
8358	-7127.942	-7543.126	415.184	0.258796	1.540855	4.015116
8364	-7111.732	-7525.822	414.0899	0.2413584	1.502186	4.681016
8370	-7125.187	-7537.634	412.4477	0.2600049	1.378861	5.631898
8376	-7112.221	-7524.645	412.4239	0.2407618	1.452928	5.631898
8382	-7122.693	-7536.746	414.0526	0.2574538	1.532624	4.66129
8388	-7135.684	-7550.389	414.7055	0.2126783	1.519062	4.37021
8394	-7127.512	-7542.404	414.8914	0.1945508	1.499017	4.306796
8400	-7127.446	-7540.468	413.0223	0.2421649	1.448881	5.302774
8406	-7119.529	-7532.042	412.5127	0.2708496	1.373726	5.584053
8412	-7117.941	-7530.644	412.7033	0.2708496	1.377595	5.477187
8418	-7136.288	-7551.255	414.9665	0.2786646	1.511793	4.127347
8424	-7125.729	-7541.139	415.4107	0.2825037	1.511647	3.868281
8430	-7126.839	-7541.699	414.8604	0.2597384	1.455853	4.246206
8436	-7126.985	-7541.642	414.6563	0.3083625	1.542479	4.246206
8442	-7122.482	-7538.44	415.9581	0.2459245	1.679068	3.50824
8448	-7119.94	-7536.216	416.2759	0.2696498	1.657401	3.298977
8454	-7126.955	-7543.174	416.2196	0.2266056	1.655992	3.399379
8460	-7106.385	-7522.413	416.0285	0.2253053	1.655992	3.513193
8466	-7097.311	-7513.025	415.7136	0.235052	1.62565	3.698088
8472	-7104.852	-7519.888	415.0359	0.2475737	1.612167	4.075561
8478	-7105.981	-7521.386	415.4045	0.2282126	1.653988	3.870649
8484	-7106.507	-7521.759	415.2519	0.2282126	1.647051	3.962049
8490	-7103.373	-7518.116	414.7438	0.2411177	1.56958	4.275357
8496	-7116.158	-7530.73	414.5718	0.26211	1.48774	4.387946
8502	-7121.35	-7535.26	413.9104	0.2231169	1.48774	4.817277
8508	-7112.151	-7526.211	414.0607	0.2161753	1.442426	4.769632
8514	-7101.405	-7515.408	414.0036	0.2376227	1.440055	4.769632
8520	-7104.711	-7518.498	413.787	0.2466871	1.44642	4.873413
8526	-7113.319	-7527.044	413.7252	0.2398592	1.436296	4.923598
8532	-7116.091	-7530.611	414.5199	0.2406094	1.511901	4.435177
8538	-7111.887	-7525.806	413.9189	0.2406094	1.463075	4.799603
8544	-7133.349	-7548.104	414.7543	0.2459755	1.49003	4.30717
8550	-7119.6	-7534.176	414.5762	0.280284	1.534757	4.333396
8556	-7120.069	-7534.664	414.5947	0.2866685	1.534757	4.314251
8562	-7121.891	-7536.943	415.0514	0.2568972	1.531788	4.098703
8568	-7131.859	-7546.742	414.8829	0.2928513	1.611598	4.098703
8574	-7135.626	-7550.961	415.3345	0.2554104	1.497113	3.959045
8580	-7135.225	-7550.401	415.1759	0.2565629	1.682495	3.942042
8586	-7110.128	-7525.77	415.6424	0.246192	1.619422	3.725597
8592	-7111.991	-7527.819	415.8274	0.2755169	1.572844	3.602184
8598	-7117.692	-7531.572	413.8799	0.2245197	1.572844	4.784632
8604	-7107.303	-7521.696	414.3931	0.2538076	1.531448	4.476018
8610	-7123.828	-7538.193	414.3651	0.2632298	1.535307	4.476018
8616	-7120.328	-7534.992	414.6637	0.2587508	1.546348	4.307778
8622	-7127.464	-7541.706	414.2414	0.2810696	1.484893	4.549069
8628	-7113.651	-7527.561	413.9106	0.2921051	1.586152	4.662997
8634	-7114.62	-7528.688	414.0688	0.2505649	1.531221	4.662997
8640	-7115.756	-7529.81	414.0541	0.2691662	1.498408	4.662997
8646	-7105.689	-7519.762	414.0736	0.2635364	1.493079	4.662997
8652	-7111.219	-7523.99	412.7709	0.2138359	1.519637	5.445538
8658	-7126.202	-7539.673	413.4703	0.2931168	1.477679	4.967829
8664	-7135.668	-7548.681	413.0134	0.2500996	1.465293	5.287031
8670	-7129.238	-7543.861	414.6225	0.2852926	1.472274	4.335696
8676	-7128.593	-7545.003	416.41	0.2756354	1.639003	3.22189
8682	-7115.989	-7531.764	415.7755	0.2574713	1.587723	3.649941
8688	-7122.733	-7538.489	415.7559	0.2574038	1.607576	3.649941
8694	-7114.637	-7530.265	415.6273	0.2679064	1.630503	3.695683
8700	-7120.673	-7536.432	415.7589	0.2328405	1.590556	3.695683
8706	-7137.776	-7553.591	415.815	0.2348967	1.640539	3.631021
8712	-7140.674	-7556.616	415.942	0.2348967	1.662044	3.544725
8718	-7141.159	-7557.968	416.8095	0.2050407	1.759674	3.025072
8724	-7123.342	-7538.318	414.9767	0.2243336	1.554264	4.177972
8730	-7138.133	-7553.818	415.6848	0.2585619	1.650614	3.664452
8736	-7142.863	-7557.713	414.8501	0.2879484	1.495391	4.190087
8742	-7138.222	-7553.169	414.9465	0.2572706	1.594626	4.122069
8748	-7112.793	-7527.756	414.9626	0.2724589	1.540308	4.122069
8754	-7112.657	-7528.24	415.5826	0.2665933	1.637672	3.71924
8760	-7098.04	-7513.358	415.3176	0.2789538	1.630018	3.858669
8766	-7107.783	-7523.432	415.6488	0.2287622	1.652641	3.729876
8772	-7107.926	-7522.099	414.1731	0.2526208	1.584835	4.571423
8778	-7128.394	-7541.78	413.3861	0.2674012	1.495292	5.039603
8784	-7114.264	-7528.089	413.8249	0.243659	1.456362	4.85124
8790	-7128.236	-7542.001	413.7644	0.2362677	1.434203	4.908328
8796	-7128.735	-7543.429	414.6945	0.2689194	1.504515	4.299454
8802	-7112.511	-7527.433	414.922	0.2020413	1.467573	4.294543
8808	-7108.692	-7523.012	414.3195	0.2308114	1.509341	4.564318
8814	-7110.139	-7524.447	414.3081	0.2806967	1.391953	4.564318
8820	-7118.02	-7531.074	413.0542	0.2812496	1.550269	5.174166
8826	-7127.106	-7539.682	412.5762	0.2610039	1.418898	5.537958
8832	-7136.22	-7549.729	413.5087	0.264772	1.408552	5.023366
8838	-7124.516	-7537.106	412.5899	0.2670222	1.325381	5.573457
8844	-7124.457	-7538.198	413.7416	0.2265753	1.395225	4.957477
8850	-7126.737	-7540.195	413.4581	0.2299087	1.420269	5.095883
8856	-7138.781	-7550.811	412.0299	0.2649077	1.371197	5.858112
8862	-7120.957	-7533.013	412.0557	0.2547964	1.371197	5.858112
8868	-7110.128	-7523.481	413.3533	0.2615861	1.375859	5.132128
8874	-7107.183	-7520.096	412.9134	0.2745696	1.36295	5.364436
8880	-7116.934	-7530.047	413.1131	0.2330792	1.364567	5.312722
8886	-7123.615	-7535.934	412.3194	0.2813464	1.303438	5.714506
8892	-7086.368	-7499.127	412.759	0.2369955	1.378785	5.494136
8898	-7092.601	-7506.497	413.8959	0.2544114	1.442846	4.803436
8904	-7101.356	-7515.2	413.8441	0.2286712	1.563382	4.803436
8910	-7128.044	-7542.68	414.6366	0.2638066	1.583701	4.294671
8916	-7117.206	-7532.063	414.8567	0.2540464	1.548611	4.204
8922	-7110.722	-7525.252	414.5302	0.2276826	1.46916	4.473269
8928	-7128.574	-7543.466	414.892	0.2276826	1.536292	4.230974
8934	-7112.039	-7526.501	414.4617	0.2420883	1.550384	4.444078
8940	-7108.36	-7520.389	412.0288	0.2293133	1.315787	5.940201
8946	-7124.724	-7537.843	413.1193	0.2636428	1.40497	5.242639
8952	-7111.618	-7526.299	414.6809	0.2393783	1.525667	4.338423
8958	-7123.491	-7536.171	412.6802	0.2373686	1.456641	5.494074
8964	-7131.707	-7543.181	411.4739	0.2595231	1.450721	6.125507
8970	-7158.577	-7571.275	412.6978	0.2316226	1.429816	5.507747
8976	-7140.58	-7553.236	412.6563	0.2529096	1.414541	5.507747
8982	-7156.779	-7567.696	410.917	0.1987933	1.380545	6.556977
8988	-7123.648	-7534.515	410.8675	0.2578642	1.266549	6.556977
8994	-7118.011	-7531.252	413.2413	0.257787	1.36031	5.208114
9000	-7115.909	-7529.077	413.168	0.2395728	1.466852	5.216172
9006	-7112.04	-7526.412	414.3717	0.256785	1.474144	4.516008
9012	-7144.798	-7558.431	413.6338	0.2596117	1.456554	4.934419
9018	-7145.158	-7559.548	414.3897	0.2835599	1.414225	4.502033
9024	-7147.593	-7560.512	412.919	0.2981829	1.489277	5.260317
9030	-7124.925	-7539.022	414.097	0.256237	1.493116	4.660303
9036	-7112.067	-7526.217	414.1492	0.2423767	1.477154	4.660303
9042	-7129.274	-7542.535	413.2607	0.2235136	1.604202	5.113173
9048	-7103.401	-7517.961	414.5599	0.2534106	1.53866	4.378504
9054	-7119.234	-7534.438	415.2041	0.2618569	1.637869	3.943692
9060	-7107.22	-7520.56	413.34	0.240424	1.504431	5.098829
9066	-7114.096	-7527.45	413.3542	0.240424	1.490276	5.098829
9072	-7121.005	-7534.148	413.1431	0.240424	1.490396	5.215647
9078	-7125.959	-7539.914	413.9558	0.2463818	1.578071	4.706163
9084	-7140.064	-7553.445	413.3807	0.2797677	1.585723	4.975369
9090	-7124.236	-7538.612	414.3762	0.2059155	1.551465	4.54846
9096	-7122.363	-7535.401	413.0387	0.254095	1.502749	5.246651
9102	-7111.194	-7525.182	413.9879	0.2686224	1.486793	4.707309
9108	-7125.585	-7538.701	413.1157	0.2697431	1.478003	5.195794
9114	-7119.483	-7532.73	413.2472	0.2713076	1.470276	5.125068
9120	-7123.423	-7537.659	414.2355	0.2711306	1.493418	4.561321
9126	-7120.559	-7534.842	414.2826	0.2564857	1.483317	4.561321
9132	-7106.844	-7521.104	414.2604	0.2698299	1.477858	4.557907
9138	-7112.25	-7526.648	414.398	0.2264132	1.454407	4.557907
9144	-7113.868	-7528.186	414.3179	0.2729848	1.507082	4.504739
9150	-7110.184	-7524.066	413.8824	0.2519981	1.520702	4.771027
9156	-7126.016	-7541.441	415.425	0.2233986	1.520702	3.94299
9162	-7130.849	-7546.099	415.25	0.2688936	1.645502	3.902889
9168	-7110.479	-7525.69	415.2117	0.2543164	1.635998	3.951478
9174	-7113.623	-7529.225	415.602	0.2721683	1.635998	3.700989
9180	-7110.145	-7525.409	415.264	0.2365943	1.604718	3.966277
9186	-7107.875	-7521.926	414.051	0.2921648	1.499098	4.633014
9192	-7106.371	-7521.735	415.3638	0.2720173	1.517348	3.906642
9198	-7118.796	-7533.634	414.838	0.2647696	1.517348	4.216787
9204	-7132.339	-7547.145	414.8065	0.2647696	1.54883	4.216787
9210	-7118.247	-7532.696	414.4498	0.2540904	1.517515	4.451568
9216	-7128.68	-7542.315	413.6349	0.2609994	1.472905	4.922757
9222	-7126.453	-7538.847	412.394	0.2671887	1.310135	5.689108
9228	-7113.317	-7526.095	412.7777	0.2840527	1.338179	5.440133
9234	-7116.479	-7528.461	411.9825	0.2840527	1.317453	5.887611
9240	-7113.122	-7525.061	411.939	0.2834898	1.362295	5.887611
9246	-7114.774	-7528.652	413.8782	0.2906993	1.434384	4.767863
9252	-7107.392	-7520.87	413.4781	0.260529	1.438722	5.029556
9258	-7098.627	-7512.677	414.0502	0.2971338	1.578536	4.582325
9264	-7113.915	-7528.807	414.8921	0.3009408	1.507844	4.141727
9270	-7112.897	-7527.345	414.4476	0.2533919	1.552215	4.434258
9276	-7116.371	-7530.373	414.0018	0.2694371	1.54932	4.663365
9282	-7096.875	-7510.324	413.4487	0.255777	1.402866	5.072538
9288	-7111.148	-7524.419	413.2712	0.2402651	1.405725	5.19186
9294	-7103.449	-7516.987	413.5377	0.2635801	1.405725	5.010502
9300	-7113.69	-7528.991	415.3009	0.2551114	1.514882	3.96859
9306	-7102.65	-7518.214	415.5637	0.2388691	1.6206	3.781543
9312	-7094.847	-7510.65	415.8029	0.2380667	1.626892	3.640963
9318	-7111.606	-7527.055	415.4485	0.263313	1.569304	3.84069
9324	-7101.812	-7517.074	415.2619	0.2488524	1.628253	3.935316
9330	-7106.28	-7521.208	414.9283	0.273609	1.631096	4.088249
9336	-7099.47	-7515.302	415.8328	0.2286095	1.618647	3.64335
9342	-7098.881	-7514.661	415.7793	0.2572617	1.584529	3.64995
9348	-7111.525	-7526.892	415.3666	0.2572617	1.584529	3.887833
9354	-7103.782	-7518.164	414.382	0.2524397	1.513826	4.494215
9360	-7094.712	-7509.076	414.3645	0.2524397	1.536755	4.491133
9366	-7101.896	-7515.679	413.783	0.2637011	1.47762	4.833811
9372	-7098.748	-7513.073	414.3253	0.2454076	1.468824	4.561726
9378	-7111.496	-7525.609	414.1125	0.2201364	1.482925	4.711786
9384	-7114.845	-7528.7	413.8552	0.2613006	1.458151	4.807752
9390	-7107.933	-7520.145	412.2116	0.266748	1.350096	5.76774
9396	-7114.536	-7527.708	413.1718	0.2844333	1.443085	5.164093
9402	-7095.94	-7509.17	413.2296	0.2598503	1.434106	5.170834
9408	-7104.059	-7517.231	413.1716	0.2597264	1.506164	5.16325
9414	-7115.482	-7528.52	413.038	0.2539145	1.441169	5.281286
9420	-7129.277	-7543.015	413.7374	0.2417367	1.622139	4.810429
9426	-7109.451	-7522.214	412.7638	0.2512646	1.420356	5.447776
9432	-7114.924	-7528.242	413.3177	0.2652192	1.49945	5.078287
9438	-7127.5	-7540.661	413.1612	0.2259141	1.441413	5.254586
9444	-7110.975	-7524.883	413.9081	0.2734209	1.517411	4.728121
9450	-7108.159	-7521.779	413.6205	0.2735923	1.479496	4.909512
9456	-7107.243	-7520.577	413.333	0.246395	1.461192	5.117884
9462	-7122.921	-7535.97	413.0483	0.256181	1.375449	5.3087
9468	-7114.087	-7528.967	414.8799	0.2394844	1.543825	4.215333
9474	-7116.33	-7531.237	414.9072	0.2346812	1.570663	4.191959
9480	-7089.028	-7503.524	414.4959	0.2259701	1.569397	4.438818
9486	-7100.684	-7515.775	415.0911	0.2432568	1.673494	4.015588
9492	-7103.454	-7518.826	415.3721	0.2432568	1.518306	3.943624
9498	-7097.928	-7512.353	414.425	0.2608522	1.532624	4.447203
9504	-7102.221	-7517.083	414.8619	0.2545209	1.541138	4.204597
9510	-7111.192	-7525.444	414.252	0.220808	1.541138	4.599963
9516	-7119.048	-7533.91	414.8627	0.2243494	1.573819	4.231554
9522	-7105.375	-7520.524	415.1485	0.2243494	1.594775	4.057117
9528	-7114.417	-7529.484	415.0668	0.2330274	1.652535	4.057117
9534	-7134.704	-7550.667	415.9632	0.2951163	1.708614	3.41634
9540	-7106.563	-7522.012	415.4489	0.2542933	1.59463	3.839153
9546	-7101.349	-7516.399	415.0498	0.2416452	1.538851	4.118316
9552	-7106.809	-7521.786	414.9775	0.2333389	1.558492	4.16102
9558	-7103.053	-7517.066	414.0134	0.2525097	1.518283	4.698394
9564	-7110.726	-7525.721	414.9952	0.2480374	1.524604	4.147851
9570	-7111.01	-7525.898	414.8877	0.2480374	1.6321	4.147851
9576	-7125.093	-7539.516	414.4235	0.2480374	1.529461	4.468533
9582	-7106.699	-7519.908	413.2082	0.273325	1.365177	5.202088
9588	-7114.202	-7526.365	412.1626	0.2421814	1.382257	5.81171
9594	-7114.287	-7526.913	412.6256	0.2614925	1.308382	5.570887
9600	-7112.559	-7526.068	413.5093	0.2730989	1.539395	4.938762
9606	-7138.9	-7553.505	414.6055	0.2174484	1.552681	4.399947
9612	-7147.433	-7562.457	415.0233	0.2933617	1.606005	4.021181
9618	-7111.043	-7526.11	415.0669	0.263172	1.636241	4.021181
9624	-7110.418	-7525.24	414.822	0.2570168	1.609938	4.184553
9630	-7122.234	-7537.298	415.0638	0.294494	1.543249	4.032377
9636	-7127.808	-7542.897	415.0888	0.2539336	1.588007	4.049707
9642	-7133.711	-7549.355	415.6444	0.2320302	1.542199	3.790901
9648	-7099.588	-7514.928	415.3405	0.2706584	1.694973	3.819922
9654	-7097.316	-7511.467	414.1509	0.2515938	1.542693	4.609007
9660	-7099.794	-7513.982	414.1871	0.2507179	1.508817	4.609007
9666	-7101.854	-7517.086	415.2322	0.2319353	1.62366	3.980859
9672	-7121.23	-7536.119	414.8896	0.2405197	1.624384	4.162479
9678	-7117.445	-7531.187	413.7427	0.2143244	1.507308	4.913728
9684	-7097.951	-7510.626	412.6747	0.2373222	1.476631	5.486152
9690	-7125.379	-7537.875	412.4964	0.2491159	1.447868	5.58277
9696	-7126.45	-7538.318	411.8681	0.2394376	1.369879	5.983397
9702	-7118.914	-7530.9	411.9854	0.2398966	1.367665	5.919876
9708	-7110.472	-7522.069	411.5969	0.2286433	1.386063	6.138391
9714	-7161.973	-7576.316	414.3439	0.2763434	1.429493	4.529117
9720	-7136.394	-7551.593	415.1992	0.2679472	1.522934	4.003475
9726	-7131.013	-7544.125	413.1115	0.2680874	1.475681	5.201644
9732	-7129.063	-7544.034	414.9706	0.2174699	1.557159	4.19078
9738	-7140.183	-7555.061	414.8778	0.2670433	1.493262	4.204648
9744	-7148.827	-7559.63	410.8029	0.2452125	1.364079	6.556937
9750	-7140.981	-7551.846	410.8646	0.2631631	1.290425	6.53831
9756	-7133.687	-7545.571	411.8847	0.2682886	1.378517	5.928801
9762	-7109.292	-7525.781	416.489	0.2413444	1.744088	3.16481
9768	-7116.077	-7532.29	416.2127	0.230801	1.66641	3.390541
9774	-7099.757	-7516.065	416.3078	0.2663257	1.786514	3.208767
9780	-7115.885	-7532.133	416.2481	0.2229316	1.690469	3.368431
9786	-7118.404	-7533.784	415.3796	0.2249921	1.653263	3.890443
9792	-7125.878	-7541.251	415.3735	0.2249921	1.623943	3.910762
9798	-7120.472	-7535.009	414.5369	0.2579629	1.554353	4.376026
9804	-7127.417	-7540.687	413.2699	0.2250054	1.47858	5.175321
9810	-7100.568	-7515.122	414.5542	0.2195305	1.516718	4.445825
9816	-7109.55	-7524.767	415.2169	0.2195305	1.564383	4.043174
9822	-7121.474	-7536.571	415.0963	0.236327	1.590171	4.07077
9828	-7120.327	-7536.366	416.0386	0.2441852	1.658604	3.475865
9834	-7104.743	-7521.017	416.274	0.2441852	1.698647	3.31437
9840	-7112.236	-7528.323	416.0876	0.2800082	1.57639	3.442076
9846	-7108.452	-7524.701	416.2489	0.2759003	1.609566	3.333904
9852	-7115.437	-7530.868	415.431	0.2322756	1.610548	3.87393
9858	-7121.514	-7535.849	414.3352	0.2251784	1.574825	4.527454
9864	-7114.91	-7530.714	415.8047	0.2626179	1.7348	3.53995
9870	-7127.607	-7542.852	415.2446	0.2463467	1.638642	3.943034
9876	-7095.3	-7509.723	414.4223	0.2478854	1.63707	4.408795
9882	-7091.229	-7506.629	415.4	0.241498	1.661491	3.848204
9888	-7090.092	-7505.752	415.6595	0.2496462	1.6666	3.683217
9894	-7115.389	-7531.045	415.6566	0.2427152	1.651251	3.704334
9900	-7096.609	-7513.215	416.6057	0.2221713	1.770489	3.110936
9906	-7100.657	-7517.005	416.3481	0.2548752	1.814401	3.185621
9912	-7099.412	-7515.023	415.6115	0.2241835	1.733552	3.712033
9918	-7108.146	-7522.847	414.7017	0.2563254	1.723289	4.1895
9924	-7108.513	-7524.232	415.719	0.2300333	1.744151	3.634289
9930	-7110.103	-7525.876	415.7737	0.2438773	1.652094	3.634289
9936	-7117.269	-7531.953	414.6844	0.2509492	1.661302	4.242387
9942	-7125.189	-7539.955	414.7663	0.2029983	1.561352	4.327941
9948	-7121.717	-7536.53	414.8132	0.2052859	1.565347	4.295325
9954	-7116.885	-7531.415	414.53	0.2052859	1.486372	4.499682
9960	-7127.476	-7541.847	414.3708	0.2275215	1.582057	4.499682
9966	-7136.349	-7550.324	413.9745	0.236553	1.496063	4.756205
9972	-7119.538	-7533.406	413.8683	0.2211657	1.496063	4.839193
9978	-7114.284	-7528.531	414.2475	0.2799796	1.534397	4.519335
9984	-7123.002	-7538.53	415.5285	0.2560647	1.59516	3.79046
9990	-7127.452	-7543.1	415.648	0.2260628	1.62579	3.750159
9996	-7108.269	-7523.979	415.7092	0.237812	1.708875	3.648124
10002	-7099.398	-7515.11	415.7116	0.2501366	1.673804	3.648124
10008	-7097.008	-7512.927	415.9193	0.2489312	1.672873	3.529802
10014	-7102.151	-7518.374	416.223	0.236283	1.730224	3.338232
10020	-7109.735	-7524.966	415.2319	0.2634421	1.678461	3.90219
10026	-7095.8	-7510.501	414.7012	0.2245076	1.480701	4.375374
10032	-7102.12	-7516.698	414.5772	0.2561592	1.649228	4.302252
10038	-7105.829	-7520.286	414.4566	0.2481304	1.586348	4.417664
10044	-7114.723	-7528.635	413.9128	0.2599817	1.511364	4.747734
10050	-7103.734	-7518.618	414.884	0.2352428	1.511364	4.237868
10056	-7098.272	-7512.786	414.5142	0.2476672	1.550023	4.406382
10062	-7112.392	-7526.657	414.2647	0.2309237	1.515487	4.591445
10068	-7113.229	-7527.48	414.2508	0.2196205	1.560825	4.591445
10074	-7105.178	-7519.9	414.7221	0.239113	1.555248	4.298839
10080	-7121.843	-7537.078	415.2347	0.2454889	1.632385	3.953613
10086	-7132.417	-7546.385	413.9682	0.2419877	1.473608	4.764102
10092	-7142.791	-7558.225	415.4343	0.1957284	1.65186	3.908638
10098	-7144.41	-7558.291	413.8813	0.2198965	1.584828	4.784406
10104	-7122.491	-7536.683	414.192	0.2314693	1.555122	4.609127
10110	-7134.731	-7549.818	415.0869	0.266262	1.555122	4.051609
10116	-7124.502	-7538.434	413.9315	0.2454266	1.583082	4.718347
10122	-7120.045	-7533.543	413.4977	0.2425647	1.45189	5.037352
10128	-7122.399	-7534.997	412.5978	0.2521034	1.367459	5.56695
10134	-7122.239	-7535.332	413.0935	0.2417642	1.429607	5.274673
10140	-7128.694	-7541.532	412.8377	0.2379851	1.471435	5.398302
10146	-7127.124	-7540.517	413.393	0.2244489	1.452753	5.122294
10152	-7119.961	-7533.953	413.9921	0.2621461	1.485568	4.714759
10158	-7125.175	-7537.49	412.3147	0.2552663	1.433425	5.681624
10164	-7141.388	-7555.657	414.2697	0.2574094	1.429948	4.597222
10170	-7146.214	-7559.887	413.6737	0.2207587	1.497673	4.947323
10176	-7129.855	-7544.945	415.09	0.2304942	1.520393	4.123118
10182	-7138.744	-7553.246	414.5022	0.2777124	1.403551	4.452731
10188	-7119.195	-7533.222	414.0273	0.2282982	1.402785	4.791393
10194	-7118.916	-7534.097	415.1808	0.2238238	1.559343	4.059771
10200	-7109.713	-7525.021	415.3075	0.2238238	1.625457	3.949565
10206	-7118.692	-7533.567	414.8748	0.2150903	1.643326	4.200106
10212	-7117.162	-7531.015	413.8526	0.223802	1.48885	4.84785
10218	-7119.039	-7532.54	413.5004	0.223802	1.463652	5.05772
10224	-7116.724	-7529.726	413.0023	0.2432518	1.564713	5.24825
10230	-7122.918	-7535.779	412.8614	0.2191285	1.471254	5.414012
10236	-7139.8	-7554.288	414.4877	0.2351913	1.566758	4.430665
10242	-7112.293	-7526.63	414.3367	0.2714068	1.623736	4.430665
10248	-7116.825	-7532.542	415.7162	0.2435914	1.742394	3.615669
10254	-7118.881	-7535.298	416.4179	0.2435914	1.789296	3.176648
10260	-7100.439	-7517.326	416.8874	0.2435914	1.789296	2.895597
10266	-7113.094	-7529.05	415.9565	0.203685	1.672093	3.581827
10272	-7125.324	-7541.108	415.7839	0.2219226	1.676332	3.649056
10278	-7142.028	-7557.268	415.2398	0.2394884	1.582194	3.988512
10284	-7136.257	-7550.567	414.3098	0.2280561	1.505781	4.57601
10290	-7100.279	-7514.624	414.3442	0.2158216	1.505781	4.57601
10296	-7119.752	-7533.419	413.6667	0.2158216	1.468443	4.975239
10302	-7133.146	-7549.542	416.3958	0.2045992	1.643426	3.340272
10308	-7130.866	-7547.635	416.7691	0.1802368	1.726026	3.114578
10314	-7120.798	-7536.909	416.1119	0.2331112	1.726026	3.410991
10320	-7120.345	-7534.727	414.3823	0.2339418	1.512302	4.522518
10326	-7120.747	-7534.002	413.2551	0.2584556	1.455499	5.146869
10332	-7107.168	-7522.356	415.1876	0.2664491	1.527839	4.009436
10338	-7106.507	-7520.164	413.6571	0.2188427	1.406188	5.010378
10344	-7106.257	-7519.646	413.3885	0.2278896	1.434196	5.129801
10350	-7104.923	-7519.392	414.4689	0.2278896	1.447315	4.519721
10356	-7116.23	-7530.939	414.7093	0.2675503	1.477604	4.308228
10362	-7105.582	-7520.383	414.8011	0.2544859	1.533843	4.243253
10368	-7123.279	-7537.918	414.6386	0.2606899	1.510464	4.339448
10374	-7133.362	-7548.49	415.1281	0.2507236	1.563427	4.046064
10380	-7144.314	-7558.314	414.0002	0.2561408	1.392104	4.77104
10386	-7124.982	-7538.851	413.8688	0.2672852	1.4952	4.77104
10392	-7131.918	-7545.926	414.0082	0.2365488	1.435819	4.77104
10398	-7113.818	-7528.937	415.1189	0.2365488	1.52424	4.095087
10404	-7117.62	-7531.475	413.8552	0.2612585	1.455898	4.809083
10410	-7127.464	-7540.546	413.0822	0.2612585	1.318279	5.314352
10416	-7127.383	-7541.841	414.4584	0.241649	1.46253	4.496031
10422	-7141.203	-7555.945	414.7413	0.2879318	1.54819	4.221871
10428	-7137.169	-7550.967	413.7977	0.2814191	1.394291	4.847607
10434	-7121.949	-7537.066	415.1168	0.2334114	1.534384	4.095345
10440	-7131.111	-7546.357	415.2455	0.2179877	1.654112	3.978072
10446	-7128.298	-7543.016	414.7181	0.2568454	1.556421	4.27406
10452	-7123.804	-7538.669	414.8646	0.2191858	1.511373	4.27406
10458	-7125.009	-7538.239	413.2297	0.2435015	1.465926	5.176713
10464	-7111.949	-7525.582	413.6334	0.2507309	1.467658	4.941206
10470	-7134.047	-7547.435	413.3879	0.2507309	1.478536	5.071549
10476	-7121.923	-7533.829	411.906	0.2507309	1.344252	5.960353
10482	-7145.058	-7558.649	413.5908	0.2426109	1.485017	4.967146
10488	-7128.024	-7541.817	413.7934	0.2708056	1.485017	4.813908
10494	-7101.106	-7514.682	413.5767	0.2462278	1.549925	4.933559
10500	-7104.331	-7517.997	413.6653	0.2370087	1.485959	4.933559
10506	-7111.335	-7524.953	413.6183	0.2379079	1.522537	4.938017
10512	-7132.72	-7545.251	412.5314	0.2171542	1.417545	5.628108
10518	-7113.229	-7527.243	414.0141	0.2619536	1.490231	4.700132
10524	-7111.273	-7524.38	413.1072	0.2583983	1.488688	5.210441
10530	-7123.543	-7538.394	414.8503	0.2399784	1.640375	4.176587
10536	-7114.88	-7528.92	414.0404	0.2462718	1.541314	4.679514
10542	-7132.849	-7547.197	414.3477	0.2618778	1.50305	4.505904
10548	-7124.602	-7538.052	413.4496	0.2284928	1.45874	5.081377
10554	-7125.827	-7538.306	412.4788	0.2164757	1.457608	5.63603
10560	-7126.847	-7539.278	412.4309	0.227106	1.475641	5.63603
10566	-7120.796	-7534.454	413.658	0.2539465	1.482633	4.914524
10572	-7123.727	-7537.802	414.0747	0.2388876	1.558151	4.661922
10578	-7140.675	-7555.091	414.4163	0.2672927	1.461727	4.482894
10584	-7124.756	-7538.724	413.9675	0.2275689	1.575376	4.729519
10590	-7123.225	-7537.147	413.9216	0.2558201	1.545906	4.729519
10596	-7138.015	-7551.579	413.5643	0.2287417	1.492048	4.998857
10602	-7124.699	-7538.754	414.0548	0.263135	1.572576	4.629519
10608	-7115.563	-7529.2	413.6372	0.2155335	1.439444	5.008186
10614	-7106.409	-7520.736	414.327	0.2224351	1.485444	4.586525
10620	-7118.552	-7532.927	414.3757	0.2203649	1.549742	4.526379
10626	-7099.945	-7514.528	414.5829	0.2310458	1.473305	4.436066
10632	-7113.738	-7529.021	415.2831	0.2310458	1.628227	3.950518
10638	-7102.554	-7517.899	415.3448	0.2310458	1.566542	3.950518
10644	-7133.163	-7546.394	413.2311	0.2206738	1.396235	5.249022
10650	-7139.803	-7552.109	412.3055	0.2399089	1.382029	5.736954
10656	-7115.904	-7527.655	411.7516	0.2194198	1.356121	6.084449
10662	-7140.272	-7553.446	413.1741	0.2583724	1.483074	5.176556
10668	-7117.652	-7531.611	413.9592	0.2543361	1.442556	4.768385
10674	-7107.546	-7521.496	413.9498	0.2292363	1.480983	4.789575
10680	-7122.828	-7537.682	414.854	0.2718003	1.587543	4.157895
10686	-7133.051	-7547.732	414.681	0.25485	1.507037	4.325876
10692	-7127.319	-7541.099	413.7801	0.2359843	1.479116	4.87498
10698	-7109.57	-7523.426	413.8563	0.23936	1.393786	4.87498
10704	-7113.693	-7528.289	414.5961	0.2336009	1.548493	4.382267
10710	-7126.768	-7540.805	414.0368	0.2334507	1.511069	4.717707
10716	-7137.128	-7550.968	413.8408	0.3124269	1.511069	4.717707
10722	-7122.59	-7537.817	415.227	0.2343252	1.598737	3.994382
10728	-7117.352	-7532.628	415.2759	0.2401358	1.534067	3.994382
10734	-7115.968	-7530.2	414.2318	0.2430241	1.539633	4.578004
10740	-7124.816	-7539.085	414.2687	0.2323026	1.532913	4.577298
10746	-7131.91	-7546.111	414.201	0.2522469	1.547396	4.577298
10752	-7138.893	-7553.415	414.5223	0.2261373	1.596053	4.408657
10758	-7129.968	-7544.51	414.5425	0.2361696	1.547662	4.40905
10764	-7119.183	-7533.68	414.4967	0.2410943	1.580195	4.40905
10770	-7111.464	-7526.428	414.9637	0.2260435	1.564996	4.176574
10776	-7116.219	-7530.977	414.7585	0.253096	1.625535	4.217488
10782	-7127.409	-7541.098	413.6889	0.2762462	1.492629	4.860473
10788	-7135.543	-7549.292	413.7489	0.2682193	1.515462	4.825336
10794	-7138.418	-7553.595	415.1763	0.3538379	1.626351	3.844915
10800	-7124.63	-7539.736	415.1055	0.2477174	1.640285	4.019592
10806	-7144.893	-7560.085	415.1922	0.2305012	1.599816	4.019592
10812	-7131.292	-7544.193	412.9009	0.2731278	1.368021	5.370493
10818	-7096.182	-7510.026	413.8445	0.2602349	1.459839	4.814323
10824	-7111.383	-7524.045	412.6616	0.2562531	1.411794	5.501607
10830	-7110.759	-7525.161	414.4013	0.2523125	1.412417	4.540533
10836	-7111.796	-7525.103	413.3065	0.2862574	1.426808	5.096086
10842	-7135.546	-7551.831	416.2846	0.265105	1.718867	3.264295
10848	-7116.42	-7532.633	416.2129	0.2526795	1.680223	3.348007
10854	-7118.953	-7533.426	414.4727	0.2569373	1.47222	4.460013
10860	-7115.525	-7528.969	413.4439	0.2577186	1.432132	5.056178
10866	-7110.898	-7524.334	413.4362	0.2312048	1.528217	5.046159
10872	-7113.248	-7526.377	413.1283	0.2675298	1.467583	5.197607
10878	-7119.259	-7532.439	413.1795	0.2621019	1.472879	5.173911
10884	-7101.495	-7515.088	413.5929	0.2556083	1.472879	4.953794
10890	-7119.604	-7534.05	414.4455	0.2348172	1.545685	4.466876
10896	-7107.586	-7519.624	412.0381	0.2564916	1.344472	5.879943
10902	-7111.057	-7523.953	412.8953	0.2519816	1.411009	5.379444
10908	-7108.237	-7522.346	414.1097	0.2519816	1.411009	4.705293
10914	-7118.769	-7533.591	414.822	0.2493912	1.494305	4.261319
10920	-7113.272	-7526.336	413.064	0.2558907	1.401882	5.28584
10926	-7104.908	-7518.231	413.3226	0.2254559	1.380957	5.199504
10932	-7111.842	-7525.467	413.6247	0.2465674	1.459225	4.956818
10938	-7103.692	-7517.968	414.2763	0.2829074	1.480136	4.529654
10944	-7109.958	-7524.51	414.5519	0.2938877	1.400087	4.404746
10950	-7116.462	-7530.358	413.8959	0.2597578	1.446938	4.793524
10956	-7130.165	-7544.028	413.8629	0.2597578	1.479875	4.793524
10962	-7119.004	-7533.94	414.9354	0.2669542	1.492511	4.172492
10968	-7108.02	-7522.13	414.1107	0.2543788	1.463494	4.671901
10974	-7113.173	-7526.506	413.3336	0.2597919	1.511332	5.070485
10980	-7102.873	-7517.081	414.2084	0.2704686	1.506253	4.570267
10986	-7107.427	-7523.156	415.7285	0.2673103	1.628722	3.638968
10992	-7132.623	-7548.395	415.772	0.2545602	1.617743	3.638968
10998	-7119.552	-7535.78	416.2286	0.2607669	1.697903	3.316167
11004	-7113.277	-7528.98	415.7033	0.2556794	1.584991	3.696026
11010	-7129.937	-7546.219	416.2815	0.2567703	1.795309	3.233472
11016	-7121.105	-7537.218	416.1128	0.2492011	1.710646	3.394248
11022	-7112.944	-7529.722	416.7774	0.2275398	1.71306	3.033762
11028	-7138.515	-7554.039	415.5235	0.2434451	1.716634	3.742311
11034	-7120.998	-7536.917	415.9188	0.263581	1.702979	3.49057
11040	-7118.891	-7534.954	416.0628	0.2242069	1.70498	3.466378
11046	-7124.909	-7540.623	415.714	0.2308726	1.70498	3.658552
11052	-7125.091	-7538.302	413.2111	0.2778134	1.49774	5.120961
11058	-7141.07	-7554.356	413.2863	0.2798581	1.509311	5.070129
11064	-7119.28	-7532.589	413.3093	0.2768729	1.493594	5.070129
11070	-7127.366	-7540.797	413.4311	0.2940609	1.390816	5.036615
11076	-7119.958	-7533.699	413.7415	0.2214987	1.484773	4.915593
11082	-7131.039	-7544.549	413.5098	0.2394919	1.465757	5.027475
11088	-7125.942	-7541.302	415.36	0.2432403	1.610014	3.898004
11094	-7131.384	-7547.779	416.3954	0.2432403	1.739542	3.220034
11100	-7126.853	-7543.289	416.4355	0.2471135	1.826906	3.138299
11106	-7124.557	-7541.615	417.0572	0.2267745	1.80642	2.809904
11112	-7109.263	-7526.052	416.7894	0.2241391	1.838386	2.957044
11118	-7116.747	-7533.383	416.6354	0.2045565	1.774516	3.121021
11124	-7137.027	-7552.63	415.6031	0.2207407	1.607119	3.795367
11130	-7127.034	-7542.641	415.6071	0.233947	1.674708	3.733011
11136	-7134.603	-7548.181	413.578	0.2503778	1.519657	4.943623
11142	-7115.953	-7529.153	413.1995	0.2403729	1.427299	5.219414
11148	-7122.405	-7535.989	413.5847	0.226058	1.427299	5.027617
11154	-7116.645	-7530.104	413.4588	0.2571352	1.470197	5.027617
11160	-7108.178	-7522.806	414.6287	0.2255086	1.470197	4.420588
11166	-7111.415	-7524.163	412.7477	0.2635866	1.408922	5.445501
11172	-7112.195	-7527.091	414.8953	0.2613329	1.541036	4.175752
11178	-7125.805	-7539.874	414.0693	0.250965	1.540265	4.657038
11184	-7132.92	-7547.536	414.6154	0.2660715	1.527936	4.334976
11190	-7131.605	-7547.029	415.4244	0.2664053	1.579052	3.84449
11196	-7114.295	-7527.244	412.9485	0.2562736	1.430913	5.333017
11202	-7121.419	-7534.682	413.263	0.2562736	1.430913	5.15921
11208	-7122.852	-7536.74	413.8882	0.2100447	1.442264	4.875776
11214	-7123.93	-7536.654	412.7243	0.2238858	1.402675	5.519853
11220	-7119.173	-7532.267	413.0937	0.2522924	1.412502	5.268688
11226	-7103.358	-7517.387	414.0289	0.2496322	1.544703	4.679124
11232	-7102.127	-7516.633	414.5066	0.2330348	1.594322	4.407787
11238	-7097.305	-7511.881	414.5759	0.2403425	1.615465	4.345565
11244	-7120.034	-7534.67	414.6356	0.2516809	1.525835	4.345565
11250	-7134.038	-7549.689	415.6507	0.2014178	1.618179	3.79382
11256	-7126.677	-7541.071	414.3946	0.2033954	1.556298	4.539583
11262	-7128.199	-7542.099	413.9	0.2359094	1.488645	4.802901
11268	-7123.344	-7536.251	412.9071	0.2425556	1.481019	5.348003
11274	-7111.617	-7526.577	414.9598	0.2395571	1.522934	4.181698
11280	-7095.99	-7509.764	413.7745	0.2458459	1.522934	4.838998
11286	-7128.135	-7542.097	413.9612	0.2333158	1.588409	4.716941
11292	-7126.14	-7537.886	411.7457	0.2187516	1.490726	6.015368
11298	-7115.426	-7528.984	413.5584	0.2358662	1.519415	4.976112
11304	-7134.426	-7546.597	412.1713	0.207091	1.497692	5.797411
11310	-7120.219	-7532.733	412.5139	0.2177582	1.498414	5.592345
11316	-7124.073	-7535.996	411.9235	0.2105854	1.460536	5.947559
11322	-7124.322	-7536.196	411.874	0.2321426	1.624117	5.852097
11328	-7110.833	-7522.382	411.5491	0.2209263	1.433055	6.150539
11334	-7134.294	-7544.847	410.5531	0.2519127	1.398137	6.664177
11340	-7135.404	-7550.415	415.0106	0.2066004	1.605733	4.158325
11346	-7122.988	-7537.146	414.1583	0.2666753	1.503845	4.605037
11352	-7135.95	-7549.272	413.3223	0.2576661	1.420393	5.130202
11358	-7117.505	-7530.817	413.3127	0.2713638	1.395399	5.130202
11364	-7120.363	-7534.083	413.7196	0.2336362	1.50279	4.899056
11370	-7112.767	-7526.314	413.5467	0.2554207	1.458216	4.98788
11376	-7130.326	-7543.718	413.3918	0.2462903	1.517967	5.053949
11382	-7125.886	-7539.996	414.1097	0.2828225	1.550974	4.583533
11388	-7115.799	-7529.861	414.0623	0.2828225	1.598418	4.583533
11394	-7101.553	-7515.826	414.2738	0.2639479	1.580883	4.500759
11400	-7119.777	-7533.905	414.1281	0.2418699	1.528658	4.64405
11406	-7125.49	-7539.274	413.7835	0.2243107	1.48064	4.890094
11412	-7127.503	-7540.015	412.512	0.2775377	1.374849	5.574789
11418	-7137.402	-7549.846	412.4445	0.2611487	1.289603	5.681054
11424	-7135.134	-7547.363	412.2289	0.2411548	1.286977	5.829045
11430	-7133.97	-7546.525	412.5551	0.2663986	1.454121	5.522681
11436	-7116.281	-7530.071	413.7891	0.3082312	1.402315	4.812654
11442	-7115.951	-7528.932	412.9811	0.220435	1.461297	5.351539
11448	-7113.791	-7526.805	413.0144	0.2608297	1.319738	5.351539
11454	-7102.754	-7516.643	413.8888	0.2686166	1.469817	4.772218
11460	-7116.856	-7530.918	414.0627	0.29495	1.499145	4.622758
11466	-7104.283	-7518.06	413.7769	0.2723663	1.39948	4.868642
11472	-7103.145	-7517.083	413.9383	0.2876561	1.500197	4.701516
11478	-7109.307	-7523.155	413.8482	0.2610693	1.421377	4.832492
11484	-7109.803	-7523.931	414.1283	0.2178512	1.439216	4.73099
11490	-7111.318	-7525.492	414.1742	0.1861966	1.515684	4.715191
11496	-7119.029	-7533.044	414.0149	0.2218705	1.498974	4.754624
11502	-7119.33	-7533.871	414.5413	0.230526	1.549946	4.417079
11508	-7114.634	-7528.422	413.7882	0.2381208	1.440448	4.888815
11514	-7139.547	-7552.476	412.929	0.3229909	1.480656	5.228311
11520	-7122.735	-7534.955	412.2193	0.2470808	1.380757	5.774428
11526	-7121.066	-7533.327	412.2609	0.2510087	1.345772	5.765142
11532	-7123.373	-7536.85	413.4762	0.2550588	1.417799	5.050033
11538	-7122.797	-7535.877	413.0796	0.2621643	1.434096	5.250535
11544	-7107.725	-7520.913	413.1887	0.2939498	1.39242	5.170237
11550	-7124.569	-7537.649	413.0801	0.2807966	1.532496	5.170237
11556	-7106.142	-7520.431	414.2897	0.2500474	1.445253	4.588072
11562	-7120.228	-7534.082	413.8543	0.2888388	1.512411	4.740082
11568	-7111.447	-7526.114	414.6669	0.2364109	1.512411	4.358342
11574	-7096.322	-7509.726	413.4032	0.2663289	1.512411	5.022088
11580	-7096.349	-7510.574	414.2249	0.2663289	1.425659	4.612053
11586	-7096.923	-7511.626	414.7027	0.2904426	1.537139	4.246669
11592	-7105.241	-7520.461	415.2199	0.2429653	1.610199	3.978563
11598	-7106.307	-7522.557	416.2499	0.2722171	1.640397	3.320512
11604	-7125.037	-7540.531	415.4941	0.2656345	1.672657	3.751525
11610	-7128.064	-7543.493	415.4288	0.244076	1.595739	3.865448
11616	-7108.956	-7525.001	416.0453	0.245789	1.595739	3.506178
11622	-7108.599	-7524.49	415.8911	0.2712038	1.684816	3.506178
11628	-7136.421	-7552.018	415.5969	0.2452232	1.570336	3.781625
11634	-7131.221	-7543.497	412.2767	0.2781647	1.494663	5.637326
11640	-7116.09	-7531.725	415.635	0.2293557	1.575214	3.781567
11646	-7115.775	-7530.74	414.9652	0.2326053	1.58919	4.151705
11652	-7118.085	-7533.814	415.7295	0.2396974	1.628017	3.68027
11658	-7122.443	-7537.567	415.124	0.2484704	1.601051	4.030297
11664	-7117.008	-7531.922	414.914	0.2449601	1.526848	4.197312
11670	-7109.292	-7523.68	414.3884	0.2444201	1.487974	4.516982
11676	-7119.887	-7533.762	413.8751	0.253524	1.4867	4.791874
11682	-7107.916	-7522	414.0839	0.2105373	1.4867	4.740987
11688	-7114.412	-7528.994	414.5826	0.203242	1.55054	4.437331
11694	-7130.784	-7544.668	413.884	0.2586808	1.481449	4.7824
11700	-7127.989	-7540.053	412.0636	0.2933259	1.359363	5.808252
11706	-7122.35	-7535.138	412.788	0.2796446	1.365491	5.425303
11712	-7102.758	-7516.985	414.2266	0.2355705	1.392558	4.674583
11718	-7107.366	-7520.478	413.1127	0.2717275	1.412491	5.230944
11724	-7119.867	-7533.28	413.4134	0.2481624	1.461762	5.070433
11730	-7119.195	-7532.545	413.3493	0.2544724	1.509371	5.070433
11736	-7131.326	-7544.396	413.07	0.2544724	1.412078	5.278904
11742	-7127.379	-7540.718	413.3397	0.24744	1.40676	5.142812
11748	-7122.115	-7535.408	413.2936	0.2452798	1.458578	5.142812
11754	-7138.748	-7551.589	412.8409	0.2665513	1.369336	5.411876
11760	-7137.263	-7550.219	412.9563	0.2665513	1.46089	5.297751
11766	-7120.793	-7533.735	412.9417	0.252636	1.51099	5.297751
11772	-7123.004	-7534.037	411.0327	0.2667853	1.41369	6.375447
11778	-7112.707	-7526.233	413.5262	0.2556301	1.394186	5.034561
11784	-7117.384	-7531.279	413.8942	0.2294903	1.467736	4.827606
11790	-7114.909	-7529.071	414.1618	0.2670643	1.536249	4.584354
11796	-7116.783	-7531.401	414.6178	0.2290776	1.53204	4.3863
11802	-7108.847	-7521.073	412.2262	0.2528457	1.319177	5.796114
11808	-7126.277	-7540.138	413.8611	0.2373386	1.501738	4.815154
11814	-7115.483	-7529.358	413.8747	0.2602148	1.468009	4.792923
11820	-7109.953	-7524.389	414.4367	0.2603384	1.558941	4.426542
11826	-7136.469	-7551.018	414.5489	0.2603384	1.508836	4.391512
11832	-7141.239	-7554.955	413.7163	0.2347049	1.607835	4.840756
11838	-7124.892	-7540.398	415.5063	0.224969	1.664397	3.811306
11844	-7130.404	-7544.347	413.9423	0.2251302	1.614862	4.72532
11850	-7122.754	-7537.673	414.9193	0.2519979	1.570335	4.159104
11856	-7137.8	-7552.385	414.585	0.2519979	1.520722	4.376578
11862	-7126.671	-7538.211	411.54	0.2624931	1.386898	6.120143
11868	-7140.394	-7553.453	413.0586	0.2624931	1.410719	5.274587
11874	-7132.471	-7547.266	414.796	0.2496187	1.649664	4.187653
11880	-7134.507	-7550.149	415.642	0.2327086	1.627456	3.742101
11886	-7125.735	-7540.87	415.1357	0.2245586	1.567437	4.079657
11892	-7114.329	-7529.419	415.0904	0.2442186	1.559287	4.079657
11898	-7138.148	-7552.478	414.3305	0.2442186	1.46937	4.560275
11904	-7122.499	-7536.562	414.0636	0.2511298	1.475917	4.696018
11910	-7120.802	-7535.575	414.7728	0.2357234	1.614434	4.241732
11916	-7104.863	-7520.171	415.308	0.2357234	1.696714	3.889678
11922	-7137.131	-7552.176	415.0457	0.2521356	1.642998	4.045575
11928	-7151.793	-7566.87	415.0771	0.2617417	1.585583	4.046307
11934	-7126.688	-7542.074	415.3854	0.2517319	1.587168	3.883756
11940	-7117.414	-7532.191	414.7771	0.2780113	1.563432	4.206522
11946	-7119.559	-7533.227	413.668	0.2422473	1.459516	4.938958
11952	-7109.537	-7523.222	413.6845	0.2308773	1.473733	4.938958
11958	-7124.651	-7539.894	415.2434	0.2726698	1.580663	3.93842
11964	-7121.24	-7536.959	415.719	0.2322158	1.627599	3.698292
11970	-7103.147	-7519.127	415.9795	0.2317575	1.688425	3.512506
11976	-7120.169	-7535.938	415.769	0.226337	1.656314	3.662132
11982	-7123.059	-7538.669	415.6103	0.2123683	1.689358	3.757608
11988	-7121.732	-7537.444	415.7115	0.2519878	1.681203	3.641078
11994	-7120.318	-7536.244	415.9265	0.2216713	1.67449	3.567726
12000	-7130.622	-7546.72	416.0988	0.2507386	1.720016	3.39464
12006	-7136.579	-7552.853	416.2733	0.2205704	1.685194	3.360676
12012	-7128.888	-7544.609	415.7209	0.2577636	1.685194	3.624665
12018	-7124.318	-7541.398	417.08	0.2549673	1.734581	2.793889
12024	-7124.773	-7540.799	416.0255	0.2710936	1.691454	3.423916
12030	-7106.038	-7522.268	416.23	0.270308	1.76074	3.264148
12036	-7121.639	-7538.305	416.6664	0.242609	1.76497	3.044675
12042	-7111.379	-7527.695	416.3158	0.2687592	1.722052	3.238582
12048	-7119.599	-7536.208	416.6087	0.2415787	1.732292	3.100288
12054	-7112.116	-7528.779	416.663	0.215285	1.708602	3.125307
12060	-7123.544	-7540.086	416.5414	0.2463192	1.731303	3.133417
12066	-7124.939	-7540.589	415.6498	0.2463192	1.714048	3.666427
12072	-7128.548	-7544.271	415.7233	0.2735669	1.571002	3.666427
12078	-7125.024	-7540.095	415.0706	0.283929	1.535015	4.047566
12084	-7120.7	-7535.747	415.0476	0.2836565	1.558666	4.047566
12090	-7114.244	-7528.605	414.3608	0.2764336	1.468872	4.497343
12096	-7130.325	-7543.837	413.512	0.2764336	1.423335	4.997193
12102	-7118.012	-7531.818	413.8065	0.288111	1.44641	4.804589
12108	-7125.263	-7538.734	413.4709	0.2302965	1.434064	5.080515
12114	-7124.53	-7535.924	411.3937	0.2432218	1.391118	6.224665
12120	-7113.02	-7525.552	412.5319	0.2473329	1.4904	5.542468
12126	-7116.904	-7532.246	415.3417	0.2259623	1.616861	3.931537
12132	-7104.981	-7518.796	413.8152	0.2457054	1.616861	4.76407
12138	-7127.848	-7542.17	414.3223	0.2644745	1.413944	4.566542
12144	-7128.797	-7542.961	414.1639	0.2342502	1.480191	4.662628
12150	-7145.463	-7560.781	415.3185	0.2185529	1.594032	3.969788
12156	-7139.975	-7554.417	414.4417	0.2143536	1.571411	4.486677
12162	-7123.946	-7538.573	414.6269	0.289255	1.561548	4.277347
12168	-7125.902	-7539.31	413.408	0.2854297	1.529608	4.983805
12174	-7114.534	-7529.706	415.1718	0.2536115	1.592064	4.000442
12180	-7132.405	-7548.432	416.0268	0.2665094	1.717581	3.414566
12186	-7141.263	-7557.594	416.3313	0.2272507	1.717581	3.296458
12192	-7134.849	-7551.154	416.3048	0.2453351	1.771936	3.251188
12198	-7132.607	-7548.705	416.0975	0.2453351	1.754653	3.383404
12204	-7114.921	-7531.084	416.1627	0.2335999	1.754653	3.36359
12210	-7104.191	-7520.61	416.4194	0.2335733	1.781795	3.196213
12216	-7126.745	-7543.06	416.3156	0.2297837	1.735437	3.291105
12222	-7126.873	-7542.548	415.6754	0.2297837	1.735437	3.664966
12228	-7124.855	-7540.725	415.8704	0.2573269	1.61866	3.577128
12234	-7106.617	-7522.513	415.896	0.2423406	1.749451	3.508913
12240	-7125.496	-7538.538	413.0423	0.2537991	1.454453	5.271734
12246	-7134.546	-7547.545	412.9992	0.2537991	1.497628	5.271734
12252	-7124.706	-7536.984	412.2783	0.2262594	1.504341	5.705236
12258	-7133.349	-7547.519	414.1709	0.2498865	1.55523	4.593292
12264	-7114.086	-7527.069	412.9828	0.2675611	1.487336	5.267118
12270	-7157.659	-7570.166	412.5065	0.2682608	1.413005	5.569417
12276	-7148.457	-7561.616	413.159	0.3115282	1.461081	5.126097
12282	-7119.797	-7533.681	413.8838	0.2498291	1.461081	4.806686
12288	-7134.488	-7548.064	413.5756	0.2499627	1.414238	5.004148
12294	-7109.369	-7524.27	414.9016	0.2488919	1.615435	4.148137
12300	-7112.334	-7526.62	414.2858	0.2344177	1.57274	4.542066
12306	-7124.393	-7538.724	414.3304	0.242234	1.4694	4.563265
12312	-7112.722	-7526.991	414.2683	0.2362249	1.547641	4.563265
12318	-7112.049	-7526.59	414.5406	0.2362249	1.495812	4.439227
12324	-7107.256	-7521.703	414.4465	0.2504993	1.543676	4.443894
12330	-7115.539	-7530.894	415.3553	0.2687247	1.543676	3.901121
12336	-7123.419	-7537.75	414.331	0.2727697	1.533969	4.482577
12342	-7126.988	-7541.094	414.1059	0.2579231	1.494995	4.651845
12348	-7119.37	-7534.172	414.8025	0.2565026	1.526029	4.243926
12354	-7134.227	-7547.871	413.644	0.2592203	1.538925	4.883437
12360	-7123.345	-7538.285	414.9402	0.2187388	1.586677	4.18925
12366	-7103.149	-7517.447	414.2982	0.2675871	1.50495	4.524574
12372	-7102.197	-7517.08	414.8836	0.2482118	1.577874	4.180735
12378	-7115.454	-7530.74	415.286	0.2581654	1.567203	3.94268
12384	-7128.6	-7544.249	415.6488	0.2388253	1.648642	3.716379
12390	-7122.086	-7537.285	415.1986	0.2152091	1.648642	4.012521
12396	-7116.099	-7531.434	415.3359	0.2675345	1.629243	3.864869
12402	-7140.347	-7555.907	415.5595	0.2201231	1.590579	3.831005
12408	-7143.553	-7559.285	415.7311	0.2256058	1.537099	3.7541
12414	-7122.753	-7538.355	415.6024	0.2326487	1.646438	3.7541
12420	-7109.758	-7525.857	416.0994	0.2720336	1.702661	3.372693
12426	-7125.155	-7541.806	416.6514	0.2464312	1.69428	3.08981
12432	-7116.033	-7532.535	416.5019	0.2411063	1.740008	3.159957
12438	-7129.384	-7545.858	416.4741	0.2516699	1.740008	3.159957
12444	-7132.185	-7548.617	416.4322	0.2392042	1.794484	3.172067
12450	-7110.476	-7526.793	416.3168	0.2455158	1.893061	3.172067
12456	-7117.959	-7534.976	417.0167	0.2279172	1.79425	2.839972
12462	-7111.889	-7528.154	416.2655	0.2692836	1.699269	3.28096
12468	-7114.031	-7530.594	416.5623	0.2427118	1.792677	3.090094
12474	-7117.93	-7534.394	416.4641	0.2881489	1.776424	3.090094
12480	-7117.369	-7534.042	416.6727	0.2602101	1.776424	3.006567
12486	-7120.06	-7536.928	416.8678	0.2647657	1.805354	2.864547
12492	-7122.815	-7540.332	417.5161	0.232458	1.845245	2.493511
12498	-7104.04	-7521.078	417.0385	0.231211	1.774704	2.833119
12504	-7104.402	-7521.293	416.891	0.2603439	1.743152	2.894963
12510	-7110.703	-7526.931	416.2282	0.2622678	1.743152	3.287498
12516	-7111.345	-7527.982	416.6366	0.2582688	1.790775	3.022551
12522	-7111.635	-7528.388	416.753	0.2513354	1.692311	3.022551
12528	-7119.989	-7536.346	416.3565	0.2350082	1.72705	3.263467
12534	-7109.146	-7525.804	416.6576	0.25223	1.724105	3.059191
12540	-7119.354	-7535.689	416.3345	0.2854186	1.681599	3.227285
12546	-7124.835	-7541.768	416.9332	0.2256944	1.750997	2.920392
12552	-7120.432	-7536.012	415.5795	0.2318695	1.597954	3.796465
12558	-7114.659	-7529.792	415.1326	0.2587321	1.580822	4.021736
12564	-7109.405	-7524.139	414.734	0.2250467	1.593208	4.292345
12570	-7107.238	-7521.016	413.7782	0.2490228	1.49979	4.84515
12576	-7118.082	-7531.756	413.6737	0.270911	1.58036	4.82734
12582	-7121.484	-7536.332	414.8479	0.2682258	1.570442	4.176139
12588	-7127.635	-7543.768	416.1333	0.290096	1.603727	3.385105
12594	-7118.902	-7533.499	414.5976	0.2769614	1.575949	4.30261
12600	-7141.046	-7555.971	414.9251	0.2180565	1.581933	4.201579
12606	-7113.974	-7528.926	414.952	0.2560963	1.581933	4.127882
12612	-7120.495	-7532.74	412.2457	0.2560963	1.444988	5.711931
12618	-7120.979	-7533.9	412.9203	0.2464799	1.491569	5.329191
12624	-7124.012	-7537.74	413.7281	0.2714282	1.523882	4.827805
12630	-7132.817	-7547.219	414.4014	0.2590495	1.517415	4.471661
12636	-7120.164	-7535.563	415.3997	0.2574513	1.549893	3.888448
12642	-7102.215	-7516.377	414.1623	0.2670761	1.503735	4.602321
12648	-7104.397	-7518.397	413.9999	0.2533079	1.506256	4.711513
12654	-7109.48	-7525.175	415.6954	0.2382534	1.657045	3.685472
12660	-7116.022	-7530.749	414.7273	0.2372138	1.573422	4.288501
12666	-7116.979	-7529.719	412.7402	0.2506402	1.552927	5.388658
12672	-7103.34	-7516.648	413.3074	0.243501	1.592174	5.063694
12678	-7102.841	-7516.569	413.7283	0.271334	1.417131	4.887314
12684	-7118.919	-7531.569	412.6498	0.2908305	1.440312	5.445377
12690	-7127.575	-7540.306	412.7306	0.2474837	1.467791	5.445377
12696	-7119.533	-7533.362	413.8291	0.2680351	1.502609	4.788025
12702	-7132.035	-7545.958	413.9232	0.2373923	1.568065	4.743347
12708	-7127.708	-7543.113	415.4053	0.2714396	1.566289	3.855568
12714	-7129.333	-7545.478	416.1453	0.2781557	1.686951	3.346073
12720	-7132.488	-7547.798	415.3106	0.2785116	1.510234	3.932065
12726	-7117.239	-7531.673	414.4345	0.2549441	1.510234	4.462998
12732	-7135.926	-7550.493	414.5663	0.2455183	1.497977	4.40954
12738	-7124.205	-7537.548	413.3437	0.2559906	1.470306	5.093058
12744	-7122.296	-7537.223	414.9264	0.255291	1.539107	4.167981
12750	-7135.572	-7550.313	414.7404	0.2847324	1.517606	4.244073
12756	-7128.486	-7543.166	414.6805	0.2601121	1.522674	4.309709
12762	-7134.444	-7549.052	414.6084	0.288393	1.52491	4.309709
12768	-7122.882	-7537.617	414.7355	0.2382271	1.52493	4.309709
12774	-7110.449	-7525.604	415.1557	0.2382271	1.465463	4.105026
12780	-7116.831	-7532.657	415.826	0.2503857	1.62307	3.610849
12786	-7113.844	-7530.115	416.2716	0.2377517	1.627629	3.367628
12792	-7101.149	-7518.239	417.0899	0.2377517	1.773574	2.791766
12798	-7097.542	-7514.183	416.6404	0.2229216	1.761679	3.094256
12804	-7108.979	-7525.584	416.6052	0.2369836	1.75817	3.094256
12810	-7112.063	-7527.886	415.8228	0.209066	1.700613	3.633742
12816	-7119.199	-7535.072	415.8724	0.2383076	1.656684	3.582933
12822	-7117.681	-7533.458	415.7773	0.2572892	1.687846	3.591118
12828	-7122.045	-7538.259	416.2143	0.2219042	1.66787	3.403249
12834	-7116.983	-7533.399	416.4153	0.221761	1.66787	3.285302
12840	-7130.828	-7547.039	416.2116	0.2668864	1.75182	3.285302
12846	-7136.605	-7551.98	415.3751	0.221513	1.585182	3.937642
12852	-7106.304	-7521.098	414.7944	0.2377246	1.575694	4.248424
12858	-7114.071	-7529.295	415.2239	0.2788524	1.597603	3.93118
12864	-7100.38	-7514.289	413.9086	0.2250675	1.558088	4.775968
12870	-7097.942	-7513.006	415.0637	0.2407804	1.518116	4.123532
12876	-7108.985	-7525.048	416.0629	0.23791	1.723767	3.433374
12882	-7125.537	-7541.638	416.1019	0.238795	1.682373	3.433374
12888	-7119.06	-7535.139	416.0796	0.246357	1.684541	3.433374
12894	-7109.526	-7525.67	416.1432	0.211519	1.684541	3.452403
12900	-7092.789	-7509.396	416.6066	0.2272835	1.701918	3.142744
12906	-7096.014	-7512.546	416.5319	0.254957	1.702591	3.142744
12912	-7096.268	-7512.309	416.0406	0.2218428	1.684918	3.494934
12918	-7099.971	-7515.02	415.0491	0.2181473	1.626541	4.105636
12924	-7102.306	-7518.138	415.832	0.266183	1.678198	3.5518
12930	-7113.752	-7529.188	415.4363	0.2421648	1.566868	3.88063
12936	-7116.647	-7532.017	415.3701	0.2468522	1.5508	3.920697
12942	-7127.621	-7541.891	414.2692	0.2444744	1.479538	4.588587
12948	-7139.955	-7554.396	414.4408	0.3005264	1.479538	4.413841
12954	-7122.589	-7536.613	414.0234	0.2884535	1.414205	4.700948
12960	-7133.078	-7546.031	412.953	0.2504686	1.502141	5.299503
12966	-7119.486	-7534.256	414.7702	0.2744528	1.552029	4.221893
12972	-7126.95	-7542.416	415.4658	0.2694965	1.755916	3.714216
12978	-7122.169	-7538.807	416.6379	0.2361389	1.792629	3.055518
12984	-7120.438	-7536.322	415.8843	0.2324573	1.66448	3.580717
12990	-7107.406	-7521.983	414.5779	0.2093346	1.548714	4.43094
12996	-7128.305	-7542.268	413.9627	0.2426883	1.502272	4.750114
13002	-7119.02	-7532.989	413.9694	0.2757205	1.513595	4.692802
13008	-7142.144	-7556.62	414.4753	0.2654214	1.598095	4.375437
13014	-7146.214	-7559.642	413.4277	0.2670297	1.475048	5.028228
13020	-7146.633	-7561.013	414.3802	0.298519	1.491427	4.443946
13026	-7154.071	-7565.646	411.5754	0.3319259	1.326023	6.04517
13032	-7121.207	-7536.179	414.972	0.2485585	1.564965	4.137324
13038	-7110.995	-7525.47	414.4745	0.2949997	1.503242	4.388749
13044	-7101.86	-7515.978	414.1177	0.2331588	1.506938	4.675197
13050	-7100.165	-7514.409	414.2437	0.2759355	1.496655	4.548211
13056	-7131.37	-7546.154	414.7836	0.2636373	1.48857	4.265565
13062	-7104.827	-7519.66	414.8333	0.2328284	1.519802	4.265565
13068	-7105.318	-7520.877	415.5591	0.2890138	1.66526	3.685184
13074	-7111.262	-7526.787	415.5249	0.2742056	1.605235	3.760359
13080	-7116.04	-7531.854	415.8141	0.2393906	1.605235	3.644942
13086	-7113.346	-7528.764	415.4177	0.2703244	1.593559	3.834318
13092	-7105.02	-7519.762	414.7414	0.26845	1.603353	4.217544
13098	-7104.593	-7519.681	415.0879	0.2798912	1.522962	4.050152
13104	-7123.018	-7537.207	414.1888	0.2798912	1.45851	4.595015
13110	-7124.932	-7538.188	413.2557	0.2683517	1.436008	5.143458
13116	-7120.825	-7534.156	413.3308	0.2683517	1.42477	5.108041
13122	-7124.657	-7536.551	411.8942	0.2962384	1.249931	5.956859
13128	-7135.194	-7547.016	411.8216	0.2824603	1.240924	6.019302
13134	-7135.194	-7551.866	416.6724	0.2723208	1.737047	3.012075
13140	-7111.472	-7528.145	416.6733	0.2723208	1.736193	3.012075
13146	-7111.683	-7528.231	416.5477	0.248798	1.729036	3.127151
13152	-7122.096	-7538.691	416.5954	0.2422946	1.675415	3.140936
13158	-7114.38	-7530.865	416.4851	0.2505194	1.685067	3.187798
13164	-7124.041	-7539.646	415.6057	0.2761302	1.675639	3.670244
13170	-7117.586	-7533.484	415.8981	0.2231039	1.611445	3.618513
13176	-7110.385	-7525.868	415.483	0.2495306	1.647116	3.796458
13182	-7109.249	-7524.459	415.2103	0.2625048	1.60424	3.958477
13188	-7139.261	-7553.332	414.0708	0.2450038	1.463511	4.707934
13194	-7100.49	-7517.346	416.8561	0.2616645	1.818046	2.868748
13200	-7113.047	-7530.073	417.0255	0.2572097	1.791522	2.788829
13206	-7108.989	-7525.827	416.8385	0.2555204	1.807338	2.895376
13212	-7110.747	-7527.655	416.9088	0.2996009	1.783921	2.801434
13218	-7118.783	-7535.615	416.8326	0.2820377	1.787553	2.870826
13224	-7119.493	-7536.115	416.6213	0.2993982	1.693846	3.029578
13230	-7112.069	-7528.957	416.8883	0.2419037	1.750429	2.921199
13236	-7122.756	-7539.66	416.9033	0.2940874	1.76318	2.825233
13242	-7136.03	-7552.598	416.5676	0.2676872	1.75976	3.0681
13248	-7126.153	-7542.707	416.5545	0.2805214	1.741246	3.0681
13254	-7115.475	-7530.246	414.7716	0.2805214	1.591772	4.190111
13260	-7128.249	-7543.262	415.013	0.2585425	1.530477	4.118888
13266	-7119.196	-7533.789	414.5926	0.2630158	1.539468	4.345737
13272	-7160.871	-7575.476	414.605	0.2722548	1.525178	4.333692
13278	-7124.471	-7539.107	414.6364	0.259599	1.525583	4.333692
13284	-7129.376	-7544.173	414.7975	0.2621388	1.523872	4.239816
13290	-7128.033	-7542.045	414.0113	0.2336487	1.470984	4.754064
13296	-7114.608	-7529.011	414.4029	0.2708831	1.48823	4.470443
13302	-7129.938	-7544.495	414.5571	0.2463047	1.512193	4.405546
13308	-7111.519	-7525.825	414.306	0.2527493	1.591338	4.492885
13314	-7106.143	-7521.268	415.1254	0.2591989	1.591338	4.019184
13320	-7105.164	-7520.51	415.3455	0.2722674	1.591338	3.874325
13326	-7116.938	-7532.175	415.2362	0.3388774	1.547018	3.874325
13332	-7111.398	-7526.801	415.4035	0.2646806	1.552358	3.874325
13338	-7094.712	-7509.825	415.113	0.2860708	1.581116	3.994047
13344	-7112.7	-7527.226	414.5262	0.3020753	1.497149	4.353689
13350	-7111.294	-7525.341	414.0462	0.3020753	1.428551	4.662193
13356	-7113.977	-7529.431	415.4543	0.2444243	1.585967	3.855903
13362	-7122.57	-7537.385	414.8151	0.2796348	1.600274	4.161807
13368	-7124.459	-7536.441	411.9823	0.2502107	1.34248	5.920418
13374	-7130.091	-7543.364	413.2732	0.2930424	1.387741	5.127227
13380	-7143.946	-7556.2	412.2541	0.3222506	1.379121	5.65672
13386	-7121.496	-7533.683	412.1868	0.2813759	1.327112	5.774111
13392	-7119.79	-7531.82	412.0301	0.3115509	1.373671	5.795643
13398	-7129.494	-7543.516	414.0213	0.2699371	1.416918	4.725858
13404	-7125.731	-7539.789	414.0581	0.2566283	1.41382	4.725858
13410	-7128.77	-7540.744	411.9735	0.2700559	1.397221	5.867663
13416	-7114.755	-7526.745	411.9896	0.2562421	1.416085	5.867663
13422	-7101.748	-7515.803	414.0554	0.2509026	1.575179	4.645335
13428	-7112.059	-7526.189	414.1295	0.2900653	1.529107	4.574962
13434	-7108.546	-7522.675	414.1285	0.3290389	1.44098	4.574962
13440	-7121.436	-7535.502	414.0658	0.3056105	1.479644	4.617984
13446	-7112.551	-7526.586	414.0351	0.3027583	1.516996	4.617984
13452	-7112.095	-7525.915	413.8198	0.3056248	1.474817	4.758396
13458	-7122.379	-7536.483	414.1041	0.2858936	1.485727	4.619098
13464	-7123.415	-7536.967	413.5522	0.2661154	1.485727	4.954403
13470	-7117.504	-7531.755	414.2509	0.2488722	1.527223	4.565605
13476	-7131.626	-7547.025	415.3996	0.2301572	1.624776	3.88716
13482	-7116.184	-7531.495	415.3106	0.27353	1.600782	3.88716
13488	-7138.488	-7553.053	414.5644	0.2585733	1.505953	4.386937
13494	-7123.933	-7537.586	413.6528	0.2585733	1.516545	4.891904
13500	-7129.202	-7543.3	414.0977	0.2423082	1.498108	4.677502
13506	-7124.811	-7538.828	414.017	0.2984109	1.498108	4.644394
13512	-7140.212	-7555.696	415.4843	0.2869508	1.676662	3.724697
13518	-7140.813	-7556.506	415.6926	0.2551896	1.640809	3.670645
13524	-7140.313	-7555.623	415.3097	0.2542536	1.611792	3.909279
13530	-7125.16	-7540.842	415.6825	0.3030611	1.67698	3.587726
13536	-7121.064	-7536.933	415.8685	0.2272322	1.682567	3.587726
13542	-7116.624	-7532.339	415.7146	0.2881579	1.679878	3.587726
13548	-7116.747	-7532.179	415.4313	0.2639177	1.593022	3.836095
13554	-7130.594	-7545.964	415.3696	0.2750896	1.62612	3.836518
13560	-7125.955	-7541.796	415.8406	0.2756708	1.682453	3.530561
13566	-7129.641	-7545.793	416.1514	0.2756708	1.734459	3.318151
13572	-7109.295	-7524.733	415.4381	0.2574818	1.637022	3.816263
13578	-7109.936	-7525.261	415.3246	0.2685079	1.659622	3.852463
13584	-7124.193	-7540.095	415.902	0.3069099	1.699619	3.441379
13590	-7134.791	-7550.977	416.1865	0.2530234	1.714604	3.342785
13596	-7123.206	-7538.032	414.8257	0.252333	1.517415	4.241802
13602	-7123.846	-7538.26	414.4136	0.2679979	1.568392	4.423318
13608	-7125.73	-7540.381	414.651	0.2745385	1.560214	4.284678
13614	-7113.169	-7529.693	416.5235	0.2596007	1.698845	3.142919
13620	-7111.141	-7527.692	416.5502	0.2446795	1.716147	3.139816
13626	-7114.578	-7531.126	416.5483	0.2066446	1.735425	3.192362
13632	-7109.109	-7525.591	416.4826	0.2130557	1.792632	3.186334
13638	-7112.879	-7530.008	417.129	0.2938377	1.833018	2.644767
13644	-7120.866	-7538.152	417.2859	0.2241297	1.854773	2.644767
13650	-7120.315	-7536.941	416.6266	0.2420326	1.759815	3.072427
13656	-7135.683	-7551.581	415.8975	0.2316086	1.776274	3.509313
13662	-7112.919	-7529.442	416.5226	0.1969372	1.806484	3.182616
13668	-7104.062	-7519.789	415.7266	0.2718217	1.687179	3.59967
13674	-7105.774	-7521.799	416.0249	0.264636	1.660082	3.45208
13680	-7108.866	-7525.192	416.3261	0.2724445	1.651232	3.268876
13686	-7130.19	-7546.697	416.5069	0.2330174	1.661814	3.216325
13692	-7119.941	-7535.306	415.3651	0.2564675	1.669573	3.84105
13698	-7114.849	-7531.984	417.1349	0.2255239	1.750198	2.798976
13704	-7107.824	-7524.67	416.8462	0.2562261	1.803843	2.891732
13710	-7112.721	-7530.178	417.4571	0.2785884	1.821151	2.470935
13716	-7114.552	-7532.046	417.494	0.2559958	1.840922	2.470935
13722	-7154.537	-7571.165	416.6279	0.2409594	1.580896	3.179839
13728	-7121.73	-7536.959	415.2286	0.2848116	1.575492	3.932878
13734	-7135.437	-7551.848	416.4109	0.2839123	1.685913	3.181622
13740	-7158.012	-7573.899	415.8874	0.2943559	1.70873	3.461694
13746	-7141.947	-7555.247	413.2995	0.264772	1.435355	5.124501
13752	-7139.493	-7554.139	414.6453	0.3393344	1.486093	4.245454
13758	-7138.814	-7553.56	414.7455	0.2876076	1.503239	4.245454
13764	-7134.783	-7549.544	414.7609	0.2461083	1.592013	4.245454
13770	-7124.545	-7538.804	414.258	0.2942278	1.497036	4.515199
13776	-7107.798	-7522.923	415.1252	0.2980871	1.540476	3.994063
13782	-7115.6	-7530.816	415.2168	0.2705843	1.655703	3.913642
13788	-7125.854	-7540.368	414.5134	0.2756049	1.55792	4.362299
13794	-7117.125	-7531.317	414.192	0.2935833	1.565025	4.514969
13800	-7104.411	-7519.404	414.9937	0.2777381	1.495819	4.122253
13806	-7119.24	-7533.646	414.4055	0.2664021	1.446084	4.498989
13812	-7106.136	-7520.938	414.8028	0.2746356	1.52288	4.219676
13818	-7128.253	-7542.135	413.882	0.286754	1.52288	4.721557
13824	-7115.273	-7529.107	413.8337	0.2872896	1.438042	4.795198
13830	-7122.964	-7538.132	415.1672	0.2681348	1.555952	4.002594
13836	-7118.717	-7533.728	415.0113	0.3087762	1.62309	3.997818
13842	-7137.156	-7551.727	414.5715	0.2674342	1.534246	4.35428
13848	-7114.89	-7529.179	414.2886	0.2516967	1.521084	4.543713
13854	-7122.263	-7536.056	413.7927	0.2356155	1.476635	4.869906
13860	-7101.534	-7514.851	413.3168	0.279687	1.40475	5.111431
13866	-7114.865	-7529.294	414.4295	0.3161665	1.472316	4.404085
13872	-7119.983	-7534.734	414.7518	0.3026505	1.498001	4.224773
13878	-7117.292	-7532.181	414.8888	0.2869061	1.499784	4.167055
13884	-7115.569	-7530.18	414.6111	0.3192998	1.499443	4.282172
13890	-7138.815	-7554.123	415.3084	0.2784193	1.631006	3.864151
13896	-7122.301	-7537.893	415.5916	0.2519059	1.631006	3.739598
13902	-7127.322	-7542.244	414.9221	0.2722228	1.586948	4.118866
13908	-7101.908	-7517.304	415.3963	0.2537038	1.654167	3.836041
13914	-7133.718	-7548.34	414.6224	0.2824142	1.569744	4.284554
13920	-7121.986	-7536.58	414.5939	0.2247075	1.569744	4.385326
13926	-7102.4	-7517.649	415.2493	0.2352731	1.627669	3.963564
13932	-7123.668	-7538.045	414.3774	0.2154178	1.515243	4.552685
13938	-7121.06	-7535.423	414.3634	0.236656	1.462414	4.557081
13944	-7119.48	-7533.678	414.1982	0.236656	1.496542	4.630573
13950	-7135.491	-7549.533	414.0426	0.2579927	1.515755	4.675536
13956	-7121.964	-7535.987	414.0228	0.2858473	1.466438	4.675536
13962	-7128.259	-7543.171	414.9122	0.2510299	1.519295	4.193606
13968	-7126.398	-7541.456	415.0589	0.2677959	1.624323	4.025921
13974	-7135.969	-7549.552	413.5834	0.2532847	1.440047	4.980674
13980	-7110.818	-7524.968	414.1503	0.2612573	1.616707	4.553883
13986	-7101.228	-7515.445	414.2166	0.2580217	1.508681	4.581952
13992	-7106.629	-7520.819	414.1895	0.2508088	1.458222	4.635906
13998	-7116.236	-7529.918	413.6821	0.2841512	1.458222	4.87269
14004	-7106.259	-7521.672	415.4134	0.2363196	1.599712	3.883958
14010	-7112.923	-7528.476	415.5534	0.2335677	1.662134	3.771831
14016	-7097.978	-7513.97	415.9919	0.2113661	1.641676	3.565877
14022	-7098.792	-7514.755	415.9626	0.2186278	1.641493	3.570946
14028	-7102.665	-7518.498	415.8328	0.2343004	1.683596	3.596626
14034	-7096.853	-7512.893	416.0397	0.2359218	1.756077	3.431212
14040	-7100.543	-7516.814	416.271	0.2438955	1.744149	3.289761
14046	-7111.521	-7527.999	416.4781	0.2919598	1.744149	3.095542
14052	-7115.976	-7532.452	416.4762	0.2324009	1.687627	3.220233
14058	-7097.121	-7513.031	415.91	0.2666641	1.689047	3.499337
14064	-7096.154	-7512.676	416.5216	0.2525665	1.744591	3.127574
14070	-7116.714	-7533.188	416.474	0.2695436	1.673892	3.172242
14076	-7136.77	-7552.929	416.1596	0.2334244	1.724298	3.383522
14082	-7121.683	-7537.998	416.3147	0.2616019	1.669765	3.280743
14088	-7119.513	-7535.828	416.3149	0.2770232	1.732341	3.220931
14094	-7137.706	-7554.117	416.4107	0.2446179	1.719057	3.220931
14100	-7131.423	-7547.885	416.4615	0.2518678	1.674955	3.205705
14106	-7127.002	-7542.706	415.7037	0.2338027	1.605433	3.717468
14112	-7115.343	-7531.778	416.4354	0.2342023	1.702374	3.232736
14118	-7125.523	-7541.425	415.9018	0.2446901	1.731694	3.512248
14124	-7113.199	-7529.716	416.5162	0.2768294	1.731694	3.102022
14130	-7122.52	-7537.97	415.4496	0.3060408	1.657101	3.730123
14136	-7125.719	-7540.322	414.6026	0.2806759	1.547298	4.31086
14142	-7109.226	-7524.205	414.9782	0.2721868	1.608284	4.074829
14148	-7120.86	-7535.386	414.5255	0.218838	1.520844	4.460788
14154	-7132.611	-7546.95	414.3386	0.2761363	1.534985	4.473021
14160	-7119.489	-7534.684	415.1952	0.2399024	1.588662	4.009707
14166	-7134.69	-7549.96	415.2696	0.2635948	1.560555	3.947919
14172	-7139.637	-7554.866	415.2292	0.2366875	1.560555	4.011265
14178	-7125.831	-7542.445	416.6141	0.2517848	1.814053	3.032103
14184	-7124.84	-7537.376	412.5356	0.2599481	1.353559	5.597622
14190	-7125.655	-7540.593	414.9378	0.2698249	1.4907	4.168093
14196	-7129.374	-7543.177	413.8028	0.2685382	1.52395	4.790117
14202	-7128.806	-7543.266	414.4603	0.2642683	1.490835	4.44603
14208	-7134.267	-7548.602	414.3349	0.2844497	1.483316	4.492794
14214	-7127.181	-7541.569	414.3888	0.2598902	1.450176	4.515396
14220	-7129.057	-7541.619	412.5619	0.3259757	1.336574	5.506534
14226	-7121.506	-7535.202	413.6956	0.2786224	1.429113	4.888888
14232	-7131.872	-7547.363	415.4912	0.290984	1.509824	3.811338
14238	-7129.252	-7543.498	414.2461	0.289365	1.55134	4.497867
14244	-7119.35	-7533.663	414.3135	0.2954506	1.46948	4.497867
14250	-7118.609	-7533.607	414.9984	0.29809	1.605561	4.02927
14256	-7115.778	-7531.179	415.4008	0.2942117	1.583933	3.816288
14262	-7114.681	-7529.063	414.382	0.2466304	1.55727	4.478311
14268	-7114.206	-7528.338	414.1322	0.280571	1.463019	4.623343
14274	-7122.48	-7536.265	413.7853	0.2602191	1.394405	4.883797
14280	-7127.761	-7542.209	414.4479	0.2602191	1.411229	4.503602
14286	-7125.788	-7540.583	414.7949	0.2783947	1.53528	4.211909
14292	-7121.127	-7537.208	416.0806	0.2678975	1.693724	3.395013
14298	-7137.067	-7552.673	415.6062	0.2446463	1.642778	3.735381
14304	-7149.167	-7565.562	416.3951	0.2446463	1.640836	3.27631
14310	-7118.768	-7534.481	415.7123	0.2582116	1.640836	3.654724
14316	-7121.265	-7536.222	414.9575	0.2453835	1.517045	4.177557
14322	-7120.833	-7536.497	415.664	0.2547997	1.612444	3.704191
14328	-7120.713	-7536.194	415.4809	0.2622494	1.596922	3.807739
14334	-7117.444	-7531.901	414.4569	0.2698671	1.489717	4.440643
14340	-7114.735	-7529.369	414.634	0.2689775	1.512586	4.329057
14346	-7119.575	-7534.527	414.9527	0.2652355	1.598506	4.104842
14352	-7094.242	-7509.282	415.0391	0.2485818	1.554887	4.104842
14358	-7110.451	-7524.734	414.2837	0.25571	1.403921	4.606382
14364	-7110.035	-7524.35	414.3155	0.271687	1.488302	4.518441
14370	-7115.425	-7530.019	414.5939	0.2519743	1.517725	4.373245
14376	-7142.813	-7557.295	414.482	0.264023	1.519105	4.418163
14382	-7143.93	-7555.704	411.7741	0.229277	1.385762	6.041065
14388	-7129.904	-7541.726	411.8224	0.2364591	1.402615	5.994826
14394	-7141.374	-7554.346	412.9714	0.2905633	1.453591	5.261026
14400	-7153.588	-7566.357	412.7684	0.2890351	1.463004	5.369858
14406	-7117.393	-7534.053	416.6596	0.3042622	1.828316	2.918959
14412	-7141.701	-7558.459	416.7575	0.2661352	1.830062	2.914232
14418	-7108.68	-7525.472	416.7917	0.2527338	1.830062	2.914232
14424	-7115.815	-7532.622	416.8066	0.2630042	1.788835	2.914232
14430	-7125.32	-7542.335	417.0148	0.2506392	1.763356	2.822839
14436	-7111.03	-7527.971	416.9405	0.2532875	1.772517	2.858198
14442	-7130.106	-7546.954	416.8475	0.2138661	1.758876	2.987379
14448	-7115.263	-7532.03	416.7669	0.2263079	1.804382	2.987379
14454	-7108.539	-7524.803	416.2633	0.283531	1.636815	3.298477
14460	-7115.915	-7532.1	416.1847	0.216008	1.666837	3.430955
14466	-7118.619	-7534.538	415.9184	0.2470312	1.643564	3.550326
14472	-7127.842	-7543.771	415.929	0.2470312	1.727932	3.494977
14478	-7124.819	-7540.165	415.3455	0.2355543	1.587572	3.931043
14484	-7128.364	-7544.047	415.6835	0.2355543	1.581458	3.74021
14490	-7116.001	-7531.324	415.3225	0.234668	1.654481	3.90727
14496	-7110.642	-7525.641	414.9995	0.2218002	1.622846	4.13009
14502	-7108.328	-7523.241	414.9131	0.2218002	1.580373	4.203312
14508	-7119.009	-7534.546	415.537	0.2256707	1.552497	3.856853
14514	-7115.408	-7529.908	414.5	0.2298716	1.527548	4.454031
14520	-7108.752	-7523.087	414.3346	0.2674791	1.453344	4.533255
14526	-7108.648	-7522.604	413.9558	0.2434566	1.474681	4.768253
14532	-7113.355	-7527.068	413.7136	0.2485839	1.470976	4.897862
14538	-7119.552	-7534.272	414.7192	0.2485839	1.525146	4.303237
14544	-7110.845	-7524.47	413.6251	0.2729319	1.420485	4.940678
14550	-7136.672	-7551.128	414.456	0.2669169	1.652677	4.353345
14556	-7118.418	-7533.771	415.353	0.234351	1.652677	3.891254
14562	-7135.389	-7550.309	414.9203	0.3072567	1.558635	4.088456
14568	-7133.969	-7550.665	416.6954	0.2896513	1.672179	3.011924
14574	-7122.375	-7535.434	413.0591	0.2752915	1.441673	5.239553
14580	-7129.422	-7546.301	416.8784	0.3351618	1.746925	2.793789
14586	-7143.682	-7559.89	416.2078	0.3192733	1.734828	3.224306
14592	-7106.155	-7522.401	416.2451	0.2988573	1.709507	3.244784
14598	-7114.089	-7527.365	413.2759	0.2430805	1.360575	5.210093
14604	-7114.013	-7528.055	414.0421	0.316248	1.546528	4.580206
14610	-7107.232	-7522.559	415.327	0.261003	1.706562	3.834998
14616	-7110.678	-7526.761	416.0835	0.2775289	1.687003	3.383249
14622	-7121.901	-7537.846	415.945	0.2710377	1.687003	3.473683
14628	-7115.918	-7531.745	415.8275	0.264581	1.694968	3.546967
14634	-7129.348	-7545.465	416.117	0.2401004	1.69453	3.415369
14640	-7133.095	-7547.861	414.7669	0.2502345	1.582661	4.241211
14646	-7122.53	-7537.805	415.2752	0.2627393	1.582661	3.933302
14652	-7154.759	-7569.666	414.9065	0.269874	1.522624	4.167643
14658	-7149.178	-7563.62	414.4417	0.2529025	1.567233	4.429831
14664	-7147.326	-7561.116	413.7903	0.2529025	1.515924	4.82379
14670	-7140.888	-7555.243	414.3553	0.2381174	1.453389	4.564484
14676	-7127.881	-7542.798	414.9176	0.2355906	1.625004	4.153775
14682	-7122.131	-7537.438	415.3075	0.2215669	1.663037	3.931681
14688	-7118.562	-7533.51	414.948	0.2361435	1.564596	4.169982
14694	-7132.035	-7546.431	414.3956	0.2697197	1.610858	4.407087
14700	-7109.792	-7522.906	413.1143	0.2731453	1.46225	5.200589
14706	-7108.013	-7521.761	413.7484	0.2767533	1.46225	4.843531
14712	-7139.06	-7552.487	413.4267	0.248329	1.420116	5.08589
14718	-7145.46	-7559.34	413.8803	0.25616	1.599372	4.722184
14724	-7127.564	-7542.323	414.759	0.225263	1.520917	4.318768
14730	-7125.955	-7539.812	413.8573	0.2618408	1.495605	4.784916
14736	-7131.047	-7544.926	413.8799	0.2901229	1.403539	4.784916
14742	-7131.693	-7544.394	412.7008	0.2901229	1.328399	5.479796
14748	-7124.803	-7536.835	412.0328	0.2697929	1.351319	5.860689
14754	-7133.964	-7546.479	412.5141	0.2383873	1.369129	5.631903
14760	-7144.371	-7560.01	415.639	0.2797644	1.616283	3.680183
14766	-7121.111	-7536.402	415.2912	0.2344374	1.594763	3.959719
14772	-7131.444	-7546.3	414.8561	0.2463333	1.528532	4.227171
14778	-7143.113	-7556.798	413.6855	0.2432591	1.516904	4.895775
14784	-7152.758	-7567.829	415.0707	0.2432591	1.642408	4.044953
14790	-7119.583	-7534.663	415.0798	0.2568213	1.597889	4.044953
14796	-7108.419	-7523.33	414.9112	0.2568213	1.558959	4.163096
14802	-7118.671	-7533.411	414.7407	0.2568213	1.577009	4.249604
14808	-7124.076	-7538.547	414.4716	0.2568213	1.511601	4.438643
14814	-7122.616	-7537.815	415.1994	0.2530948	1.525187	4.023648
14820	-7129.61	-7543.997	414.3865	0.2393444	1.508112	4.514313
14826	-7134.875	-7550.092	415.2163	0.2551311	1.545648	3.999303
14832	-7130.39	-7545.989	415.599	0.216918	1.545648	3.839334
14838	-7133.92	-7548.765	414.8451	0.1996631	1.545648	4.297888
14844	-7128.301	-7543.51	415.2085	0.2471848	1.651271	3.955198
14850	-7124.285	-7539.653	415.368	0.2530629	1.633031	3.865443
14856	-7124.899	-7539.311	414.4121	0.236503	1.494757	4.511751
14862	-7141.523	-7556.235	414.7118	0.2137932	1.494757	4.378545
14868	-7127.17	-7541.409	414.2391	0.2741539	1.494757	4.554335
14874	-7131.463	-7546.865	415.4015	0.2943261	1.545136	3.83805
14880	-7132.34	-7548.278	415.9382	0.2362991	1.705755	3.519263
14886	-7123.62	-7538.936	415.3169	0.2802983	1.65823	3.840998
14892	-7119.781	-7535.529	415.7475	0.2406081	1.719632	3.615361
14898	-7118.385	-7534.236	415.8507	0.2406081	1.707423	3.562457
14904	-7112.787	-7528.986	416.1992	0.2587375	1.760202	3.299843
14910	-7112.388	-7529.231	416.8429	0.2009645	1.721534	3.03515
14916	-7115.343	-7531.517	416.174	0.2293617	1.750792	3.366059
14922	-7128.365	-7542.419	414.0538	0.252988	1.558806	4.652389
14928	-7120.977	-7536.132	415.1553	0.2248236	1.539301	4.084125
14934	-7112.451	-7526.62	414.169	0.2633543	1.50348	4.603934
14940	-7114.023	-7528.261	414.2379	0.2824148	1.577749	4.497036
14946	-7105.394	-7519.632	414.238	0.2490701	1.550678	4.559381
14952	-7101.386	-7515.271	413.8848	0.2617771	1.477277	4.779891
14958	-7102.234	-7517.203	414.9695	0.289561	1.497338	4.118924
14964	-7118.772	-7532.384	413.6121	0.3188506	1.530623	4.8264
14970	-7098.293	-7512.056	413.7628	0.3188506	1.53639	4.73905
14976	-7126.573	-7539.978	413.4049	0.2882066	1.442183	5.030379
14982	-7116.565	-7531.603	415.0379	0.2782652	1.589693	4.042836
14988	-7118.408	-7533.05	414.6429	0.2674938	1.60731	4.272488
14994	-7118.639	-7533.172	414.5337	0.2506704	1.6875	4.313273
15000	-7116.831	-7531.297	414.4662	0.2060415	1.562768	4.491344
15006	-7112.184	-7527.02	414.8368	0.2375446	1.562768	4.231949
15012	-7112.346	-7526.817	414.4717	0.2428254	1.560624	4.431592
15018	-7106.918	-7521.601	414.6823	0.2392743	1.676945	4.252202
15024	-7113.062	-7528.07	415.0089	0.2258098	1.647466	4.104361
15030	-7107.611	-7522.319	414.7073	0.2534367	1.595607	4.26294
15036	-7101.965	-7516.607	414.642	0.2256111	1.632949	4.321029
15042	-7106.234	-7520.836	414.6015	0.2576153	1.587973	4.321029
15048	-7107.672	-7521.89	414.2176	0.2805753	1.587973	4.505201
15054	-7125.31	-7539.585	414.2741	0.2886044	1.578581	4.467779
15060	-7122.722	-7536.225	413.5024	0.2711252	1.458413	4.990319
15066	-7117.796	-7531.248	413.4515	0.2364505	1.450231	5.07303
15072	-7121.272	-7535.703	414.4301	0.2672193	1.700814	4.340369
15078	-7138.243	-7553.033	414.7902	0.2473274	1.58658	4.230105
15084	-7127.364	-7543.707	416.3438	0.2266304	1.710507	3.294318
15090	-7110.566	-7526.283	415.7169	0.2266304	1.667102	3.685572
15096	-7124.77	-7540.689	415.9188	0.2406184	1.765081	3.489202
15102	-7134.325	-7550.192	415.8673	0.2412381	1.713246	3.548467
15108	-7129.79	-7543.717	413.9273	0.2382359	1.574529	4.736213
15114	-7141.011	-7555.018	414.0074	0.2571482	1.490011	4.710835
15120	-7123.042	-7537.205	414.1635	0.2490247	1.460775	4.65164
15126	-7107.596	-7522.452	414.8556	0.2439584	1.51251	4.240092
15132	-7110.398	-7525.065	414.6663	0.2770205	1.53017	4.289565
15138	-7110.21	-7524.698	414.4885	0.2414521	1.455751	4.483247
15144	-7115.38	-7529.973	414.5928	0.2414521	1.459334	4.422444
15150	-7132.253	-7547.571	415.3181	0.2469604	1.598116	3.923226
15156	-7119.684	-7536.26	416.5767	0.2208478	1.75572	3.139208
15162	-7115.218	-7531.395	416.1774	0.2397212	1.739704	3.354025
15168	-7113.199	-7529.494	416.2948	0.2415397	1.739704	3.282049
15174	-7123.777	-7536.904	413.1264	0.2613281	1.437111	5.224164
15180	-7134.241	-7546.07	411.8289	0.246336	1.419089	5.967922
15186	-7136.339	-7549.572	413.2324	0.246336	1.413631	5.199998
15192	-7130.934	-7544.079	413.1447	0.2443101	1.395381	5.261578
15198	-7114.805	-7529.589	414.7836	0.2482667	1.502941	4.279871
15204	-7118.458	-7532.323	413.8653	0.2669364	1.515354	4.762221
15210	-7112.409	-7525.463	413.0536	0.2342663	1.456688	5.292906
15216	-7122.689	-7536.594	413.9053	0.2597251	1.545069	4.733461
15222	-7135.749	-7551.692	415.9422	0.2767392	1.695385	3.462234
15228	-7133.4	-7548.587	415.1875	0.2551355	1.589283	3.990843
15234	-7131.634	-7546.47	414.8364	0.2808422	1.523101	4.191853
15240	-7139.691	-7553.735	414.0435	0.2653663	1.519126	4.662668
15246	-7144.156	-7559.202	415.0461	0.3145501	1.426517	4.082624
15252	-7127.451	-7540.949	413.4981	0.2516211	1.468067	5.014888
15258	-7113.716	-7527.264	413.5475	0.2200567	1.504265	5.014888
15264	-7100.198	-7513.03	412.8319	0.2583386	1.36336	5.431601
15270	-7093.138	-7505.94	412.8024	0.2556457	1.399788	5.431601
15276	-7121.984	-7535.481	413.4972	0.2556457	1.566808	4.954757
15282	-7123.137	-7537.478	414.3411	0.2506339	1.454731	4.55307
15288	-7110.416	-7525.927	415.5105	0.237987	1.549892	3.854222
15294	-7129.954	-7545.709	415.755	0.237987	1.62741	3.668543
15300	-7128.958	-7544.511	415.5528	0.2923304	1.622068	3.709231
15306	-7132.499	-7548.054	415.5546	0.27456	1.562063	3.767641
15312	-7131.268	-7546.911	415.6425	0.2268468	1.66698	3.728306
15318	-7117.19	-7532.384	415.1942	0.2377981	1.584451	4.015877
15324	-7121.186	-7536.458	415.2722	0.2741532	1.591383	3.913652
15330	-7126.795	-7541.997	415.2017	0.2917514	1.619383	3.913652
15336	-7142.409	-7558.358	415.9491	0.2268165	1.722467	3.518319
15342	-7129.914	-7545.753	415.8393	0.2812208	1.725865	3.498136
15348	-7138.819	-7554.38	415.5611	0.2510517	1.629189	3.759546
15354	-7142.693	-7556.374	413.6811	0.2586584	1.50786	4.880868
15360	-7118.409	-7532.478	414.0698	0.2586584	1.483406	4.67746
15366	-7120.354	-7534.323	413.969	0.2487778	1.462971	4.759603
15372	-7112.748	-7525.055	412.307	0.2485617	1.454051	5.684062
15378	-7111.19	-7523.924	412.7339	0.2556361	1.433301	5.45089
15384	-7129.84	-7541.532	411.692	0.2116529	1.41257	6.098277
15390	-7116.682	-7528.864	412.182	0.2196607	1.430348	5.808615
15396	-7114.016	-7526.668	412.6526	0.2358832	1.513206	5.480371
15402	-7131.671	-7545.108	413.437	0.2397305	1.47264	5.063694
15408	-7114.453	-7526.399	411.9467	0.2356615	1.328469	5.968626
15414	-7142.696	-7553.939	411.2428	0.2403025	1.298727	6.361039
15420	-7155.003	-7567.855	412.8521	0.2692658	1.483136	5.339206
15426	-7146.533	-7559.821	413.2878	0.2676813	1.42044	5.1352
15432	-7118.614	-7531.579	412.9645	0.2315778	1.456774	5.346056
15438	-7112.724	-7526.47	413.7458	0.2544711	1.540289	4.832741
15444	-7106.286	-7520.054	413.7682	0.2498014	1.530084	4.832741
15450	-7110.243	-7524.171	413.9289	0.2268486	1.431158	4.832741
15456	-7136.239	-7550.329	414.0898	0.26068	1.457127	4.678105
15462	-7106.184	-7519.913	413.7291	0.2644989	1.492308	4.854501
15468	-7104.48	-7517.343	412.8626	0.2508438	1.414531	5.397168
15474	-7124.324	-7539.759	415.4345	0.2422842	1.513491	3.91214
15480	-7133.645	-7547.588	413.9436	0.2263081	1.454151	4.812555
15486	-7120.381	-7534.672	414.291	0.2725526	1.50892	4.519465
15492	-7117.538	-7531.138	413.5993	0.233743	1.398966	5.023528
15498	-7139.529	-7553.188	413.6591	0.2031379	1.426017	5.023528
15504	-7136.921	-7551.581	414.6593	0.23639	1.500324	4.369501
15510	-7128.603	-7544.088	415.4848	0.2502764	1.678455	3.776248
15516	-7124.662	-7540.357	415.6948	0.2208251	1.691916	3.693394
15522	-7117.3	-7533.289	415.9886	0.2593583	1.621509	3.503666
15528	-7129.457	-7545.571	416.114	0.2343088	1.67958	3.435043
15534	-7130.002	-7544.363	414.3607	0.29108	1.505365	4.456913
15540	-7109.141	-7523.657	414.5164	0.2336052	1.6054	4.395132
15546	-7111.268	-7525.879	414.6104	0.2193518	1.550983	4.395132
15552	-7111.675	-7525.707	414.0317	0.228304	1.518759	4.724128
15558	-7118.707	-7531.867	413.1601	0.228304	1.602019	5.162706
15564	-7112.121	-7524.332	412.2107	0.228304	1.389322	5.802121
15570	-7110.45	-7522.777	412.3269	0.2681423	1.417822	5.665547
15576	-7120.174	-7534.084	413.9099	0.2270372	1.497247	4.806186
15582	-7137.196	-7551.099	413.9033	0.2471782	1.450294	4.805682
15588	-7126.089	-7540.304	414.2153	0.2838941	1.526229	4.536654
15594	-7123.724	-7537.283	413.5592	0.2697881	1.444373	4.968409
15600	-7143.879	-7557.739	413.8599	0.2422831	1.559154	4.776371
15606	-7147.348	-7560.631	413.2823	0.2422831	1.58737	5.08212
15612	-7126.517	-7540.357	413.8396	0.2792686	1.58737	4.719284
15618	-7126.436	-7540.061	413.6247	0.2442669	1.528327	4.921775
15624	-7110.603	-7525.581	414.977	0.2547136	1.488271	4.168963
15630	-7125.888	-7538.328	412.44	0.2726286	1.417765	5.597362
15636	-7124.582	-7536.076	411.4936	0.2516787	1.338309	6.186999
15642	-7119.351	-7530.935	411.5838	0.2562799	1.363017	6.117962
15648	-7140.164	-7553.572	413.4081	0.2527034	1.489232	5.05157
15654	-7126.735	-7541.586	414.8514	0.2453923	1.605858	4.187361
15660	-7132.597	-7547.498	414.9009	0.2460977	1.537288	4.197099
15666	-7121.293	-7535.72	414.4266	0.2460977	1.553472	4.456118
15672	-7119.627	-7535.243	415.6155	0.211317	1.601871	3.806727
15678	-7114.916	-7530.931	416.0147	0.2719741	1.642856	3.457433
15684	-7108.821	-7524.099	415.2781	0.2533475	1.577448	3.9484
15690	-7101.616	-7516.373	414.7573	0.2687373	1.543633	4.241999
15696	-7109.064	-7523.584	414.52	0.2475072	1.543633	4.406959
15702	-7125.377	-7539.904	414.5272	0.2475072	1.585137	4.379432
15708	-7105.781	-7520.998	415.2172	0.2330517	1.606126	3.997697
15714	-7116.808	-7531.845	415.0365	0.2763747	1.572269	4.056238
15720	-7159.066	-7575.819	416.7536	0.2622789	1.813997	2.93215
15726	-7153.655	-7570.103	416.4481	0.2583872	1.741869	3.163963
15732	-7131.429	-7547.536	416.1068	0.2253449	1.754127	3.410061
15738	-7149.204	-7564.758	415.5531	0.2468631	1.695572	3.73215
15744	-7139.963	-7555.648	415.685	0.2359308	1.682164	3.680554
15750	-7128.877	-7545.46	416.5832	0.2720244	1.783657	3.038059
15756	-7127.814	-7544.35	416.5356	0.2731254	1.714678	3.106041
15762	-7124.679	-7541.078	416.3991	0.261578	1.705586	3.20971
15768	-7134.432	-7550.701	416.2687	0.261578	1.759143	3.255175
15774	-7122.145	-7538.063	415.9176	0.2470057	1.649715	3.547228
15780	-7127.892	-7542.676	414.7836	0.2523401	1.619248	4.207918
15786	-7128.382	-7544.135	415.7532	0.2650508	1.682355	3.59682
15792	-7123.695	-7538.256	414.5617	0.2529106	1.561789	4.36521
15798	-7157.795	-7571.377	413.5818	0.2464662	1.430473	4.996771
15804	-7133.74	-7550.547	416.8076	0.2883938	1.890875	2.814007
15810	-7136.796	-7554.191	417.3951	0.2930418	1.838574	2.477131
15816	-7136.985	-7553.902	416.917	0.2648239	1.80462	2.835067
15822	-7135.558	-7547.011	411.4533	0.3216096	1.352902	6.109436
15828	-7123.102	-7536.282	413.1797	0.2422154	1.526152	5.17294
15834	-7132.678	-7546.931	414.2529	0.2321979	1.57461	4.562906
15840	-7152.912	-7567.688	414.7765	0.2438438	1.600232	4.235356
15846	-7151.521	-7567.456	415.9355	0.2721017	1.685801	3.478427
15852	-7137.694	-7554.046	416.3521	0.2834592	1.6937	3.212495
15858	-7113.044	-7528.376	415.3312	0.282919	1.598049	3.863696
15864	-7121.547	-7536.886	415.3385	0.2958666	1.559897	3.863696
15870	-7121.783	-7537.702	415.9193	0.2659924	1.677507	3.501589
15876	-7122.768	-7538.896	416.1284	0.262917	1.674184	3.385766
15882	-7122.251	-7538.778	416.5267	0.262917	1.674184	3.150638
15888	-7126.681	-7542.404	415.7235	0.3250911	1.581245	3.590556
15894	-7126.061	-7541.79	415.7288	0.2910936	1.626567	3.606377
15900	-7101.676	-7517.283	415.6073	0.2599626	1.626567	3.7211
15906	-7117.001	-7532.521	415.5201	0.2275655	1.587111	3.843687
15912	-7121.904	-7537.307	415.4022	0.2431489	1.662665	3.843687
15918	-7100.252	-7515.573	415.3209	0.2607257	1.581646	3.910643
15924	-7117.439	-7533.196	415.7572	0.2218105	1.614199	3.700666
15930	-7122.484	-7538.174	415.69	0.2504346	1.603875	3.700666
15936	-7113.711	-7529.108	415.3976	0.2521245	1.634363	3.849073
15942	-7116.958	-7532.128	415.1708	0.2526735	1.641472	3.97417
15948	-7129.453	-7544.61	415.1563	0.2420289	1.684031	3.97417
15954	-7112.301	-7527.178	414.8768	0.221135	1.608592	4.208938
15960	-7125.132	-7540.09	414.9583	0.2603575	1.59366	4.111438
15966	-7103.207	-7518.134	414.9267	0.2603575	1.625255	4.111438
15972	-7112.192	-7528.09	415.8977	0.2162034	1.614653	3.62823
15978	-7116.914	-7532.572	415.6585	0.2297689	1.646269	3.726354
15984	-7117.275	-7532.793	415.5178	0.2717822	1.600633	3.770571
15990	-7123.093	-7539.409	416.3159	0.2374509	1.659918	3.323116
15996	-7113.767	-7530.324	416.5572	0.2432734	1.722776	3.133917
16002	-7113.95	-7530.42	416.4698	0.251084	1.789562	3.133917
16008	-7119.897	-7536.779	416.8827	0.2325578	1.799713	2.910101
16014	-7125.216	-7541.797	416.5803	0.2376792	1.716235	3.132948
16020	-7110.379	-7526.943	416.5639	0.2385991	1.730242	3.132948
16026	-7123.097	-7539.073	415.9758	0.2483119	1.705916	3.478537
16032	-7137.689	-7551.503	413.8143	0.2720981	1.564303	4.756198
16038	-7120.098	-7535.377	415.2795	0.2628699	1.616206	3.911446
16044	-7109.336	-7522.656	413.3202	0.2524995	1.416895	5.140691
16050	-7112.437	-7526.355	413.9178	0.2524995	1.45819	4.78542
16056	-7125.32	-7538.438	413.1184	0.3027459	1.398552	5.194356
16062	-7122.598	-7537.284	414.6863	0.2563066	1.535387	4.304724
16068	-7133.741	-7548.453	414.7122	0.2534196	1.506945	4.310385
16074	-7136.531	-7550.916	414.3849	0.2534196	1.598702	4.443341
16080	-7115.063	-7529.661	414.5978	0.2387591	1.586482	4.35198
16086	-7128.056	-7543.249	415.1929	0.2563345	1.526363	4.02191
16092	-7139.834	-7556.341	416.5074	0.2648619	1.799758	3.084393
16098	-7118.514	-7536.189	417.6751	0.2965157	1.854111	2.284886
16104	-7136.682	-7553.666	416.9837	0.2653051	1.744489	2.830391
16110	-7124.237	-7540.676	416.4391	0.2586774	1.739321	3.170371
16116	-7150.237	-7566.512	416.2757	0.3064782	1.693201	3.225905
16122	-7131.554	-7547.366	415.8124	0.2891883	1.718281	3.507059
16128	-7144.969	-7561.007	416.0381	0.2891883	1.73946	3.362547
16134	-7123.605	-7536.773	413.1678	0.2729556	1.566329	5.113592
16140	-7129.364	-7543.886	414.5219	0.3046723	1.511099	4.344824
16146	-7150.602	-7565.128	414.5262	0.3021945	1.512548	4.344824
16152	-7118.62	-7533.277	414.6574	0.2763174	1.514843	4.304242
16158	-7122.929	-7538.361	415.4318	0.2861073	1.595365	3.802967
16164	-7116.76	-7532.392	415.6321	0.2861073	1.646749	3.657668
16170	-7114.077	-7529.994	415.9162	0.2861073	1.68497	3.47018
16176	-7108.649	-7524.973	416.3239	0.2554212	1.712902	3.259207
16182	-7102.459	-7519.131	416.6723	0.2118811	1.760726	3.094522
16188	-7099.732	-7516.724	416.9923	0.2118811	1.739546	2.915269
16194	-7115.142	-7529.398	414.2561	0.2227291	1.531667	4.599945
16200	-7135.884	-7549.183	413.2992	0.2195298	1.50133	5.155029
16206	-7109.039	-7523.264	414.2253	0.2195298	1.474469	4.654335
16212	-7129.917	-7543.606	413.6889	0.255535	1.476852	4.898248
16218	-7126.665	-7541.085	414.4199	0.2555604	1.498549	4.476926
16224	-7117.541	-7532.212	414.6709	0.2119074	1.475177	4.415767
16230	-7113.762	-7528.377	414.615	0.2212571	1.57829	4.374039
16236	-7120.275	-7535.572	415.2968	0.2321949	1.529526	3.997356
16242	-7130.21	-7544.751	414.541	0.2943192	1.527187	4.338575
16248	-7137.826	-7551.855	414.0299	0.2790518	1.423191	4.705003
16254	-7130.788	-7543.114	412.3256	0.2536781	1.436642	5.676137
16260	-7151.875	-7563.177	411.3019	0.3179916	1.218373	6.26936
16266	-7145.584	-7557.558	411.974	0.3254986	1.357047	5.818308
16272	-7121.509	-7535.254	413.745	0.2939601	1.386611	4.864498
16278	-7134.308	-7546.874	412.5658	0.3017404	1.429147	5.48366
16284	-7124.203	-7538.488	414.2855	0.2589624	1.552146	4.51744
16290	-7120.758	-7534.83	414.0724	0.3338215	1.589094	4.51744
16296	-7116.21	-7529.898	413.6878	0.2403756	1.455437	4.93299
16302	-7131.178	-7544.762	413.5835	0.2769208	1.466097	4.93299
16308	-7129.726	-7542.995	413.2697	0.2825076	1.492166	5.085279
16314	-7123.865	-7536.87	413.004	0.2871854	1.501412	5.221001
16320	-7124.338	-7537.603	413.2651	0.2617211	1.549735	5.084444
16326	-7112.06	-7524.479	412.4187	0.2894756	1.37037	5.612608
16332	-7117.406	-7530.903	413.4971	0.2831211	1.483342	4.963079
16338	-7120.785	-7533.394	412.6085	0.2573813	1.483342	5.489845
16344	-7102.348	-7514.347	411.9987	0.2458525	1.403859	5.884196
16350	-7114.466	-7527.132	412.666	0.2369969	1.422123	5.521397
16356	-7125.461	-7535.932	410.4713	0.2851188	1.349468	6.689768
16362	-7114.047	-7524.507	410.4597	0.2922628	1.344016	6.689768
16368	-7111.617	-7523.811	412.1937	0.2806938	1.403801	5.729247
16374	-7127.982	-7541.469	413.4874	0.2396903	1.45128	5.047644
16380	-7122.026	-7535.214	413.1875	0.2548982	1.397436	5.221446
16386	-7115.147	-7529.118	413.9708	0.2709873	1.49784	4.707391
16392	-7112.39	-7526.858	414.468	0.2563506	1.573796	4.406282
16398	-7098.482	-7512.652	414.17	0.2525545	1.57784	4.577214
16404	-7111.134	-7525.006	413.8721	0.2479916	1.574307	4.752647
16410	-7118.551	-7532.437	413.8861	0.2579859	1.534419	4.752647
16416	-7136.191	-7548.713	412.5217	0.2597265	1.449509	5.552898
16422	-7113.957	-7531.625	417.6673	0.2551884	1.881386	2.337287
16428	-7131.96	-7549.638	417.6779	0.2401848	1.910237	2.337287
16434	-7148.523	-7566.415	417.8914	0.2116787	1.919929	2.245258
16440	-7128.843	-7546.477	417.6339	0.2299967	1.919929	2.376645
16446	-7124.89	-7542.583	417.693	0.2395606	1.834797	2.376645
16452	-7115.706	-7533.063	417.3574	0.2724912	1.815409	2.546189
16458	-7125.821	-7543.183	417.3627	0.2340573	1.909773	2.546189
16464	-7119.756	-7536.915	417.1599	0.2385025	1.909773	2.664289
16470	-7127.557	-7544.766	417.2084	0.2448909	1.844172	2.664289
16476	-7115.373	-7531.987	416.6139	0.2275185	1.75278	3.107713
16482	-7119.472	-7536.121	416.649	0.2264523	1.720625	3.107713
16488	-7116.938	-7533.678	416.7391	0.2389513	1.755986	3.012346
16494	-7114.174	-7530.367	416.1924	0.2389513	1.740084	3.346199
16500	-7112.104	-7528.345	416.2411	0.2673548	1.702635	3.2962
16506	-7110.567	-7526.786	416.2194	0.2686681	1.721051	3.2962
16512	-7113.887	-7529.917	416.0296	0.2424027	1.611725	3.511243
16518	-7112.719	-7528.541	415.8218	0.2485124	1.644474	3.603702
16524	-7117.537	-7533.744	416.2071	0.2293961	1.690073	3.382228
16530	-7118.552	-7533.696	415.144	0.2445543	1.57331	4.040623
16536	-7107.105	-7522.018	414.9124	0.2505537	1.532322	4.186773
16542	-7105.981	-7519.749	413.7685	0.2161698	1.356258	4.980471
16548	-7100.554	-7515.299	414.7454	0.2441853	1.58868	4.259042
16554	-7139.9	-7554.289	414.3882	0.2579307	1.458057	4.514116
16560	-7129.371	-7544.971	415.6	0.2456906	1.557841	3.78633
16566	-7127.946	-7542.223	414.2771	0.2834217	1.569508	4.478199
16572	-7121.132	-7536.529	415.3967	0.2661055	1.639702	3.825984
16578	-7119.488	-7534.595	415.107	0.2661055	1.561721	4.036588
16584	-7120.433	-7534.401	413.9677	0.2769766	1.489179	4.705725
16590	-7128.842	-7542.785	413.9436	0.2726063	1.524429	4.705486
16596	-7140.811	-7555.837	415.0257	0.2423139	1.519889	4.141785
16602	-7131.157	-7546.75	415.5927	0.2590904	1.648837	3.717992
16608	-7122.587	-7538.193	415.6058	0.2495894	1.66024	3.717992
16614	-7119.181	-7530.591	411.4095	0.2556691	1.32556	6.234036
16620	-7125.882	-7538.774	412.8919	0.2975625	1.501721	5.269201
16626	-7111.879	-7527.47	415.5905	0.2463498	1.599113	3.767029
16632	-7108.823	-7523.936	415.1136	0.2398472	1.571453	4.066142
16638	-7118.723	-7534.348	415.6249	0.2398472	1.612449	3.749467
16644	-7105.848	-7520.865	415.0176	0.2445301	1.574505	4.112013
16650	-7108.35	-7520.109	411.7588	0.2534134	1.409029	6.001569
16656	-7100.44	-7514.653	414.2123	0.2534134	1.487838	4.602699
16662	-7111.503	-7526.608	415.1053	0.2246017	1.561624	4.100219
16668	-7116.419	-7532.184	415.765	0.2281715	1.646699	3.66706
16674	-7130.099	-7546.374	416.2756	0.2322708	1.659876	3.35506
16680	-7092.169	-7507.912	415.7435	0.2421757	1.659876	3.649851
16686	-7093.409	-7509.439	416.0294	0.2688668	1.663165	3.441436
16692	-7109.934	-7526.502	416.5678	0.1929103	1.737773	3.203751
16698	-7116.263	-7533.099	416.8362	0.2381465	1.736227	2.96723
16704	-7105.017	-7521.514	416.4966	0.2339222	1.817282	3.128682
16710	-7108.471	-7525.556	417.0851	0.2235481	1.811188	2.795491
16716	-7101.869	-7518.261	416.3924	0.2424046	1.7638	3.208741
16722	-7092.198	-7509.123	416.9247	0.229711	1.856424	2.85507
16728	-7120.514	-7537.494	416.9798	0.2334697	1.856424	2.815407
16734	-7159.426	-7569.523	410.0971	0.2356564	1.236621	7.020541
16740	-7147.929	-7563.726	415.7969	0.287283	1.696807	3.531255
16746	-7135.926	-7552.237	416.3116	0.2389862	1.649387	3.329409
16752	-7131.008	-7546.409	415.401	0.2516272	1.534102	3.905412
16758	-7125.588	-7540.05	414.4613	0.2509269	1.534102	4.440353
16764	-7103.576	-7517.839	414.2635	0.2684111	1.439807	4.579511
16770	-7117.412	-7532.371	414.9587	0.276706	1.583789	4.093546
16776	-7109.699	-7524.751	415.0519	0.2307178	1.583789	4.108397
16782	-7132.711	-7548.224	415.5129	0.24886	1.589455	3.813454
16788	-7147.444	-7561.948	414.504	0.255046	1.50626	4.425926
16794	-7117.364	-7531.066	413.7025	0.2835923	1.430969	4.877273
16800	-7138.398	-7551.158	412.7599	0.2397544	1.431549	5.460484
16806	-7123.291	-7536.09	412.7984	0.2687737	1.440217	5.393149
16812	-7121.675	-7534.125	412.4501	0.2867965	1.433144	5.564449
16818	-7128.003	-7541.377	413.3735	0.2914076	1.438586	5.045542
16824	-7130.551	-7544.535	413.9842	0.3191831	1.557893	4.602613
16830	-7110.483	-7524.904	414.4207	0.277553	1.539213	4.422458
16836	-7118.55	-7534.618	416.0676	0.2678592	1.685351	3.40758
16842	-7136.162	-7552.068	415.906	0.2468198	1.639345	3.560316
16848	-7136.193	-7551.943	415.7502	0.2502833	1.70131	3.609589
16854	-7120.891	-7535.609	414.7176	0.2862033	1.475495	4.278843
16860	-7112.255	-7527.496	415.2405	0.2511824	1.618229	3.949801
16866	-7123.848	-7539.208	415.3598	0.2930674	1.631736	3.813973
16872	-7120.657	-7536.635	415.9783	0.280923	1.667997	3.451131
16878	-7107.795	-7522.904	415.1081	0.280923	1.54305	4.025704
16884	-7125.868	-7540.348	414.48	0.2739684	1.554723	4.385226
16890	-7134.73	-7549.285	414.5553	0.2410536	1.52023	4.409877
16896	-7129.767	-7544.98	415.2128	0.2819309	1.533827	3.969766
16902	-7131.642	-7547.054	415.4122	0.260988	1.561992	3.869165
16908	-7109.11	-7524.664	415.5541	0.2669565	1.636102	3.736083
16914	-7102.608	-7518.007	415.3995	0.274638	1.565962	3.854519
16920	-7103.581	-7518.961	415.3799	0.2773754	1.578823	3.854519
16926	-7104.104	-7520.469	416.365	0.2324821	1.675489	3.292944
16932	-7139.068	-7553.534	414.4657	0.2679275	1.467753	4.450789
16938	-7123.125	-7538.38	415.2546	0.2431629	1.524424	4.007468
16944	-7117.03	-7532.668	415.6379	0.2431629	1.653992	3.712861
16950	-7112.941	-7528.52	415.5789	0.2539267	1.684716	3.712861
16956	-7115.832	-7531.464	415.6315	0.2835736	1.650384	3.659447
16962	-7135.909	-7552.16	416.2507	0.3091457	1.723655	3.219065
16968	-7127.697	-7544.069	416.3713	0.2480854	1.701609	3.249123
16974	-7122.233	-7538.46	416.2278	0.2897964	1.701609	3.27232
16980	-7109.891	-7526.615	416.7234	0.2481725	1.70426	3.038045
16986	-7121.662	-7538.032	416.37	0.2064418	1.682856	3.329092
16992	-7115.68	-7532.1	416.4196	0.2463828	1.682856	3.234302
16998	-7114.849	-7530.645	415.7959	0.2549767	1.692963	3.580781
17004	-7114.029	-7529.346	415.3169	0.2549767	1.5918	3.915577
17010	-7126.056	-7541.815	415.7589	0.2468682	1.61952	3.657108
17016	-7113.056	-7528.782	415.7255	0.239708	1.648946	3.670429
17022	-7136.046	-7550.838	414.792	0.2867503	1.574109	4.180002
17028	-7125.912	-7541.024	415.1116	0.30206	1.492409	4.024
17034	-7118.799	-7532.342	413.5437	0.2861989	1.433743	4.960595
17040	-7122.245	-7536.886	414.6408	0.231766	1.526736	4.37212
17046	-7135.678	-7550.641	414.9636	0.2961778	1.514706	4.103508
17052	-7122.359	-7537.719	415.3601	0.2468013	1.56847	3.916372
17058	-7132	-7546.915	414.9156	0.2468013	1.56847	4.170018
17064	-7125.298	-7539.7	414.4022	0.2721745	1.537767	4.441139
17070	-7109.679	-7524.506	414.8271	0.2660893	1.542835	4.206661
17076	-7105.233	-7519.277	414.0444	0.2506623	1.582787	4.647586
17082	-7117.794	-7531.636	413.8419	0.2398484	1.551789	4.79419
17088	-7119.106	-7532.517	413.4103	0.2501071	1.515498	5.039525
17094	-7131.937	-7545.59	413.6533	0.2508372	1.375936	4.980997
17100	-7134.309	-7549.115	414.8055	0.2782238	1.542384	4.202077
17106	-7130.372	-7546.035	415.6633	0.2584641	1.637227	3.684774
17112	-7126.932	-7541.696	414.7639	0.2560021	1.658247	4.191551
17118	-7137.371	-7550.542	413.1719	0.206064	1.543977	5.223309
17124	-7125.71	-7538.204	412.4933	0.2241115	1.469563	5.60968
17130	-7128.418	-7541.62	413.202	0.2680392	1.357343	5.217136
17136	-7129.778	-7542.725	412.9471	0.2671073	1.424333	5.322213
17142	-7127.914	-7540.862	412.9475	0.2884685	1.362361	5.327347
17148	-7114.534	-7527.351	412.8173	0.2636259	1.416723	5.402854
17154	-7119.038	-7532.225	413.1869	0.2358595	1.346015	5.277995
17160	-7123.07	-7536.349	413.2793	0.2600525	1.493094	5.110369
17166	-7125.266	-7538.856	413.5897	0.2850225	1.554441	4.869375
17172	-7114.736	-7528.948	414.212	0.2341717	1.554441	4.594185
17178	-7128.098	-7543.568	415.47	0.2768534	1.629509	3.774239
17184	-7111.481	-7525.974	414.4924	0.2672913	1.554048	4.387964
17190	-7109.788	-7523.401	413.6129	0.2467555	1.526178	4.925847
17196	-7123.389	-7535.448	412.0594	0.2617444	1.429266	5.814607
17202	-7114.177	-7525.006	410.8289	0.2832636	1.339381	6.504215
17208	-7108.164	-7518.954	410.7895	0.2772174	1.393439	6.504215
17214	-7114.242	-7527.169	412.9274	0.2682099	1.422167	5.332744
17220	-7118.338	-7532.942	414.604	0.2546523	1.54819	4.346412
17226	-7111.362	-7525.328	413.9658	0.2389328	1.554961	4.724587
17232	-7132.374	-7546.314	413.9397	0.2502903	1.466549	4.771745
17238	-7126.109	-7539.578	413.469	0.2856436	1.409987	5.016071
17244	-7142.059	-7554.739	412.6796	0.2384971	1.409987	5.518392
17250	-7133.719	-7549.399	415.6802	0.2587782	1.692579	3.642481
17256	-7102.477	-7518.89	416.413	0.2488872	1.71233	3.216892
17262	-7105.487	-7521.382	415.8951	0.227646	1.75266	3.530812
17268	-7120.382	-7536.698	416.316	0.2567611	1.704862	3.266558
17274	-7117.044	-7531.867	414.8231	0.2652184	1.661645	4.14265
17280	-7100.822	-7515.73	414.9085	0.2405471	1.526949	4.207052
17286	-7107.474	-7522.395	414.9212	0.2294661	1.620943	4.163552
17292	-7143.221	-7558.879	415.6578	0.2062206	1.588548	3.798622
17298	-7111.256	-7526.296	415.0403	0.2349836	1.549323	4.127965
17304	-7120.378	-7534.854	414.4761	0.2349836	1.549323	4.447305
17310	-7126.902	-7541.785	414.8822	0.2596574	1.526389	4.193968
17316	-7133.562	-7548.596	415.0345	0.2566142	1.580242	4.081117
17322	-7124.407	-7539.606	415.1991	0.2119965	1.537157	4.081117
17328	-7133.489	-7546.951	413.4621	0.2768233	1.459449	5.004299
17334	-7124.633	-7539.006	414.3729	0.2620345	1.523215	4.480149
17340	-7132.148	-7545.001	412.853	0.2489676	1.487206	5.365124
17346	-7148.892	-7561.825	412.9335	0.2310421	1.388001	5.401907
17352	-7127.664	-7541.935	414.2706	0.237283	1.538395	4.565546
17358	-7121.057	-7534.818	413.7606	0.2945118	1.531697	4.774127
17364	-7117.712	-7530.326	412.6145	0.232839	1.38845	5.574448
17370	-7124.636	-7537.657	413.0213	0.2667362	1.407331	5.291176
17376	-7108.841	-7523.265	414.4244	0.2062237	1.501483	4.548956
17382	-7106.371	-7520.567	414.1962	0.2285958	1.51521	4.633587
17388	-7116.504	-7530.376	413.8713	0.2492275	1.426816	4.833656
17394	-7120.473	-7534.349	413.8756	0.2316055	1.46966	4.833656
17400	-7136.364	-7550.485	414.1206	0.2730359	1.454448	4.644955
17406	-7129.007	-7542.731	413.7233	0.2267911	1.409816	4.959215
17412	-7138.953	-7552.265	413.3114	0.2403352	1.411216	5.166456
17418	-7116.512	-7529.038	412.5261	0.260254	1.417136	5.567521
17424	-7124.963	-7537.328	412.3657	0.2744823	1.388381	5.651749
17430	-7126.514	-7539.58	413.0659	0.272223	1.360766	5.28471
17436	-7127.064	-7541.05	413.9852	0.2715278	1.509251	4.692218
17442	-7125.009	-7539.735	414.7259	0.2619985	1.526771	4.278947
17448	-7139.049	-7553.865	414.8159	0.2457013	1.479022	4.278947
17454	-7123.582	-7537.899	414.317	0.2521454	1.479022	4.550735
17460	-7128.75	-7544.543	415.7938	0.2584335	1.675862	3.586809
17466	-7135.351	-7551.655	416.3033	0.2847262	1.680639	3.247258
17472	-7122.536	-7538.833	416.2965	0.2693297	1.615563	3.311941
17478	-7118.226	-7533.891	415.6647	0.2807729	1.631578	3.655032
17484	-7114.626	-7529.821	415.1951	0.2742871	1.549305	3.981696
17490	-7102.408	-7517.283	414.8749	0.2620925	1.549305	4.181542
17496	-7136.15	-7551.793	415.6433	0.3340112	1.578644	3.627271
17502	-7135.348	-7551.478	416.1302	0.2417924	1.698889	3.402424
17508	-7136.31	-7552.13	415.8198	0.2735816	1.673332	3.550999
17514	-7137.622	-7552.886	415.2637	0.2555132	1.582642	3.95049
17520	-7135.115	-7550.126	415.011	0.2476818	1.548234	4.125939
17526	-7117.743	-7533.038	415.2956	0.2476818	1.57973	3.945576
17532	-7118.489	-7533.449	414.9599	0.2628773	1.580772	4.114187
17538	-7123.172	-7538.881	415.7089	0.2624289	1.745505	3.589752
17544	-7126.073	-7541.727	415.654	0.2900247	1.73253	3.589752
17550	-7128.386	-7543.49	415.1035	0.322796	1.52223	3.984702
17556	-7128.253	-7543.479	415.2259	0.2764322	1.445354	4.020519
17562	-7106.805	-7522.228	415.4236	0.3091263	1.496038	3.833811
17568	-7120.891	-7534.886	413.9949	0.2610093	1.408753	4.757755
17574	-7112.717	-7526.543	413.826	0.2833625	1.467099	4.788528
17580	-7118.219	-7532.037	413.8177	0.3387298	1.34925	4.788528
17586	-7133.193	-7547.631	414.4381	0.2998574	1.492116	4.409126
17592	-7142.186	-7557.461	415.2752	0.2998574	1.540918	3.905552
17598	-7132.938	-7548.442	415.5043	0.2777626	1.599931	3.770264
17604	-7127.322	-7542.653	415.331	0.2666405	1.662858	3.849649
17610	-7133.506	-7549.022	415.5159	0.2862554	1.662858	3.715335
17616	-7151.186	-7566.749	415.5634	0.2862554	1.526408	3.766706
17622	-7134.491	-7550.216	415.7252	0.2679576	1.591096	3.661734
17628	-7143.996	-7558.368	414.3726	0.2667115	1.533817	4.46774
17634	-7116.367	-7530.702	414.3356	0.2713594	1.515825	4.49215
17640	-7113.971	-7527.725	413.7533	0.2690081	1.568979	4.791937
17646	-7116.184	-7530.481	414.2974	0.2668646	1.542006	4.505236
17652	-7115.249	-7530.441	415.1918	0.2668646	1.604784	3.962437
17658	-7114.281	-7529.855	415.5741	0.2220867	1.604784	3.811216
17664	-7108.221	-7523.032	414.8104	0.2752956	1.627279	4.155171
17670	-7118.819	-7534.324	415.5049	0.231493	1.595957	3.841107
17676	-7123.787	-7538.05	414.2627	0.231493	1.598208	4.545244
17682	-7120.697	-7535.922	415.2253	0.231493	1.666097	3.961249
17688	-7115.728	-7529.741	414.0129	0.2425158	1.60864	4.662779
17694	-7126.056	-7540.135	414.0786	0.2249745	1.590738	4.662779
17700	-7118.921	-7531.106	412.1846	0.2567129	1.340496	5.801701
17706	-7121.909	-7534.668	412.7593	0.2811408	1.442115	5.396874
17712	-7132.322	-7545.087	412.7645	0.2648939	1.477086	5.396874
17718	-7122.093	-7534.809	412.7168	0.2648939	1.40462	5.463068
17724	-7136.46	-7549.493	413.0335	0.2363943	1.582891	5.231076
17730	-7149.577	-7564.342	414.7648	0.2231989	1.582891	4.283711
17736	-7146.064	-7560.514	414.4497	0.2628276	1.516502	4.439565
17742	-7127.598	-7541.865	414.2666	0.2521564	1.530012	4.550361
17748	-7108.745	-7523.722	414.9774	0.27622	1.555392	4.099777
17754	-7120.839	-7535.601	414.762	0.27622	1.555392	4.222144
17760	-7129.723	-7544.63	414.9076	0.2770574	1.623949	4.099291
17766	-7131.278	-7546.303	415.0253	0.241893	1.596149	4.099291
17772	-7105.337	-7520.056	414.7188	0.2618939	1.525423	4.283909
17778	-7103.482	-7518.203	414.7208	0.2675813	1.509068	4.283909
17784	-7125.44	-7539.301	413.8614	0.2682291	1.480289	4.782181
17790	-7127.515	-7544.237	416.7227	0.2913272	1.852843	2.884336
17796	-7128.099	-7544.044	415.9445	0.2741762	1.750397	3.432369
17802	-7155.982	-7571.47	415.4882	0.2741182	1.784584	3.678091
17808	-7122.997	-7538.675	415.6779	0.2482188	1.751415	3.625559
17814	-7128.24	-7543.324	415.0847	0.272317	1.595783	4.021053
17820	-7116.812	-7532.539	415.7272	0.2541444	1.723112	3.604447
17826	-7117.543	-7532.621	415.0779	0.2575685	1.618007	4.033468
17832	-7121.629	-7535.66	414.0307	0.268057	1.619812	4.609606
17838	-7123.488	-7538.918	415.4295	0.2904286	1.59955	3.79595
17844	-7115.838	-7530.902	415.0644	0.2756759	1.597584	4.026839
17850	-7126.541	-7540.549	414.0075	0.2946332	1.510736	4.647575
17856	-7119.432	-7533.415	413.9834	0.2743051	1.583855	4.647575
17862	-7131.175	-7547.674	416.4988	0.2814479	1.832799	3.045307
17868	-7108.497	-7524.482	415.9848	0.2676576	1.646951	3.478792
17874	-7120.276	-7536.76	416.4837	0.2626718	1.71365	3.15308
17880	-7123.526	-7539.433	415.907	0.2386096	1.666799	3.556466
17886	-7119.532	-7535.615	416.0835	0.2576319	1.666799	3.424324
17892	-7129.445	-7545.52	416.075	0.2614222	1.662429	3.42616
17898	-7122.786	-7539.436	416.6504	0.2236004	1.684703	3.132999
17904	-7112.412	-7528.268	415.8555	0.2508119	1.693663	3.552028
17910	-7111.128	-7526.942	415.8142	0.2508119	1.593422	3.634225
17916	-7115.708	-7531.455	415.747	0.2697379	1.603318	3.639459
17922	-7112.254	-7528.326	416.0726	0.2619868	1.603318	3.461304
17928	-7143.881	-7559.989	416.1077	0.2617847	1.7345	3.36422
17934	-7132.646	-7548.327	415.6802	0.2659342	1.714931	3.619006
17940	-7136.937	-7553.149	416.212	0.2817716	1.742133	3.26912
17946	-7145.773	-7562.145	416.3718	0.2464847	1.67149	3.26912
17952	-7146.303	-7561.457	415.1546	0.2665898	1.629742	3.969853
17958	-7146.167	-7561.805	415.6384	0.2697775	1.541476	3.737978
17964	-7116.136	-7531.554	415.418	0.2524078	1.60457	3.854024
17970	-7135.558	-7550.904	415.3456	0.2822278	1.60214	3.854024
17976	-7138.193	-7553.559	415.3662	0.260384	1.573654	3.889727
17982	-7129.064	-7543.987	414.9235	0.2456692	1.595383	4.151938
17988	-7123.146	-7539.439	416.2931	0.2456692	1.685222	3.308721
17994	-7132.378	-7547.194	414.8163	0.2663056	1.592649	4.184189
18000	-7154.029	-7568.948	414.9189	0.221199	1.600457	4.189545
18006	-7143.059	-7556.524	413.4652	0.225784	1.481831	5.064103
18012	-7114.103	-7527.596	413.4934	0.2416841	1.461644	5.035619
18018	-7119.117	-7532.808	413.6911	0.2500936	1.404682	4.945102
18024	-7128.088	-7542.83	414.7416	0.2661487	1.445366	4.310225
18030	-7129.552	-7543.916	414.364	0.2370947	1.548095	4.507891
18036	-7111.418	-7525.987	414.5685	0.2699953	1.514484	4.363546
18042	-7110.216	-7525.365	415.1486	0.2501988	1.622641	4.001337
18048	-7121.168	-7536.833	415.6651	0.2501988	1.611993	3.710683
18054	-7118.596	-7534.37	415.7738	0.2343054	1.571604	3.695687
18060	-7114.275	-7530.496	416.2214	0.2547769	1.605322	3.383843
18066	-7108.507	-7523.452	414.9445	0.2682249	1.453135	4.187898
18072	-7120.06	-7535.233	415.1724	0.278233	1.574122	3.974953
18078	-7134.694	-7550.367	415.6731	0.2529701	1.574122	3.723794
18084	-7122.754	-7536.305	413.5507	0.302186	1.377309	4.967137
18090	-7123.871	-7537.164	413.2931	0.302186	1.398231	5.098489
18096	-7108.262	-7521.767	413.5044	0.2538026	1.357766	5.06949
18102	-7113.389	-7529.2	415.8109	0.2561595	1.594989	3.62719
18108	-7104.094	-7519.302	415.2083	0.2845472	1.594989	3.933725
18114	-7093.91	-7509.404	415.4933	0.2524518	1.551895	3.840955
18120	-7105.291	-7521.092	415.8013	0.2213274	1.683054	3.63602
18126	-7112.063	-7527.474	415.4105	0.252473	1.736266	3.782465
18132	-7113.926	-7528.648	414.7219	0.2274013	1.602323	4.290336
18138	-7111.404	-7524.727	413.3232	0.2281151	1.440293	5.162234
18144	-7121.272	-7535.184	413.9119	0.2600745	1.442034	4.786875
18150	-7121.908	-7535.534	413.6266	0.2600745	1.53394	4.894714
18156	-7102.158	-7516.196	414.0379	0.2600745	1.552582	4.654578
18162	-7120.202	-7535.412	415.2097	0.2694943	1.568865	3.969009
18168	-7107.72	-7523.6	415.8796	0.2744062	1.581626	3.568362
18174	-7118.349	-7533.787	415.4382	0.2364602	1.594156	3.872677
18180	-7116.4	-7531.261	414.8613	0.2747086	1.601947	4.141464
18186	-7127.473	-7541.921	414.4487	0.2140718	1.420791	4.567834
18192	-7115.725	-7529.545	413.8202	0.2594277	1.548488	4.779562
18198	-7118.213	-7533.443	415.2303	0.2695994	1.593553	3.942933
18204	-7111.993	-7527.129	415.1361	0.2480218	1.602248	4.023364
18210	-7113.589	-7528.939	415.3495	0.2384861	1.640241	3.894036
18216	-7117.107	-7532.526	415.4188	0.260964	1.63004	3.826272
18222	-7094.608	-7509.982	415.3743	0.260964	1.674548	3.826272
18228	-7105.06	-7520.62	415.5599	0.2331365	1.549689	3.833488
18234	-7107.453	-7521.984	414.5308	0.2637473	1.550107	4.373561
18240	-7120.084	-7533.784	413.7	0.2591455	1.460025	4.896299
18246	-7111.912	-7525.722	413.8096	0.2781274	1.528133	4.770756
18252	-7115.442	-7530.368	414.9256	0.2283293	1.528133	4.215504
18258	-7110.273	-7525.777	415.5038	0.2780649	1.697925	3.713541
18264	-7118.07	-7534.27	416.2	0.2413105	1.701142	3.360933
18270	-7114.791	-7530.63	415.8391	0.2313015	1.609639	3.640618
18276	-7117.196	-7532.59	415.3936	0.2477285	1.631294	3.859732
18282	-7112.776	-7528.084	415.3084	0.2236309	1.606384	3.960275
18288	-7117.854	-7534.295	416.4406	0.2176987	1.675311	3.272738
18294	-7104.311	-7517.199	412.8873	0.2795236	1.494117	5.299749
18300	-7134.867	-7550.327	415.46	0.2454102	1.602362	3.841699
18306	-7120.72	-7537.075	416.3554	0.2393452	1.624867	3.317449
18312	-7103.347	-7520.221	416.8741	0.2147703	1.729088	2.987756
18318	-7109.569	-7525.504	415.9352	0.2370627	1.700291	3.523013
18324	-7125.517	-7540.026	414.5089	0.2675279	1.520853	4.397069
18330	-7125.93	-7539.478	413.5482	0.2675279	1.403091	5.000611
18336	-7123.741	-7538.059	414.3185	0.2721278	1.469793	4.526562
18342	-7117.061	-7530.385	413.3234	0.2786287	1.528144	5.040747
18348	-7105.492	-7520.281	414.7887	0.2349131	1.521058	4.286888
18354	-7118.263	-7532.896	414.6334	0.2386866	1.673659	4.282637
18360	-7113.74	-7528.061	414.3213	0.3010075	1.544679	4.443829
18366	-7119.981	-7534.15	414.1687	0.2853766	1.424142	4.618154
18372	-7132.372	-7548.356	415.984	0.258962	1.570925	3.53638
18378	-7114.361	-7530.703	416.3423	0.2501508	1.675089	3.278751
18384	-7109.119	-7524.675	415.5553	0.2870982	1.681042	3.680887
18390	-7120.858	-7535.376	414.5182	0.3089861	1.531143	4.329977
18396	-7121.533	-7537.418	415.8849	0.2921715	1.560725	3.552455
18402	-7129.629	-7544.208	414.5782	0.304502	1.555646	4.288003
18408	-7121.265	-7535.052	413.7868	0.2725432	1.450101	4.834657
18414	-7114.228	-7527.409	413.1806	0.2964069	1.367923	5.185107
18420	-7120.549	-7531.756	411.2075	0.3075825	1.326723	6.274651
18426	-7114.592	-7526.043	411.4513	0.2264196	1.307641	6.263542
18432	-7123.647	-7537.809	414.162	0.2263881	1.51793	4.654672
18438	-7128.152	-7542.179	414.0278	0.2537387	1.578783	4.654672
18444	-7121.598	-7535.357	413.7591	0.2525546	1.491862	4.855076
18450	-7113.275	-7525.656	412.3813	0.279622	1.325816	5.670596
18456	-7127.502	-7539.716	412.2139	0.2958273	1.454496	5.670596
18462	-7123.973	-7539.474	415.5013	0.2343242	1.569473	3.853951
18468	-7108.501	-7522.522	414.0212	0.2778803	1.504597	4.665876
18474	-7120.22	-7533.708	413.4887	0.2606829	1.633829	4.91501
18480	-7109.998	-7523.664	413.6652	0.2694055	1.442947	4.910754
18486	-7102.909	-7515.891	412.9825	0.288618	1.384485	5.29562
18492	-7120.713	-7534.668	413.9552	0.251529	1.480597	4.753448
18498	-7113.083	-7526.117	413.0344	0.2601668	1.366533	5.315631
18504	-7119.7	-7532.361	412.6602	0.2837535	1.382178	5.480959
18510	-7120.189	-7532.174	411.9851	0.2816839	1.380309	5.854978
18516	-7123.822	-7537.004	413.1826	0.2392174	1.35196	5.272101
18522	-7109.321	-7520.298	410.977	0.2785572	1.332543	6.433842
18528	-7112.482	-7524.054	411.5714	0.195722	1.332543	6.233083
18534	-7100.792	-7512.245	411.4528	0.2504142	1.410428	6.171716
18540	-7135.322	-7549.118	413.796	0.2463704	1.510755	4.833013
18546	-7130.875	-7545.395	414.5206	0.2427182	1.628121	4.366059
18552	-7117.823	-7532.38	414.5578	0.293946	1.540544	4.322043
18558	-7113.538	-7529.184	415.6462	0.2197281	1.553122	3.803265
18564	-7107.936	-7523.958	416.0217	0.2540847	1.619551	3.493394
18570	-7122.301	-7538.296	415.9957	0.2521237	1.650652	3.493394
18576	-7130.507	-7546.987	416.4801	0.2521237	1.650652	3.208688
18582	-7111.715	-7527.965	416.2503	0.23666	1.674422	3.354406
18588	-7110.136	-7526.224	416.0875	0.2649774	1.771148	3.349796
18594	-7122.105	-7538.671	416.5657	0.2259145	1.687912	3.177624
18600	-7121.425	-7537.402	415.977	0.2547059	1.74645	3.444423
18606	-7119.233	-7535.213	415.98	0.2521151	1.633617	3.512467
18612	-7110.826	-7526.421	415.5952	0.2551468	1.606944	3.746539
18618	-7103.48	-7518.78	415.3002	0.2803107	1.610807	3.877817
18624	-7116.902	-7532.504	415.6015	0.2626412	1.577011	3.749118
18630	-7115.514	-7530.805	415.2911	0.2916329	1.562003	3.89544
18636	-7127.844	-7540.982	413.1388	0.2599849	1.461067	5.205956
18642	-7131.195	-7545.237	414.0415	0.2813378	1.400804	4.707932
18648	-7128.02	-7541.911	413.8907	0.2813378	1.439377	4.770657
18654	-7130.007	-7541.928	411.9216	0.2748272	1.366618	5.906288
18660	-7127.888	-7539.728	411.84	0.2219128	1.395982	6.010698
18666	-7132.13	-7544.8	412.6701	0.2667264	1.361495	5.509933
18672	-7129.258	-7543.011	413.7531	0.2689787	1.448835	4.859129
18678	-7124.072	-7537.328	413.2565	0.2294096	1.540815	5.141503
18684	-7124.161	-7538.36	414.1985	0.2862571	1.497434	4.559113
18690	-7129.276	-7543.812	414.5358	0.2738105	1.534649	4.365273
18696	-7110.238	-7525.618	415.3807	0.2493573	1.609381	3.877275
18702	-7110.236	-7526.356	416.1202	0.2351145	1.595781	3.4791
18708	-7123.492	-7539.17	415.6782	0.2317892	1.616228	3.72912
18714	-7142.959	-7558.771	415.8111	0.2416238	1.599881	3.646308
18720	-7120.004	-7532.869	412.8647	0.2640204	1.420135	5.374253
18726	-7117.874	-7532.061	414.1869	0.2932354	1.560946	4.520594
18732	-7126.852	-7539.355	412.5035	0.2688928	1.35802	5.600413
18738	-7132.583	-7545.056	412.4731	0.2688928	1.388384	5.600413
18744	-7119.591	-7532.025	412.4337	0.283789	1.391289	5.600413
18750	-7127.251	-7539.222	411.9703	0.2771795	1.337866	5.892229
18756	-7135.726	-7547.787	412.0612	0.280515	1.30649	5.855249
18762	-7129.746	-7544.512	414.7664	0.2767092	1.581311	4.204256
18768	-7120.696	-7536.149	415.4531	0.2767092	1.666033	3.76316
18774	-7117.151	-7529.124	411.9725	0.318533	1.446169	5.778858
18780	-7123.596	-7537.874	414.2774	0.318533	1.441023	4.504389
18786	-7136.664	-7549.874	413.2097	0.2837912	1.329465	5.206869
18792	-7111.805	-7526.445	414.6409	0.2548775	1.482402	4.362413
18798	-7113.07	-7527.043	413.9734	0.2439359	1.482402	4.753402
18804	-7116.531	-7530.771	414.24	0.2610747	1.480559	4.580224
18810	-7098.354	-7512.452	414.0978	0.2352519	1.47969	4.698373
18816	-7121.139	-7536.005	414.8655	0.2601945	1.52152	4.205436
18822	-7118.896	-7533.895	414.9984	0.2670565	1.573483	4.090451
18828	-7111.388	-7526.962	415.5742	0.2670565	1.626101	3.730111
18834	-7116.25	-7530.349	414.0985	0.2608449	1.549833	4.621077
18840	-7101.531	-7515.992	414.4604	0.2730144	1.572757	4.387408
18846	-7112.702	-7525.159	412.4576	0.2627331	1.446567	5.585495
18852	-7116.423	-7528.723	412.3009	0.2751402	1.472235	5.640413
18858	-7108.799	-7521.03	412.2316	0.2329425	1.534405	5.7043
18864	-7097.977	-7511.954	413.9763	0.2276111	1.465682	4.78581
18870	-7137.618	-7551.703	414.0849	0.2391456	1.476383	4.701581
18876	-7117.605	-7531.797	414.1913	0.2861796	1.489196	4.567867
18882	-7113.465	-7526.797	413.3321	0.252254	1.390803	5.148886
18888	-7126.479	-7540.299	413.82	0.276058	1.419042	4.828651
18894	-7140.287	-7552.741	412.4537	0.3045894	1.408519	5.55296
18900	-7128.132	-7541.361	413.2288	0.2494623	1.43539	5.185413
18906	-7116.231	-7529.757	413.5261	0.2830941	1.527522	4.922382
18912	-7115.391	-7528.853	413.4622	0.284701	1.450973	4.998312
18918	-7110.714	-7526.065	415.3515	0.2817455	1.561827	3.874505
18924	-7107.268	-7522.184	414.9161	0.246071	1.578739	4.165003
18930	-7137.694	-7551.486	413.7926	0.2224984	1.497978	4.878213
18936	-7125.08	-7538.74	413.6605	0.2312823	1.519943	4.925997
18942	-7117.352	-7532.12	414.7685	0.2451945	1.604691	4.235325
18948	-7116.113	-7531.407	415.2941	0.2492279	1.601661	3.931527
18954	-7116.594	-7531.365	414.7715	0.2816996	1.585049	4.192379
18960	-7106.445	-7520.975	414.5303	0.2824765	1.50642	4.372326
18966	-7126.679	-7541.885	415.2057	0.2138229	1.520812	4.083667
18972	-7120.907	-7536.428	415.5214	0.2234299	1.67013	3.801782
18978	-7120.145	-7535.557	415.4129	0.2449098	1.720201	3.801782
18984	-7135.078	-7549.592	414.514	0.2290676	1.53322	4.444173
18990	-7117.429	-7532.612	415.1832	0.2294574	1.53322	4.064373
18996	-7110.663	-7526.053	415.3902	0.2429591	1.599212	3.887325
19002	-7116.862	-7532.755	415.893	0.2545378	1.732576	3.501847
19008	-7121.866	-7538.403	416.5364	0.224072	1.790733	3.136954
19014	-7129.698	-7543.154	413.4557	0.2556743	1.423648	5.057263
19020	-7137.526	-7554.174	416.6472	0.2331444	1.725431	3.09495
19026	-7127.595	-7543.172	415.5777	0.2610877	1.566313	3.771325
19032	-7125.511	-7540.777	415.2664	0.2547862	1.62569	3.92537
19038	-7117.871	-7533.323	415.4521	0.2066473	1.572289	3.92537
19044	-7123.766	-7539.701	415.9348	0.2170277	1.624804	3.599458
19050	-7118.732	-7534.3	415.5679	0.2413639	1.644893	3.761301
19056	-7128.972	-7542.988	414.0154	0.2570486	1.51319	4.693548
19062	-7133.764	-7548.952	415.1876	0.2485812	1.522893	4.038418
19068	-7124.498	-7538	413.5026	0.2468632	1.483382	5.01079
19074	-7139.088	-7552.696	413.608	0.2457021	1.381081	5.01079
19080	-7113.903	-7526.797	412.8943	0.2457021	1.438952	5.373665
19086	-7126.516	-7539.502	412.9859	0.2277573	1.395893	5.373665
19092	-7118.096	-7532.214	414.118	0.2283428	1.396097	4.744395
19098	-7134.923	-7548.322	413.3987	0.2235314	1.483687	5.103433
19104	-7113.606	-7526.4	412.7935	0.2734735	1.387723	5.418369
19110	-7116.679	-7530.723	414.0442	0.2695833	1.434104	4.703927
19116	-7127.976	-7542.044	414.0677	0.2555762	1.446195	4.703927
19122	-7110.869	-7523.304	412.4349	0.2229425	1.411402	5.675429
19128	-7116.073	-7528.962	412.8888	0.2366674	1.365665	5.430377
19134	-7120.551	-7534.664	414.1129	0.2267189	1.46692	4.710207
19140	-7111.989	-7525.949	413.9602	0.2242586	1.479996	4.792018
19146	-7125.161	-7539.233	414.0723	0.2615985	1.49234	4.666887
19152	-7113.566	-7527.633	414.0664	0.2417615	1.549834	4.666887
19158	-7114.175	-7528.853	414.6783	0.2837118	1.549834	4.262409
19164	-7112.054	-7525.073	413.0191	0.2964057	1.439709	5.234691
19170	-7120.42	-7533.139	412.7186	0.2795921	1.457347	5.412991
19176	-7128.984	-7542.472	413.4873	0.2368245	1.472085	5.040454
19182	-7127.931	-7541.571	413.6398	0.2437966	1.478282	4.94187
19188	-7138.727	-7552.423	413.6962	0.2280971	1.464469	4.94187
19194	-7125.603	-7538.329	412.726	0.2861829	1.364231	5.45139
19200	-7112.456	-7526.328	413.8727	0.2742428	1.420913	4.800706
19206	-7123.764	-7538.582	414.8178	0.242408	1.594772	4.217183
19212	-7104.92	-7519.362	414.4414	0.2889895	1.587817	4.367734
19218	-7110.815	-7525.067	414.2518	0.2437856	1.490539	4.593222
19224	-7104.688	-7519.366	414.6785	0.2755312	1.544678	4.276536
19230	-7106.122	-7520.782	414.6603	0.2509949	1.624967	4.276536
19236	-7106.558	-7522.212	415.6533	0.2218375	1.558702	3.792573
19242	-7106.637	-7522.098	415.4604	0.2286727	1.620002	3.85732
19248	-7112.887	-7528.105	415.2174	0.2480663	1.588329	3.984797
19254	-7114.681	-7529.711	415.0306	0.2409272	1.571167	4.111972
19260	-7116.234	-7531.163	414.9294	0.2236271	1.617021	4.170324
19266	-7107.651	-7520.818	413.1668	0.2594859	1.491482	5.174354
19272	-7114.36	-7527.801	413.4408	0.2367882	1.472008	5.066373
19278	-7135.102	-7551.023	415.9211	0.1938929	1.599791	3.661351
19284	-7127.272	-7541.262	413.9901	0.2896487	1.532402	4.651796
19290	-7127.637	-7540.125	412.4878	0.210572	1.42846	5.656401
19296	-7139.121	-7552.96	413.839	0.2379601	1.537441	4.806669
19302	-7119.546	-7534.746	415.2004	0.2100055	1.599333	4.048247
19308	-7125.951	-7539.474	413.5233	0.2100055	1.604984	4.988344
19314	-7114.755	-7529.777	415.0213	0.2100055	1.585915	4.157836
19320	-7104.622	-7518.852	414.23	0.2137472	1.520375	4.635199
19326	-7106.182	-7521.219	415.0372	0.202081	1.515326	4.202113
19332	-7107.628	-7523.449	415.8202	0.2097341	1.70732	3.630203
19338	-7108.862	-7525.459	416.5968	0.2216364	1.778317	3.112507
19344	-7126.483	-7543.061	416.5775	0.2285358	1.778317	3.112507
19350	-7119.721	-7536.354	416.6337	0.2438534	1.742324	3.075769
19356	-7118.561	-7535.214	416.6528	0.2109304	1.814465	3.075769
19362	-7132.71	-7549.6	416.8898	0.2494631	1.828824	2.860832
19368	-7124.724	-7541.861	417.1367	0.207877	1.824924	2.783017
19374	-7120.269	-7536.711	416.4421	0.2524143	1.708876	3.196256
19380	-7120.487	-7536.95	416.4629	0.2606864	1.708876	3.171304
19386	-7105.386	-7521.705	416.319	0.2562048	1.753572	3.236848
19392	-7130.992	-7547.571	416.5789	0.2583724	1.682774	3.121353
19398	-7134.228	-7550.078	415.8498	0.2352986	1.73155	3.557302
19404	-7108.757	-7524.858	416.1009	0.2646073	1.665721	3.404363
19410	-7112.536	-7528.705	416.1694	0.197384	1.643473	3.485469
19416	-7105.74	-7521.579	415.8389	0.2356812	1.693313	3.585231
19422	-7132.793	-7549.225	416.4318	0.2752155	1.80935	3.10842
19428	-7126.83	-7542.867	416.0374	0.2768177	1.711271	3.397097
19434	-7131.738	-7548.214	416.4761	0.2639098	1.739997	3.140111
19440	-7137.73	-7554.473	416.7421	0.2705645	1.773503	2.950946
19446	-7125.371	-7542.003	416.6318	0.2856906	1.760017	3.003069
19452	-7129.214	-7545.467	416.2521	0.2963467	1.718869	3.238605
19458	-7132.732	-7548.68	415.9483	0.2963467	1.631455	3.468483
19464	-7129.405	-7543.435	414.0298	0.2749493	1.541382	4.644514
19470	-7120.47	-7533.772	413.3018	0.2301701	1.382793	5.20277
19476	-7108.438	-7522.38	413.9422	0.2345642	1.437984	4.809664
19482	-7116.926	-7530.823	413.8968	0.230856	1.418673	4.851432
19488	-7132.464	-7546.929	414.4642	0.2564703	1.454414	4.4755
19494	-7129.358	-7543.381	414.0231	0.2850605	1.39084	4.718749
19500	-7119.306	-7533.59	414.2838	0.2646563	1.474172	4.554079
19506	-7126.346	-7540.09	413.7441	0.238254	1.452302	4.906536
19512	-7121.618	-7534.656	413.0377	0.238254	1.450379	5.299224
19518	-7119.765	-7534.663	414.8976	0.238254	1.575882	4.188973
19524	-7131.529	-7546.394	414.8646	0.2581657	1.575573	4.178156
19530	-7136.584	-7551.086	414.5023	0.2369913	1.532934	4.438758
19536	-7136.016	-7550.609	414.5928	0.2536904	1.59765	4.326215
19542	-7120.198	-7534.261	414.0621	0.2381099	1.437629	4.737554
19548	-7138.24	-7552.228	413.9875	0.254218	1.46969	4.737554
19554	-7128.097	-7542.195	414.098	0.2653473	1.555514	4.611753
19560	-7123.958	-7538.176	414.2176	0.2449687	1.488489	4.611753
19566	-7116.844	-7531.16	414.3159	0.2810049	1.450944	4.526373
19572	-7114.959	-7529.856	414.8974	0.2780313	1.52005	4.162826
19578	-7108.757	-7524.841	416.0838	0.2497732	1.583259	3.48488
19584	-7118.034	-7534.619	416.585	0.2598597	1.718852	3.09395
19590	-7110.032	-7526.522	416.4899	0.2530966	1.688581	3.178909
19596	-7134.257	-7550.575	416.3178	0.224077	1.66521	3.340442
19602	-7128.343	-7544.587	416.2438	0.2500448	1.66908	3.340442
19608	-7116.867	-7533.296	416.4296	0.238935	1.658229	3.254709
19614	-7117.119	-7532.66	415.5414	0.2333137	1.582985	3.824688
19620	-7124.383	-7540.138	415.7544	0.2559429	1.560963	3.67993
19626	-7119.226	-7534.968	415.7415	0.2373035	1.623075	3.67993
19632	-7111.396	-7527.096	415.7001	0.2457574	1.636958	3.682778
19638	-7127.669	-7543.366	415.6976	0.2216052	1.589837	3.74947
19644	-7111.553	-7527.232	415.6795	0.2614549	1.707113	3.6305
19650	-7117.408	-7532.186	414.7775	0.2528368	1.637014	4.200572
19656	-7134.033	-7548.018	413.985	0.271501	1.422925	4.740646
19662	-7125.124	-7538.54	413.4156	0.271501	1.434118	5.051471
19668	-7132.932	-7546.518	413.5856	0.2780518	1.454858	4.936569
19674	-7122.172	-7536.197	414.0255	0.2470128	1.415631	4.757085
19680	-7113.247	-7527.719	414.4716	0.2651166	1.482208	4.44331
19686	-7118.628	-7534.521	415.893	0.2355304	1.597226	3.609887
19692	-7121.892	-7537.653	415.7613	0.2759148	1.648547	3.596035
19698	-7117.57	-7531.726	414.1562	0.2365797	1.521736	4.64015
19704	-7115.642	-7530.547	414.9046	0.2365797	1.54655	4.204205
19710	-7118.252	-7533.801	415.5496	0.2487268	1.661602	3.750993
19716	-7104.688	-7519.927	415.2389	0.2615824	1.58941	3.951895
19722	-7098.936	-7510.961	412.0253	0.2742614	1.374524	5.846069
19728	-7115.013	-7527.371	412.358	0.3044222	1.352887	5.63627
19734	-7131.945	-7544.013	412.0676	0.2632018	1.31682	5.869592
19740	-7141.115	-7555.418	414.3025	0.2755733	1.491992	4.51831
19746	-7138.015	-7550.963	412.9477	0.2551588	1.491992	5.301299
19752	-7142.869	-7557.234	414.3655	0.2556886	1.546522	4.480346
19758	-7138.022	-7553.484	415.4623	0.3048544	1.658444	3.723581
19764	-7138.386	-7553.729	415.3425	0.2839931	1.669075	3.814877
19770	-7145.301	-7559.361	414.0604	0.2328841	1.555677	4.6804
19776	-7130.548	-7544.514	413.9664	0.2077272	1.551845	4.774834
19782	-7145.743	-7560.76	415.017	0.2444708	1.532153	4.136491
19788	-7116.517	-7530.456	413.9385	0.2301025	1.507233	4.779895
19794	-7088.475	-7502.755	414.2792	0.2275458	1.513169	4.589803
19800	-7116.452	-7529.721	413.2692	0.2380041	1.386223	5.207123
19806	-7119.303	-7534.174	414.8705	0.2533627	1.544859	4.199317
19812	-7138.375	-7552.648	414.2727	0.280202	1.561861	4.489398
19818	-7130.137	-7544.415	414.278	0.2752057	1.603373	4.469956
19824	-7142.545	-7557.236	414.6912	0.2319184	1.633212	4.283238
19830	-7145.008	-7555.877	410.8686	0.2309485	1.447612	6.496937
19836	-7122.842	-7536.55	413.7075	0.2461628	1.543553	4.864389
19842	-7115.324	-7528.594	413.2699	0.28943	1.478692	5.083387
19848	-7120.286	-7534.768	414.482	0.2634771	1.493846	4.433212
19854	-7110.856	-7525.65	414.7942	0.2427303	1.491873	4.288425
19860	-7114.533	-7529.989	415.4558	0.2175851	1.590158	3.894899
19866	-7121.047	-7536.302	415.2553	0.2182952	1.552226	4.030214
19872	-7120.439	-7535.91	415.4708	0.2475127	1.644902	3.807841
19878	-7123.395	-7537.849	414.4541	0.241215	1.622563	4.40899
19884	-7120.474	-7534.921	414.4472	0.2567635	1.605055	4.39975
19890	-7097.884	-7511.882	413.9973	0.2097978	1.533576	4.764381
19896	-7095.703	-7509.749	414.0454	0.2385845	1.540918	4.688398
19902	-7109.258	-7523.891	414.6335	0.2379892	1.527714	4.366146
19908	-7103.965	-7517.147	413.182	0.2337668	1.470596	5.214994
19914	-7138.363	-7551.656	413.2928	0.2537772	1.491452	5.112722
19920	-7125.084	-7539.112	414.0281	0.2346498	1.511644	4.720409
19926	-7119.638	-7532.253	412.6149	0.2232468	1.407196	5.578458
19932	-7130.919	-7544.678	413.7586	0.2761467	1.45504	4.842673
19938	-7134.564	-7547.333	412.7683	0.2381039	1.310692	5.524797
19944	-7116.528	-7529.209	412.6802	0.2423981	1.387289	5.524797
19950	-7127.191	-7539.677	412.4865	0.2443796	1.4357	5.601724
19956	-7124.362	-7536.803	412.4414	0.2300507	1.3878	5.674001
19962	-7125.623	-7538.356	412.7329	0.2802747	1.456471	5.40468
19968	-7109.147	-7521.917	412.7706	0.2551906	1.404607	5.447076
19974	-7104.237	-7518.318	414.0814	0.2359865	1.512288	4.688199
19980	-7118.989	-7533.917	414.9284	0.2846181	1.556459	4.115427
19986	-7106.088	-7520.891	414.8028	0.2616483	1.566875	4.213179
19992	-7096.051	-7511.391	415.3403	0.2616483	1.625375	3.873084
19998	-7112.778	-7527.918	415.14	0.2595052	1.597097	4.007083
20004	-7114.7	-7530.039	415.3389	0.227509	1.603728	3.938168
20010	-7114.934	-7530.16	415.2262	0.2712812	1.57684	3.952444
20016	-7115.854	-7530.045	414.1906	0.2443263	1.520643	4.609861
20022	-7119.129	-7533.21	414.0804	0.244459	1.520643	4.671412
20028	-7118.585	-7533.311	414.7261	0.2737083	1.552253	4.247791
20034	-7123.411	-7536.705	413.2933	0.3003776	1.462095	5.065327
20040	-7138.291	-7552.838	414.5475	0.2587285	1.496952	4.401317
20046	-7124.896	-7538.589	413.6929	0.2587285	1.387613	4.941156
20052	-7116.847	-7530.214	413.3663	0.2553241	1.542211	5.041582
20058	-7117.252	-7530.871	413.6187	0.2622478	1.593635	4.862758
20064	-7110.692	-7524.466	413.7732	0.2574035	1.52314	4.822802
20070	-7115.194	-7529.657	414.4626	0.2352891	1.519464	4.471279
20076	-7113.426	-7527.674	414.2488	0.2354168	1.538173	4.580722
20082	-7107.56	-7521.459	413.8994	0.2532052	1.504995	4.768541
20088	-7130.454	-7542.476	412.0217	0.3038967	1.336261	5.830284
20094	-7143.558	-7556.677	413.1188	0.2375548	1.47403	5.242359
20100	-7127.35	-7542.284	414.9345	0.2375548	1.542062	4.188263
20106	-7128.193	-7543.092	414.8998	0.2565864	1.637618	4.125216
20112	-7122.241	-7536.159	413.9178	0.2373025	1.501076	4.783932
20118	-7105.556	-7519.294	413.7378	0.2203353	1.501076	4.910425
20124	-7122.347	-7535.779	413.4312	0.2311016	1.509308	5.059547
20130	-7130.978	-7544.487	413.5093	0.248886	1.472895	5.009949
20136	-7116.72	-7530.693	413.9732	0.2747544	1.472895	4.714803
20142	-7118.722	-7532.755	414.0324	0.2367443	1.439053	4.755443
20148	-7106.781	-7521.35	414.5683	0.2134122	1.563353	4.421457
20154	-7109.772	-7522.665	412.8929	0.2194287	1.507004	5.376499
20160	-7119.043	-7532.415	413.3725	0.2670776	1.532885	5.026713
20166	-7125.835	-7540.572	414.7368	0.2521093	1.517695	4.292303
20172	-7123.306	-7537.409	414.1038	0.2492092	1.48878	4.669099
20178	-7128.557	-7542.585	414.0285	0.2809246	1.484133	4.669099
20184	-7110.55	-7526.109	415.5596	0.2434849	1.565544	3.808547
20190	-7106.03	-7521.711	415.6812	0.2254376	1.603211	3.745043
20196	-7105.733	-7521.15	415.4173	0.2062751	1.603211	3.928256
20202	-7109.946	-7525.148	415.2022	0.2062751	1.603211	4.051213
20208	-7114.512	-7529.429	414.9172	0.2271574	1.627944	4.165456
20214	-7106.525	-7520.618	414.0931	0.2792883	1.61456	4.562005
20220	-7095.898	-7509.954	414.056	0.2373867	1.597896	4.652363
20226	-7096.388	-7509.266	412.8781	0.2658671	1.431993	5.357773
20232	-7119.467	-7532.244	412.7776	0.2335529	1.431993	5.459753
20238	-7113.562	-7528.046	414.4839	0.2384279	1.595804	4.411474
20244	-7118.082	-7532.559	414.4769	0.2384279	1.549877	4.441351
20250	-7097.212	-7511.362	414.1504	0.2756023	1.463254	4.61982
20256	-7126.236	-7540.311	414.0744	0.2462397	1.447473	4.713038
20262	-7107.94	-7521.356	413.4163	0.2677644	1.405603	5.07212
20268	-7107.523	-7522.562	415.0388	0.232392	1.575757	4.117783
20274	-7127.527	-7542.418	414.8911	0.2918879	1.572175	4.117783
20280	-7097.943	-7512.555	414.6119	0.2762477	1.554332	4.307719
20286	-7105.413	-7519.618	414.2045	0.2746377	1.473086	4.585266
20292	-7114.134	-7528.358	414.2245	0.3052864	1.452547	4.54459
20298	-7109.506	-7523.715	414.2086	0.2577828	1.468658	4.609225
20304	-7115.955	-7531.519	415.5642	0.2187194	1.568761	3.843118
20310	-7132.262	-7548.133	415.8706	0.263012	1.611913	3.572518
20316	-7113.964	-7529.553	415.5884	0.2700699	1.629814	3.71545
20322	-7124.743	-7540.367	415.6242	0.2464478	1.686354	3.697066
20328	-7119.012	-7535.359	416.3466	0.2464478	1.704354	3.264668
20334	-7119.277	-7535.881	416.6046	0.2464478	1.704354	3.111655
20340	-7127.888	-7540.923	413.0352	0.234149	1.421044	5.322914
20346	-7114.916	-7526.11	411.194	0.2928017	1.461572	6.227415
20352	-7131.287	-7542.912	411.6256	0.2309428	1.543933	6.033268
20358	-7108.526	-7520.059	411.5336	0.2491028	1.620363	6.015229
20364	-7130.315	-7544.58	414.2648	0.2693277	1.620363	4.476013
20370	-7146.605	-7563.132	416.5271	0.2706713	1.696019	3.125811
20376	-7130.884	-7547.122	416.2378	0.2607945	1.724858	3.294793
20382	-7128.69	-7542.171	413.4807	0.2425021	1.407183	5.071691
20388	-7128.084	-7541.831	413.7465	0.2282089	1.407183	4.945556
20394	-7115.951	-7531.178	415.2264	0.2550967	1.58994	3.96825
20400	-7133.352	-7548.416	415.0643	0.2318201	1.611268	4.08394
20406	-7109.193	-7524.299	415.1065	0.2273312	1.581486	4.08394
20412	-7126.987	-7541.372	414.3843	0.2273312	1.581486	4.492745
20418	-7109.836	-7523.484	413.6477	0.2514069	1.419586	4.959038
20424	-7121.75	-7536.435	414.6849	0.2716572	1.541419	4.280138
20430	-7139.043	-7554.444	415.4009	0.3091458	1.631139	3.769102
20436	-7140.613	-7556.04	415.4273	0.2701142	1.551251	3.853434
20442	-7143.776	-7559.779	416.003	0.2358673	1.674313	3.500498
20448	-7129.536	-7546.236	416.6995	0.2083784	1.728526	3.10356
20454	-7131.428	-7548.072	416.6433	0.2387041	1.699872	3.10356
20460	-7124.436	-7538.993	414.5575	0.2280091	1.579143	4.395423
20466	-7110.738	-7525.345	414.6075	0.2426795	1.489329	4.395423
20472	-7092.741	-7507.303	414.5627	0.2542256	1.503866	4.395423
20478	-7109.013	-7522.489	413.4756	0.2542256	1.483685	5.014994
20484	-7121.905	-7535.535	413.6299	0.208471	1.454891	5.014994
20490	-7111.806	-7527.117	415.3112	0.2424283	1.481462	4.000796
20496	-7127.454	-7543.546	416.0913	0.2452092	1.618019	3.467188
20502	-7118.865	-7534.237	415.372	0.2452092	1.575937	3.90771
20508	-7122.85	-7537.916	415.0663	0.2843706	1.552932	4.039198
20514	-7113.41	-7528.807	415.3968	0.2361749	1.565117	3.913512
20520	-7121.865	-7538.23	416.3651	0.228797	1.592533	3.347679
20526	-7116.077	-7532.371	416.294	0.2220461	1.682403	3.347679
20532	-7132.024	-7547.108	415.0845	0.2559029	1.645179	4.016636
20538	-7122.84	-7538.961	416.1202	0.2333091	1.67459	3.435893
20544	-7099.684	-7515.593	415.9096	0.2346606	1.669342	3.559695
20550	-7098.03	-7513.041	415.0103	0.2481693	1.658685	4.062699
20556	-7116	-7531.088	415.0879	0.2617948	1.625149	4.01753
20562	-7121.004	-7535.413	414.4085	0.2435229	1.516121	4.491197
20568	-7104.166	-7518.529	414.3631	0.2387377	1.461704	4.5545
20574	-7110.155	-7524.534	414.3785	0.2042679	1.543321	4.5545
20580	-7135.67	-7546.69	411.0204	0.240629	1.414386	6.418464
20586	-7141.123	-7552.962	411.8397	0.2818227	1.321027	5.96657
20592	-7112.336	-7526.285	413.9488	0.2806847	1.486779	4.712575
20598	-7112.158	-7525.842	413.6839	0.2721205	1.536335	4.844556
20604	-7120.447	-7534.861	414.4138	0.2525851	1.60182	4.426523
20610	-7118.108	-7532.964	414.8564	0.2525851	1.548581	4.206306
20616	-7129.043	-7544.232	415.1895	0.2353953	1.576598	4.026748
20622	-7117.573	-7532.781	415.2085	0.2539024	1.59852	3.97535
20628	-7106.258	-7521.006	414.7483	0.2284639	1.547845	4.304571
20634	-7127.063	-7542.159	415.0958	0.231101	1.547845	4.103252
20640	-7098.813	-7514.127	415.3146	0.231101	1.63268	3.929827
20646	-7120.497	-7535.701	415.2037	0.2012607	1.611263	4.054191
20652	-7127.042	-7542.153	415.1109	0.2107572	1.585109	4.106099
20658	-7122.513	-7537.584	415.0708	0.2107572	1.558708	4.143915
20664	-7122.988	-7537.984	414.9961	0.2374883	1.558708	4.143915
20670	-7112.066	-7525.371	413.3055	0.2374883	1.42665	5.165397
20676	-7118.037	-7532.402	414.3648	0.268108	1.545749	4.463437
20682	-7114.438	-7528.46	414.0218	0.2638904	1.48599	4.695462
20688	-7132.004	-7545.404	413.3999	0.2612046	1.482677	5.047637
20694	-7138.773	-7554.622	415.8493	0.2664449	1.680585	3.539937
20700	-7131.204	-7545.366	414.1617	0.2350631	1.514927	4.643196
20706	-7137.983	-7551.932	413.9491	0.263712	1.486613	4.736019
20712	-7102.808	-7516.917	414.1091	0.2616966	1.49099	4.646874
20718	-7106.909	-7521.543	414.6342	0.2708739	1.487667	4.340332
20724	-7117.956	-7532.049	414.0931	0.2302135	1.531396	4.679778
20730	-7128.982	-7540.699	411.7167	0.2443541	1.394104	6.045593
20736	-7121.527	-7535.384	413.8568	0.2880701	1.43069	4.785382
20742	-7123.412	-7538.238	414.8265	0.2501347	1.563492	4.218428
20748	-7131.219	-7545.155	413.9363	0.2464378	1.563154	4.725304
20754	-7126.704	-7539.997	413.2932	0.2231238	1.518764	5.14307
20760	-7131.283	-7545.374	414.0911	0.2639791	1.51598	4.639701
20766	-7106.819	-7520.948	414.1291	0.2639791	1.478049	4.639701
20772	-7124.752	-7538.814	414.0621	0.2451026	1.455947	4.716873
20778	-7097.492	-7512.953	415.4606	0.275232	1.594608	3.802079
20784	-7112.776	-7527.835	415.0597	0.235244	1.580427	4.098853
20790	-7104.104	-7519.05	414.9464	0.2673259	1.610025	4.098853
20796	-7098.712	-7514.207	415.4948	0.2581446	1.627189	3.788336
20802	-7112.854	-7528.287	415.4332	0.2852477	1.664913	3.763289
20808	-7112.871	-7528.224	415.3531	0.2404192	1.710548	3.848592
20814	-7117.995	-7534.569	416.5747	0.2600908	1.677403	3.124426
20820	-7140.27	-7556.683	416.4124	0.2249577	1.710267	3.256706
20826	-7127.697	-7544.205	416.5077	0.2598121	1.716007	3.141763
20832	-7131.102	-7547.596	416.4933	0.2720652	1.731822	3.122575
20838	-7103.543	-7520.375	416.8314	0.251852	1.769147	2.928466
20844	-7117.116	-7533.607	416.491	0.215803	1.753514	3.199917
20850	-7121.126	-7538.048	416.9218	0.260928	1.790841	2.846559
20856	-7125.929	-7542.963	417.0343	0.252618	1.699696	2.846559
20862	-7119.82	-7536.29	416.4701	0.2585916	1.685397	3.184103
20868	-7126.359	-7542.174	415.8148	0.2080124	1.623074	3.685044
20874	-7136.372	-7552.712	416.3406	0.2536549	1.724058	3.245459
20880	-7110.295	-7527.73	417.4358	0.2699515	1.912107	2.440597
20886	-7119.035	-7536.547	417.5122	0.2321565	1.934356	2.440597
20892	-7119.523	-7536.991	417.4679	0.2349862	1.904814	2.482056
20898	-7111.626	-7529.409	417.784	0.22193	1.914625	2.298814
20904	-7104.716	-7520.017	415.3015	0.2090935	1.588331	3.9983
20910	-7115.837	-7531.351	415.5132	0.2392781	1.572117	3.837891
20916	-7116.487	-7530.362	413.8752	0.2276247	1.460401	4.84517
20922	-7112.438	-7526.639	414.2004	0.2544331	1.493969	4.604434
20928	-7103.419	-7517.174	413.7547	0.2470183	1.489212	4.867123
20934	-7100.9	-7515.457	414.5573	0.2395712	1.580181	4.377174
20940	-7108.382	-7523.187	414.8058	0.2395712	1.577925	4.237883
20946	-7110.997	-7526.056	415.0586	0.2395712	1.569771	4.098868
20952	-7107.241	-7522.056	414.8143	0.2186334	1.569771	4.27039
20958	-7135.898	-7549.207	413.3093	0.2281395	1.476673	5.149738
20964	-7128.355	-7542.302	413.9469	0.2381794	1.557002	4.735109
20970	-7122.669	-7537.372	414.7023	0.2310086	1.523262	4.340517
20976	-7121.33	-7535.677	414.3475	0.2611347	1.441268	4.541816
20982	-7127.031	-7541.021	413.99	0.2429251	1.401532	4.790798
20988	-7122.588	-7535.848	413.2602	0.2508094	1.45748	5.153872
20994	-7121.942	-7536.392	414.45	0.2432804	1.48332	4.48663
21000	-7116.804	-7532.252	415.4475	0.2066085	1.675528	3.868864
21006	-7104.357	-7518.82	414.4635	0.2324359	1.504367	4.483652
21012	-7126.023	-7538.745	412.7218	0.2454145	1.380501	5.501284
21018	-7100.836	-7512.661	411.8249	0.2710807	1.321472	5.988775
21024	-7123.143	-7536.96	413.8175	0.2089698	1.444188	4.915816
21030	-7110.731	-7523.589	412.8584	0.2534444	1.380342	5.414573
21036	-7106.823	-7520.512	413.6885	0.2634758	1.515212	4.865813
21042	-7107.874	-7522.101	414.2276	0.2634758	1.478785	4.584761
21048	-7117.351	-7531.114	413.7633	0.2634758	1.459571	4.855154
21054	-7122.91	-7535.641	412.731	0.2335771	1.398611	5.503718
21060	-7129.645	-7541.935	412.2896	0.268774	1.404921	5.692192
21066	-7110.219	-7522.73	412.5112	0.2382856	1.444475	5.592258
21072	-7122.362	-7535.774	413.4117	0.2374045	1.464206	5.085889
21078	-7121.857	-7535.903	414.0459	0.2374045	1.452409	4.739419
21084	-7117.485	-7530.785	413.301	0.2485747	1.448402	5.139558
21090	-7115.641	-7529.024	413.3824	0.2502898	1.417936	5.108839
21096	-7105.266	-7517.066	411.7994	0.2581231	1.452541	5.949019
21102	-7119.061	-7532.627	413.5658	0.2614997	1.394505	5.004033
21108	-7128.888	-7537.969	409.0802	0.2651955	1.305051	7.488437
21114	-7141.551	-7554.926	413.375	0.2742734	1.521222	5.021863
21120	-7146.841	-7560.524	413.6833	0.2586905	1.49554	4.886495
21126	-7141.155	-7555.243	414.0885	0.2621537	1.479711	4.664091
21132	-7120.488	-7534.97	414.4822	0.262009	1.459989	4.454274
21138	-7113.302	-7528.6	415.298	0.2508352	1.602457	3.926423
21144	-7119.853	-7536.177	416.3244	0.2508352	1.700408	3.273297
21150	-7120.027	-7536.472	416.4447	0.2344856	1.76153	3.191725
21156	-7106.05	-7522.691	416.6407	0.2455941	1.747018	3.065987
21162	-7117.924	-7534.419	416.4954	0.2598318	1.741431	3.133906
21168	-7111.518	-7527.455	415.937	0.2598318	1.719076	3.47609
21174	-7121.871	-7535.862	413.9911	0.235796	1.565822	4.709068
21180	-7131.674	-7547.085	415.4108	0.242994	1.61565	3.86599
21186	-7123.058	-7537.881	414.8227	0.2435339	1.593908	4.213216
21192	-7133.194	-7548.038	414.8447	0.2536853	1.545285	4.213216
21198	-7143.711	-7557.306	413.5941	0.2484424	1.518752	4.937974
21204	-7133.965	-7549.531	415.5657	0.2271138	1.59801	3.81188
21210	-7127.775	-7542.708	414.9328	0.2639538	1.510104	4.168289
21216	-7131.907	-7546.304	414.3971	0.2451781	1.56962	4.465006
21222	-7133.385	-7548.24	414.8553	0.2363285	1.568532	4.220104
21228	-7140.687	-7555.381	414.6936	0.2570647	1.568532	4.280725
21234	-7133.848	-7548.468	414.6206	0.2761326	1.565137	4.296864
21240	-7136.795	-7552.211	415.4164	0.2910506	1.629824	3.785203
21246	-7121.746	-7537.258	415.5114	0.25279	1.629824	3.785203
21252	-7120.979	-7536.902	415.9233	0.2240041	1.652854	3.578404
21258	-7117.069	-7533.34	416.2709	0.2240041	1.690762	3.353124
21264	-7132.7	-7548.865	416.1646	0.2640561	1.690762	3.353124
21270	-7131.787	-7546.692	414.905	0.2877304	1.560139	4.122386
21276	-7143.233	-7555.373	412.1398	0.2981805	1.496678	5.685036
21282	-7144.11	-7557.755	413.645	0.2494852	1.413652	4.96661
21288	-7130.409	-7543.546	413.1372	0.2771618	1.40137	5.216116
21294	-7122.61	-7535.891	413.2808	0.2329451	1.38297	5.210066
21300	-7134.68	-7548.487	413.8068	0.2665164	1.423217	4.846914
21306	-7118.491	-7533.73	415.2393	0.2530223	1.537159	3.994138
21312	-7119.496	-7533.879	414.3828	0.2373063	1.537159	4.503181
21318	-7131.676	-7546.316	414.64	0.2484795	1.586407	4.313581
21324	-7128.56	-7543.128	414.5682	0.2842303	1.527864	4.336457
21330	-7118.887	-7533.328	414.4407	0.2842303	1.564025	4.388004
21336	-7113.758	-7528.157	414.3987	0.2480485	1.477503	4.511674
21342	-7121.906	-7534.818	412.9126	0.2430157	1.435437	5.369418
21348	-7121.83	-7535.021	413.1913	0.2318823	1.391731	5.256333
21354	-7125.477	-7538.63	413.1534	0.2403604	1.406607	5.256333
21360	-7129.801	-7542.695	412.8939	0.2474972	1.430118	5.376139
21366	-7123.824	-7536.508	412.6841	0.2739632	1.43043	5.454394
21372	-7125.942	-7540.164	414.2221	0.2521729	1.44838	4.621117
21378	-7112.489	-7526.226	413.7365	0.3273121	1.451681	4.790542
21384	-7101.108	-7515.111	414.0029	0.2586289	1.401055	4.760972
21390	-7108.918	-7523.644	414.7259	0.229562	1.5064	4.338945
21396	-7102.164	-7516.441	414.2769	0.2628812	1.4305	4.585025
21402	-7128.623	-7542.742	414.1184	0.2930515	1.403528	4.64762
21408	-7114.633	-7528.025	413.3923	0.2607906	1.358498	5.121283
21414	-7116.943	-7529.918	412.9744	0.2412476	1.42887	5.341588
21420	-7102.19	-7515.518	413.3272	0.2632508	1.477028	5.088188
21426	-7113.254	-7525.272	412.0177	0.2519097	1.355494	5.89156
21432	-7106.738	-7520.661	413.9227	0.2419687	1.435363	4.810879
21438	-7109.851	-7524.196	414.3447	0.2773802	1.457077	4.511695
21444	-7098.885	-7513.817	414.9322	0.2540809	1.569096	4.149427
21450	-7113.778	-7528.734	414.956	0.2449826	1.569096	4.149427
21456	-7121.264	-7535.679	414.415	0.243985	1.483328	4.505279
21462	-7113.845	-7526.789	412.9434	0.243985	1.445586	5.345432
21468	-7121.924	-7536.416	414.4921	0.2983331	1.494717	4.379237
21474	-7120.344	-7535.39	415.0461	0.2983331	1.549997	4.033483
21480	-7127.552	-7542.639	415.087	0.2611265	1.599804	4.033483
21486	-7122.045	-7536.633	414.5875	0.2488862	1.524848	4.377404
21492	-7119.217	-7533.292	414.0742	0.2296031	1.494277	4.712045
21498	-7133.979	-7548.76	414.7816	0.2724346	1.481637	4.258173
21504	-7102.686	-7517.486	414.7994	0.2454368	1.598722	4.220842
21510	-7117.914	-7533.067	415.1532	0.2508303	1.562444	4.03214
21516	-7113.877	-7527.259	413.3816	0.2523175	1.50282	5.059285
21522	-7124.885	-7538.814	413.929	0.2811697	1.530325	4.698623
21528	-7121.62	-7535.382	413.7618	0.2785204	1.521543	4.800551
21534	-7118.466	-7532.608	414.1417	0.2681552	1.501815	4.613425
21540	-7137.01	-7550.925	413.9146	0.2612272	1.538338	4.729886
21546	-7141.865	-7558.053	416.1886	0.2638852	1.679454	3.345916
21552	-7131.233	-7546.519	415.2865	0.2638852	1.544342	3.94714
21558	-7120.494	-7535.688	415.1936	0.2823105	1.651043	3.913079
21564	-7114.245	-7529.505	415.2599	0.2618966	1.602871	3.931743
21570	-7119.337	-7534.139	414.8014	0.2412131	1.638771	4.203342
21576	-7123.562	-7538.48	414.9182	0.2412131	1.506265	4.212298
21582	-7126.172	-7539.552	413.3799	0.2412131	1.430186	5.116725
21588	-7116.815	-7529.718	412.9031	0.2100722	1.430186	5.428015
21594	-7119.898	-7534.518	414.6201	0.2540436	1.535168	4.345604
21600	-7107.594	-7521.905	414.3105	0.2555639	1.550625	4.509148
21606	-7104.942	-7519.549	414.6074	0.2641036	1.49424	4.361325
21612	-7107.221	-7521.543	414.3215	0.2767464	1.529615	4.484827
21618	-7121.193	-7536.14	414.9469	0.2562241	1.641659	4.096639
21624	-7120.409	-7535.469	415.0594	0.2803748	1.564127	4.042252
21630	-7127.076	-7542.684	415.6078	0.2740921	1.704563	3.655183
21636	-7127.777	-7543.433	415.6557	0.2448848	1.646083	3.704512
21642	-7121.626	-7534.763	413.137	0.2579414	1.469934	5.204926
21648	-7096.044	-7509.302	413.2583	0.2694651	1.367548	5.178389
21654	-7129.62	-7541.709	412.089	0.2463611	1.336242	5.87105
21660	-7124.273	-7537.614	413.341	0.2871656	1.370686	5.106881
21666	-7119.638	-7534.01	414.3721	0.2536327	1.430856	4.544665
21672	-7131.063	-7545.549	414.4855	0.2634293	1.569535	4.388608
21678	-7129.404	-7543.865	414.4607	0.2658362	1.588268	4.388608
21684	-7122.21	-7535.622	413.4116	0.2744791	1.462097	5.034077
21690	-7109.264	-7522.613	413.3484	0.2495778	1.457035	5.107054
21696	-7118.447	-7531.024	412.577	0.2699742	1.432434	5.517645
21702	-7108.968	-7521.854	412.8863	0.2647791	1.419781	5.361504
21708	-7120.495	-7534.107	413.6117	0.2298357	1.462628	4.987206
21714	-7132.482	-7546.107	413.625	0.2660166	1.606386	4.846809
21720	-7111.596	-7524.504	412.9086	0.2660166	1.413942	5.350696
21726	-7106.138	-7519.792	413.6538	0.2588633	1.44934	4.92835
21732	-7121.179	-7533.302	412.1236	0.2920043	1.44934	5.727828
21738	-7146.133	-7559.425	413.2917	0.2567818	1.385892	5.167477
21744	-7102.271	-7514.711	412.44	0.2609895	1.380974	5.633604
21750	-7110.909	-7522.397	411.4876	0.2611593	1.325924	6.183689
21756	-7121.791	-7535.264	413.4728	0.2696459	1.468456	5.003213
21762	-7137.246	-7550.724	413.4781	0.2961679	1.517462	4.937353
21768	-7117.079	-7530.922	413.8432	0.2828088	1.448221	4.790238
21774	-7132.658	-7546.992	414.334	0.2394561	1.503506	4.546256
21780	-7140.177	-7555.704	415.5273	0.2546527	1.632589	3.771653
21786	-7120.306	-7536.759	416.4535	0.2242613	1.715012	3.230731
21792	-7124.497	-7540.869	416.3721	0.2414364	1.726944	3.244124
21798	-7119.824	-7536.843	417.0182	0.241471	1.749466	2.843913
21804	-7117.643	-7533.933	416.2899	0.2635584	1.721733	3.261755
21810	-7109.294	-7525.492	416.1979	0.28954	1.750049	3.261755
21816	-7124.784	-7541.532	416.7482	0.2453284	1.780369	2.982065
21822	-7134.709	-7551.272	416.5623	0.270737	1.780369	3.054424
21828	-7111.449	-7527.88	416.4313	0.2669689	1.72328	3.172097
21834	-7119.65	-7535.359	415.7092	0.2746303	1.625915	3.641274
21840	-7129.15	-7545.025	415.8749	0.299467	1.650208	3.496117
21846	-7135.86	-7552.013	416.1525	0.2980775	1.674535	3.32111
21852	-7154.232	-7570.633	416.4012	0.3180278	1.758745	3.096884
21858	-7140.912	-7557.39	416.4781	0.3052876	1.710739	3.096884
21864	-7127.499	-7544.145	416.6454	0.2603362	1.721848	3.055358
21870	-7140.248	-7556.727	416.4796	0.3306605	1.721848	3.055358
21876	-7122.127	-7538.027	415.9003	0.2870627	1.5641	3.548623
21882	-7134.629	-7549.287	414.6581	0.2746936	1.448449	4.343629
21888	-7126.752	-7541.264	414.5123	0.2985691	1.536979	4.343629
21894	-7128.909	-7544.655	415.7463	0.2671906	1.682662	3.597547
21900	-7130.15	-7546.048	415.8983	0.2671906	1.597579	3.55864
21906	-7134.626	-7548.112	413.4863	0.3037056	1.574992	4.890983
21912	-7138.838	-7555.086	416.2475	0.2958832	1.602151	3.310813
21918	-7140.36	-7555.73	415.3697	0.2958832	1.670169	3.782309
21924	-7136.614	-7550.784	414.1703	0.2916388	1.535637	4.546273
21930	-7132.416	-7546.534	414.1177	0.253956	1.552979	4.618419
21936	-7132.824	-7547.193	414.3694	0.2437813	1.545635	4.496154
21942	-7144.814	-7559.98	415.1658	0.2492453	1.574577	4.020361
21948	-7126.848	-7541.277	414.4282	0.2859269	1.551791	4.399688
21954	-7131.844	-7546.484	414.6394	0.2754386	1.548907	4.296395
21960	-7152.22	-7565.231	413.0102	0.3209946	1.447115	5.2044
21966	-7130.025	-7543.642	413.6168	0.3209946	1.480287	4.849164
21972	-7123.368	-7537.089	413.7212	0.2747069	1.446096	4.870492
21978	-7127.773	-7541.996	414.2224	0.2558951	1.501158	4.585972
21984	-7129.41	-7543.026	413.6156	0.257027	1.53259	4.905921
21990	-7123.869	-7537.484	413.6156	0.257027	1.53259	4.905921
21996	-7135.049	-7548.185	413.1369	0.2543975	1.462612	5.21411
22002	-7124.652	-7538.338	413.6852	0.2268139	1.529554	4.913751
22008	-7133.637	-7548.319	414.682	0.2358741	1.580345	4.312214
22014	-7117.777	-7532.446	414.6686	0.2840732	1.539603	4.273206
22020	-7111.33	-7525.886	414.5561	0.3143808	1.581346	4.273206
22026	-7096.406	-7510.727	414.3217	0.3041919	1.506788	4.46079
22032	-7112.156	-7525.783	413.6262	0.3053618	1.54979	4.824917
22038	-7106.1	-7519.523	413.4237	0.2699335	1.422128	5.055805
22044	-7099.105	-7513.512	414.407	0.2699335	1.503535	4.460878
22050	-7101.046	-7515.329	414.2826	0.3003171	1.55472	4.460878
22056	-7111.22	-7525.039	413.8181	0.3003171	1.504933	4.749348
22062	-7119.186	-7534.251	415.0646	0.2698051	1.663184	3.997548
22068	-7114.934	-7530.654	415.7206	0.3086448	1.620101	3.591146
22074	-7101.744	-7516.944	415.1998	0.2880108	1.502634	3.986654
22080	-7109.777	-7523.836	414.0592	0.2818637	1.460194	4.664071
22086	-7110.997	-7524.108	413.1112	0.2818637	1.460194	5.191648
22092	-7107.577	-7519.537	411.9598	0.2567705	1.424851	5.878425
22098	-7122.619	-7534.309	411.6896	0.2942819	1.301283	6.042943
22104	-7125.098	-7538.176	413.0786	0.2926204	1.43188	5.211076
22110	-7149.976	-7563.133	413.1571	0.2957266	1.413341	5.17384
22116	-7146.235	-7559.964	413.7293	0.2717675	1.502325	4.838677
22122	-7141.825	-7555.739	413.9144	0.3070274	1.452357	4.71624
22128	-7149.239	-7562.472	413.2336	0.2590288	1.42367	5.175583
22134	-7149.111	-7563.18	414.0688	0.2697658	1.51813	4.642877
22140	-7143.225	-7556.47	413.2447	0.2820718	1.402805	5.149209
22146	-7138.075	-7549.936	411.8608	0.245335	1.402635	5.960944
22152	-7145.725	-7558.864	413.1391	0.2575543	1.438886	5.221516
22158	-7149.688	-7563.89	414.2019	0.2980747	1.502288	4.53872
22164	-7146.503	-7558.834	412.3306	0.2596862	1.345177	5.715052
22170	-7144.502	-7554.649	410.1466	0.2740143	1.220715	6.949044
22176	-7142.16	-7551.553	409.393	0.2304706	1.213302	7.418893
22182	-7133.991	-7543.034	409.0431	0.266666	1.326164	7.495053
22188	-7120.411	-7531.241	410.8297	0.263699	1.385397	6.505046
22194	-7136.776	-7550.78	414.0035	0.2269201	1.440166	4.785977
22200	-7114.793	-7528.402	413.6094	0.2295442	1.459827	4.990482
22206	-7103.443	-7518.381	414.9379	0.2095565	1.490028	4.260287
22212	-7123.215	-7538.131	414.9156	0.2095565	1.51232	4.260287
22218	-7117.293	-7529.704	412.4106	0.2340693	1.417658	5.668462
22224	-7126.152	-7540.238	414.0857	0.2299835	1.506892	4.698022
22230	-7123.188	-7537.197	414.0085	0.2151571	1.506892	4.764438
22236	-7124.233	-7537.823	413.5895	0.2236315	1.453985	5.013875
22242	-7135.908	-7550.718	414.8099	0.2386021	1.529898	4.264259
22248	-7128.506	-7543.836	415.3297	0.2331556	1.503435	3.991949
22254	-7138.01	-7553.381	415.3703	0.2898486	1.689944	3.778763
22260	-7132.025	-7547.396	415.3712	0.290107	1.61004	3.823897
22266	-7118.845	-7533.93	415.0845	0.233226	1.575312	4.090764
22272	-7094.834	-7511.546	416.7115	0.2772098	1.708558	2.998478
22278	-7125.759	-7541.028	415.269	0.2613391	1.598099	3.930034
22284	-7126.411	-7542.409	415.9978	0.2720199	1.558497	3.51642
22290	-7132.252	-7547.658	415.4064	0.2720199	1.522162	3.879456
22296	-7130.137	-7546.104	415.9663	0.292663	1.574283	3.496437
22302	-7111.604	-7527.14	415.5358	0.2779284	1.579853	3.763441
22308	-7123.092	-7539.784	416.6922	0.2407592	1.660043	3.094864
22314	-7125.529	-7541.165	415.6359	0.2654376	1.62778	3.695845
22320	-7099.379	-7514.593	415.214	0.275992	1.62778	3.923568
22326	-7127.813	-7542.941	415.1277	0.2835685	1.560324	4.000996
22332	-7114.341	-7528.647	414.3065	0.2547665	1.620794	4.47309
22338	-7093.212	-7507.565	414.3533	0.2547665	1.573998	4.47309
22344	-7112.981	-7526.476	413.4951	0.227486	1.397881	5.091453
22350	-7124.345	-7537.408	413.0633	0.2388798	1.384881	5.320308
22356	-7117.641	-7531.436	413.7951	0.2378075	1.499365	4.852617
22362	-7121.746	-7536.233	414.487	0.2761921	1.629868	4.335744
22368	-7122.283	-7536.72	414.4376	0.2584698	1.561431	4.427315
22374	-7115.025	-7529.546	414.5206	0.2837008	1.517716	4.36975
22380	-7102.044	-7516.79	414.7463	0.2697302	1.589634	4.220754
22386	-7103.706	-7518.215	414.5088	0.2717606	1.514417	4.394772
22392	-7123.292	-7536.765	413.4726	0.269031	1.421646	5.030183
22398	-7137.543	-7550.89	413.3467	0.2536809	1.506425	5.074672
22404	-7137.01	-7551.343	414.3329	0.2273175	1.531168	4.549934
22410	-7136.292	-7549.395	413.1032	0.2888521	1.398061	5.221107
22416	-7135.588	-7548.026	412.4383	0.3253509	1.367014	5.558467
22422	-7136.073	-7548.604	412.5314	0.2922596	1.403118	5.529108
22428	-7124.057	-7536.649	412.5919	0.2987939	1.327191	5.529108
22434	-7129.446	-7544.584	415.139	0.2664	1.539281	4.030735
22440	-7111.017	-7524.954	413.9372	0.2724442	1.550242	4.694848
22446	-7127.289	-7542.122	414.8329	0.2734906	1.460965	4.2393
22452	-7117.998	-7532.752	414.7542	0.2402592	1.517224	4.300429
22458	-7137.477	-7550.558	413.0808	0.260933	1.484103	5.223977
22464	-7143.923	-7556.781	412.8579	0.2492753	1.366133	5.428662
22470	-7106.543	-7519.303	412.7606	0.2817691	1.381558	5.428662
22476	-7117.83	-7530.177	412.3473	0.2394699	1.384321	5.713424
22482	-7123.47	-7538.252	414.7816	0.3074315	1.486695	4.207989
22488	-7112.804	-7527.678	414.8735	0.2932943	1.609368	4.104772
22494	-7112.589	-7528.124	415.5346	0.2748978	1.595903	3.759158
22500	-7123.459	-7538.772	415.3126	0.2770737	1.574973	3.895776
22506	-7124.257	-7539.734	415.4773	0.2770737	1.694877	3.732
22512	-7147.77	-7563.722	415.9528	0.2840781	1.687574	3.450119
22518	-7148.193	-7564.278	416.0858	0.2365625	1.67583	3.450119
22524	-7138.066	-7553.608	415.5417	0.2263121	1.636902	3.804596
22530	-7132.368	-7547.84	415.4719	0.2502305	1.642261	3.804596
22536	-7118.982	-7534.548	415.5666	0.2309398	1.599278	3.804596
22542	-7118.666	-7534.001	415.3356	0.2309398	1.592692	3.94099
22548	-7134.579	-7548.732	414.1529	0.2253339	1.510717	4.665427
22554	-7116.622	-7532.696	416.0748	0.2512078	1.699995	3.419689
22560	-7127.894	-7543.894	416.0001	0.2512078	1.782104	3.415335
22566	-7131.473	-7548.05	416.5766	0.2348359	1.782104	3.100505
22572	-7133.105	-7550.19	417.0855	0.2464899	1.84365	2.737451
22578	-7111.408	-7527.857	416.449	0.2361644	1.737177	3.200917
22584	-7122.396	-7538.936	416.54	0.2224391	1.709887	3.185585
22590	-7110.265	-7526.594	416.329	0.2588848	1.755808	3.225582
22596	-7114.629	-7531.362	416.7329	0.2584312	1.770507	2.976665
22602	-7125.609	-7541.004	415.395	0.2797058	1.629513	3.813431
22608	-7115.424	-7530.666	415.2417	0.2903741	1.573256	3.919026
22614	-7123.799	-7539.655	415.8563	0.281144	1.604528	3.559013
22620	-7122.36	-7537.073	414.7137	0.281144	1.559396	4.240479
22626	-7126.338	-7541.552	415.2144	0.2871101	1.635074	3.903693
22632	-7114.159	-7529.8	415.6409	0.2703484	1.580187	3.713357
22638	-7111.317	-7525.281	413.9645	0.2721332	1.516182	4.69906
22644	-7126.537	-7540.445	413.9086	0.2752679	1.564383	4.69906
22650	-7129.862	-7545.168	415.3055	0.2835369	1.725851	3.804125
22656	-7122.197	-7537.763	415.5654	0.2533049	1.725851	3.697831
22662	-7123.362	-7538.628	415.2655	0.2351411	1.5981	3.971469
22668	-7123.146	-7537.958	414.8115	0.2784216	1.49757	4.223817
22674	-7113.824	-7528.574	414.7499	0.2549449	1.547831	4.263668
22680	-7115.823	-7530.027	414.2039	0.2637055	1.497907	4.58699
22686	-7127.864	-7542.154	414.2907	0.2637055	1.45963	4.559754
22692	-7125.69	-7538.306	412.6154	0.2278754	1.439373	5.553474
22698	-7131.559	-7545.001	413.4422	0.2526075	1.442645	5.058602
22704	-7115.602	-7528.355	412.7531	0.2354445	1.457784	5.456216
22710	-7110.258	-7524.719	414.4606	0.2248747	1.56127	4.464975
22716	-7103.526	-7518.68	415.1538	0.2232685	1.620943	4.040924
22722	-7098.916	-7512.589	413.6725	0.2636084	1.515471	4.874422
22728	-7127.139	-7540.705	413.5658	0.2636084	1.52613	4.927913
22734	-7128.776	-7542.601	413.8244	0.2636084	1.477188	4.81108
22740	-7117.524	-7530.731	413.2067	0.2568438	1.428922	5.190639
22746	-7119.857	-7532.89	413.0335	0.251284	1.391407	5.315014
22752	-7110.008	-7523.776	413.7683	0.251284	1.471921	4.862924
22758	-7104.99	-7519.172	414.1817	0.2389464	1.540413	4.611769
22764	-7103.625	-7517.447	413.8218	0.2898351	1.47185	4.779561
22770	-7113.403	-7527.505	414.1026	0.2445882	1.491675	4.674979
22776	-7116.177	-7530.859	414.6823	0.270082	1.498976	4.307883
22782	-7112.333	-7527.155	414.8216	0.2596827	1.626253	4.171585
22788	-7115.551	-7529.253	413.7019	0.2559637	1.63579	4.801803
22794	-7137.742	-7550.405	412.6636	0.2279209	1.502896	5.491985
22800	-7141.695	-7555.689	413.9938	0.2235296	1.536803	4.742657
22806	-7164.542	-7576.835	412.2925	0.2530954	1.449044	5.688297
22812	-7144.335	-7557.334	412.9985	0.2623203	1.493753	5.262156
22818	-7150.227	-7562.299	412.0723	0.2440088	1.473667	5.808438
22824	-7129.07	-7542.417	413.3468	0.2395522	1.36758	5.172172
22830	-7112.881	-7524.805	411.9244	0.2399709	1.300433	5.98978
22836	-7127.238	-7540.289	413.0508	0.2518932	1.505926	5.241372
22842	-7123.948	-7538.295	414.3464	0.3021773	1.521931	4.440971
22848	-7117.616	-7531.948	414.3315	0.2548074	1.521931	4.514575
22854	-7104.843	-7518.854	414.011	0.2548074	1.450092	4.734564
22860	-7120.577	-7532.848	412.2708	0.2733634	1.39805	5.700014
22866	-7117.803	-7529.361	411.5581	0.267266	1.401919	6.095575
22872	-7120.574	-7531.244	410.6697	0.2959729	1.365166	6.560016
22878	-7107.438	-7519.279	411.8411	0.2959729	1.351686	5.930643
22884	-7115.367	-7527.932	412.5655	0.3039859	1.450731	5.469048
22890	-7120.786	-7535.144	414.3583	0.2963896	1.544604	4.429115
22896	-7101.358	-7514.677	413.3187	0.2600751	1.378832	5.151815
22902	-7102.47	-7516.66	414.1896	0.2780002	1.427855	4.614374
22908	-7119.432	-7533.346	413.9146	0.2647674	1.453575	4.772248
22914	-7129.375	-7544.185	414.8095	0.2136014	1.537593	4.299471
22920	-7120.386	-7535.147	414.7611	0.2392352	1.628992	4.234789
22926	-7121.798	-7536.388	414.5905	0.2804773	1.542454	4.320736
22932	-7114.247	-7528.664	414.4177	0.3044207	1.475845	4.423858
22938	-7115.568	-7529.907	414.339	0.2673497	1.515412	4.496074
22944	-7112.501	-7526.662	414.161	0.2281079	1.468222	4.680376
22950	-7113.474	-7527.564	414.0897	0.2582117	1.459456	4.680376
22956	-7114.177	-7528.558	414.3814	0.2301755	1.483436	4.545079
22962	-7116.863	-7530.436	413.5729	0.2576521	1.395833	5.004798
22968	-7108.026	-7518.956	410.9299	0.2750561	1.314527	6.473809
22974	-7110.669	-7522.412	411.7429	0.2707997	1.406638	5.987457
22980	-7101.692	-7513.874	412.1818	0.3013815	1.322782	5.753222
22986	-7121.717	-7533.823	412.106	0.2961401	1.322166	5.801754
22992	-7123.555	-7537.588	414.033	0.3143175	1.477103	4.626702
22998	-7106.966	-7520.971	414.0045	0.2436916	1.455756	4.751287
23004	-7095.17	-7508.527	413.3563	0.2654376	1.442486	5.088175
23010	-7121.303	-7536.62	415.3163	0.2597551	1.53698	3.940263
23016	-7112.944	-7528.417	415.4736	0.2697119	1.505125	3.853931
23022	-7105.836	-7520.703	414.8662	0.2520354	1.482926	4.238802
23028	-7122.682	-7538.443	415.7603	0.2625909	1.638082	3.622031
23034	-7113.861	-7528.932	415.0711	0.273938	1.576274	4.037618
23040	-7144.518	-7559.435	414.9177	0.2621432	1.526257	4.170267
23046	-7124.231	-7537.609	413.3781	0.2455857	1.526743	5.057731
23052	-7120.34	-7534.612	414.2721	0.2557257	1.49733	4.560444
23058	-7112.116	-7526.543	414.4267	0.2203304	1.514779	4.517374
23064	-7121.842	-7536.127	414.286	0.2700822	1.535545	4.51075
23070	-7128.617	-7544.666	416.0487	0.2813235	1.662838	3.412378
23076	-7110.09	-7525.897	415.8076	0.2327641	1.679271	3.616186
23082	-7118.463	-7531.052	412.5898	0.2563614	1.380375	5.558186
23088	-7129.038	-7542.857	413.8186	0.232766	1.420099	4.891268
23094	-7117.447	-7530.955	413.5083	0.2650728	1.487534	4.979251
23100	-7105.33	-7518.986	413.6558	0.2898984	1.416571	4.902847
23106	-7121.484	-7534.511	413.0262	0.2732471	1.363792	5.303527
23112	-7099.887	-7512.931	413.0439	0.2301397	1.458418	5.303527
23118	-7118.924	-7534.329	415.4045	0.2767752	1.628456	3.81268
23124	-7120.098	-7535.12	415.0228	0.217554	1.652094	4.106987
23130	-7129.523	-7543.481	413.9579	0.2762536	1.506338	4.70256
23136	-7134.287	-7546.583	412.2964	0.2712802	1.395374	5.690305
23142	-7125.075	-7538.741	413.6658	0.236305	1.462767	4.947219
23148	-7116.535	-7530.074	413.5386	0.233092	1.434231	5.038612
23154	-7118.264	-7530.476	412.2123	0.2636504	1.460613	5.711114
23160	-7118.83	-7531.239	412.4098	0.2401982	1.351226	5.696243
23166	-7127.38	-7538.71	411.3294	0.2671413	1.36807	6.238572
23172	-7105.8	-7518.684	412.8841	0.2505721	1.508851	5.333669
23178	-7135.077	-7550.352	415.2754	0.2703625	1.558247	3.936198
23184	-7122.916	-7538.245	415.329	0.2471622	1.665882	3.877834
23190	-7140.632	-7555.737	415.1054	0.2647885	1.665882	3.979889
23196	-7121.494	-7536.268	414.7734	0.2718513	1.564881	4.216412
23202	-7120.629	-7535.442	414.8126	0.2718513	1.525716	4.216412
23208	-7134.56	-7549.885	415.3249	0.2551661	1.61387	3.898014
23214	-7123.267	-7538.534	415.2675	0.2663177	1.642935	3.898014
23220	-7116.064	-7530.994	414.9295	0.28583	1.611309	4.081893
23226	-7140.542	-7555.462	414.9203	0.2627647	1.501205	4.18213
23232	-7126.924	-7539.492	412.5682	0.3190707	1.451926	5.448037
23238	-7142.866	-7555.914	413.0475	0.2902965	1.447262	5.222804
23244	-7124.614	-7536.783	412.1686	0.2757588	1.336784	5.786281
23250	-7126.111	-7538.091	411.9806	0.284054	1.314643	5.890177
23256	-7119.898	-7533.568	413.6696	0.2877305	1.351772	4.934119
23262	-7122.673	-7536.172	413.4991	0.3037672	1.511634	4.919047
23268	-7112.166	-7523.643	411.4779	0.3037672	1.362158	6.113068
23274	-7130.937	-7544.395	413.4574	0.2783245	1.343651	5.069177
23280	-7118.763	-7532.993	414.2302	0.268844	1.556433	4.532072
23286	-7120.743	-7532.454	411.7113	0.2565818	1.330899	6.065588
23292	-7130.636	-7542.304	411.668	0.287431	1.349646	6.037267
23298	-7127.967	-7539.832	411.8647	0.2577269	1.31	5.991754
23304	-7110.166	-7521.996	411.8299	0.2584988	1.422222	5.948405
23310	-7119.921	-7532.574	412.6523	0.3175484	1.407093	5.428277
23316	-7127.864	-7541.891	414.027	0.31189	1.469805	4.637197
23322	-7105.429	-7518.298	412.8692	0.263415	1.470682	5.344769
23328	-7103.562	-7517.41	413.8483	0.2295231	1.510938	4.82909
23334	-7112.321	-7526.086	413.7643	0.2623555	1.478731	4.845485
23340	-7115.063	-7528.664	413.6013	0.2450442	1.476768	4.962293
23346	-7115.921	-7529.458	413.5366	0.2431905	1.546452	4.962293
23352	-7122.113	-7536.015	413.902	0.258548	1.471488	4.778129
23358	-7111.781	-7524.939	413.1577	0.256876	1.471689	5.194056
23364	-7122.045	-7534.395	412.3507	0.2486855	1.47554	5.648158
23370	-7115.044	-7526.973	411.9297	0.271327	1.38254	5.897934
23376	-7114.436	-7526.821	412.3845	0.2630311	1.331308	5.68847
23382	-7112.829	-7524.133	411.3038	0.2575995	1.245907	6.331988
23388	-7123.891	-7536.195	412.3037	0.2533657	1.362442	5.729227
23394	-7124.419	-7537.978	413.5593	0.2560879	1.46641	4.975366
23400	-7123.058	-7534.472	411.4139	0.2560879	1.364718	6.20973
23406	-7124.477	-7537.429	412.9524	0.2601009	1.415397	5.33398
23412	-7121.449	-7534.346	412.8977	0.2439332	1.508267	5.336178
23418	-7114.636	-7527.596	412.9603	0.2471831	1.379347	5.368007
23424	-7136.237	-7548.069	411.8319	0.2642445	1.397384	5.952877
23430	-7126.422	-7539.409	412.9864	0.2430201	1.401722	5.347342
23436	-7128.707	-7542.219	413.5121	0.2645642	1.51603	4.962047
23442	-7117.47	-7531.078	413.6078	0.2396558	1.458237	4.976964
23448	-7108.847	-7521.644	412.7968	0.2567589	1.342585	5.464612
23454	-7131.775	-7547.27	415.4945	0.2692268	1.654014	3.756875
23460	-7118.957	-7534.491	415.5336	0.2614222	1.533933	3.81487
23466	-7119.048	-7533.773	414.7246	0.3258472	1.470568	4.225976
23472	-7111.412	-7525.879	414.4667	0.2789817	1.559584	4.383054
23478	-7121.784	-7537.652	415.8684	0.2728637	1.559584	3.589904
23484	-7127.032	-7542.42	415.3883	0.2513179	1.535945	3.912078
23490	-7101.308	-7516.193	414.885	0.2456863	1.503625	4.22587
23496	-7129.418	-7543.807	414.3895	0.2651667	1.544418	4.454415
23502	-7110.55	-7523.989	413.4392	0.2724592	1.470044	5.017146
23508	-7110.111	-7524.362	414.2507	0.2724592	1.473242	4.562285
23514	-7124.052	-7539.284	415.2315	0.2508117	1.537992	4.001416
23520	-7117.686	-7532.508	414.8219	0.2401631	1.485279	4.280339
23526	-7131.147	-7545.082	413.9342	0.2934865	1.527579	4.680729
23532	-7121.919	-7536.711	414.7915	0.3251875	1.513813	4.164303
23538	-7114.556	-7530.325	415.7687	0.2649532	1.606239	3.632116
23544	-7131.546	-7546.74	415.1938	0.303541	1.606239	3.909891
23550	-7141.042	-7556.699	415.6576	0.3009826	1.626195	3.634457
23556	-7127.022	-7542.813	415.7903	0.2468517	1.647978	3.622471
23562	-7115.11	-7531.643	416.5336	0.2405174	1.702905	3.164113
23568	-7115.466	-7531.966	416.4998	0.2393602	1.70454	3.185036
23574	-7109.896	-7526.55	416.6537	0.227371	1.691002	3.121092
23580	-7106.129	-7522.068	415.9397	0.2704041	1.704657	3.467381
23586	-7119.04	-7535.54	416.5003	0.2851105	1.693319	3.122354
23592	-7111.703	-7528.042	416.3396	0.2529169	1.690099	3.26723
23598	-7120.167	-7535.868	415.7012	0.2329911	1.646802	3.696271
23604	-7116.163	-7531.841	415.6777	0.2417122	1.646802	3.696271
23610	-7128.14	-7540.079	411.9384	0.249412	1.405478	5.911151
23616	-7141.571	-7554.144	412.5728	0.2718024	1.308748	5.585445
23622	-7130.808	-7545.453	414.6445	0.2574861	1.480464	4.357705
23628	-7105.761	-7519.813	414.0521	0.2626713	1.485798	4.680334
23634	-7114.326	-7527.69	413.364	0.2626713	1.477292	5.068454
23640	-7115.039	-7529.621	414.582	0.2576918	1.525931	4.367032
23646	-7112.778	-7526.732	413.9535	0.2378577	1.490003	4.769344
23652	-7114.96	-7529.797	414.8363	0.2278024	1.589972	4.231939
23658	-7119.888	-7535.47	415.5821	0.2319974	1.594234	3.796866
23664	-7112.5	-7526.805	414.3059	0.2347518	1.51195	4.564431
23670	-7117.525	-7531.979	414.4533	0.2606536	1.484786	4.45853
23676	-7124.481	-7538.214	413.7327	0.2660193	1.444521	4.876999
23682	-7125.156	-7539.001	413.8458	0.2371654	1.461531	4.846386
23688	-7108.563	-7522.171	413.608	0.2736	1.466602	4.923643
23694	-7112.106	-7526.738	414.6321	0.2659906	1.636708	4.264106
23700	-7093.541	-7508.548	415.0067	0.2564175	1.626942	4.070654
23706	-7121.447	-7537.395	415.948	0.236868	1.706369	3.512306
23712	-7139.826	-7555.142	415.3155	0.2204388	1.516815	4.012588
23718	-7131.127	-7545.36	414.2329	0.2669423	1.544669	4.539865
23724	-7121.303	-7536.194	414.8908	0.2473911	1.537966	4.200548
23730	-7113.694	-7529.391	415.6963	0.2473911	1.585967	3.711941
23736	-7109.73	-7525.503	415.7729	0.2084535	1.610832	3.715606
23742	-7115.789	-7531.112	415.3226	0.2286031	1.637683	3.926335
23748	-7109.149	-7523.314	414.1649	0.2590154	1.493565	4.617984
23754	-7103.147	-7517.415	414.2682	0.2346948	1.454349	4.617984
23760	-7108.044	-7523.053	415.009	0.240122	1.548705	4.138269
23766	-7107.149	-7523.251	416.1019	0.2349077	1.64643	3.460565
23772	-7096.485	-7512.386	415.9009	0.240368	1.691096	3.543151
23778	-7104.909	-7519.918	415.0099	0.2616154	1.598006	4.077756
23784	-7109.108	-7524.016	414.9076	0.2915603	1.510015	4.144244
23790	-7108.992	-7524.093	415.1011	0.2915603	1.50298	4.03803
23796	-7117.285	-7531.999	414.7137	0.2370694	1.499972	4.33793
23802	-7111.794	-7526.954	415.1597	0.2905147	1.570093	3.967572
23808	-7100.657	-7515.854	415.1965	0.2723295	1.565505	3.974414
23814	-7115.171	-7531.057	415.8862	0.2658508	1.763047	3.471218
23820	-7124.329	-7540.122	415.7924	0.2751972	1.660778	3.571922
23826	-7110.881	-7527.325	416.4446	0.2624669	1.734843	3.164039
23832	-7121.472	-7538.504	417.0322	0.2146666	1.86157	2.812322
23838	-7119.807	-7536.653	416.8461	0.2522004	1.85745	2.865646
23844	-7107.576	-7524.291	416.7152	0.2224098	1.849319	2.997923
23850	-7113.841	-7530.477	416.6358	0.2890796	1.80457	2.969076
23856	-7122.734	-7539.453	416.7197	0.2367562	1.853337	2.969076
23862	-7143.742	-7560.303	416.5611	0.2110235	1.716641	3.188329
23868	-7126.562	-7543.032	416.4694	0.2518304	1.780507	3.138392
23874	-7132.951	-7549.555	416.6037	0.2403161	1.697103	3.126196
23880	-7141.534	-7555.521	413.9871	0.2256906	1.594989	4.710504
23886	-7143.553	-7557.227	413.674	0.2405566	1.549915	4.887797
23892	-7142.581	-7557.442	414.8607	0.2020471	1.529609	4.294084
23898	-7129.775	-7545.208	415.4322	0.1967068	1.556184	3.962955
23904	-7118.465	-7533.23	414.7657	0.2282157	1.490604	4.32753
23910	-7136.848	-7551.185	414.3374	0.2715238	1.494309	4.503
23916	-7124.056	-7538.895	414.8394	0.2502181	1.65458	4.159312
23922	-7128.471	-7544.457	415.9866	0.2542349	1.659762	3.490193
23928	-7111.164	-7526.59	415.4253	0.2117614	1.541757	3.949676
23934	-7144.009	-7558.742	414.733	0.231727	1.551212	4.306268
23940	-7128.138	-7542.939	414.8013	0.2495757	1.569749	4.230011
23946	-7121.255	-7535.863	414.6079	0.2786625	1.61581	4.271892
23952	-7115.958	-7531.882	415.924	0.2165131	1.672176	3.579051
23958	-7099.671	-7515.99	416.3192	0.2134253	1.719239	3.325622
23964	-7105.124	-7521.389	416.2654	0.2339036	1.715768	3.325622
23970	-7100.245	-7516.454	416.2088	0.2011448	1.66638	3.442462
23976	-7091.087	-7506.868	415.7803	0.2393506	1.623481	3.653993
23982	-7115.491	-7531.504	416.0126	0.2578574	1.663341	3.467454
23988	-7119.837	-7532.349	412.5123	0.2481008	1.496357	5.548867
23994	-7112.697	-7525.986	413.2884	0.223963	1.55758	5.122957
24000	-7114.831	-7528.91	414.0791	0.2731416	1.506416	4.638984
24006	-7124.356	-7538.577	414.2203	0.2492779	1.557129	4.565393
24012	-7126.749	-7541.047	414.2981	0.2553151	1.46365	4.565393
24018	-7124.122	-7536.812	412.6899	0.2427072	1.443185	5.488267
24024	-7123.615	-7537.02	413.4053	0.256014	1.481398	5.052712
24030	-7114.423	-7528.157	413.7342	0.2417634	1.48788	4.887003
24036	-7122.891	-7536.495	413.604	0.287407	1.502838	4.887003
24042	-7120.259	-7536.07	415.8103	0.2363321	1.627872	3.638816
24048	-7108.836	-7523.73	414.8931	0.2363321	1.563017	4.201743
24054	-7103.762	-7518.893	415.1314	0.2284439	1.505225	4.111416
24060	-7108.441	-7523.548	415.1072	0.2284439	1.529427	4.111416
24066	-7113.78	-7527.377	413.5968	0.2526693	1.375558	5.009975
24072	-7121.355	-7532.539	411.1833	0.2642003	1.245094	6.388709
24078	-7127.554	-7540.184	412.6302	0.2436442	1.351053	5.570369
24084	-7116.594	-7530.939	414.3443	0.285439	1.556642	4.444871
24090	-7121.383	-7536.467	415.0841	0.2737991	1.556642	4.041604
24096	-7111.473	-7526.64	415.1668	0.282683	1.546384	3.987813
24102	-7131.49	-7544.122	412.6322	0.2688525	1.373478	5.521249
24108	-7139.384	-7554.212	414.828	0.2795743	1.503883	4.209309
24114	-7123.026	-7537.804	414.7783	0.2686193	1.602649	4.196774
24120	-7109.14	-7525.249	416.109	0.229935	1.670431	3.450311
24126	-7115.422	-7531.444	416.0218	0.2754079	1.639431	3.450311
24132	-7100.643	-7516.218	415.5755	0.2622263	1.678901	3.705926
24138	-7118.806	-7534.841	416.0346	0.2498811	1.757676	3.411504
24144	-7131.389	-7547.998	416.6091	0.2228066	1.672174	3.166362
24150	-7134.941	-7551.245	416.3038	0.2814997	1.576873	3.312784
24156	-7107.117	-7522.349	415.2325	0.2726307	1.576804	3.946918
24162	-7105.381	-7520.191	414.8099	0.2726307	1.602331	4.173339
24168	-7110.961	-7526.118	415.1574	0.2726307	1.588553	3.98316
24174	-7110.613	-7525.846	415.2333	0.2531322	1.620909	3.94952
24180	-7113.506	-7528.852	415.3458	0.2702197	1.620909	3.860119
24186	-7114.968	-7530.192	415.2248	0.2417113	1.580961	3.994378
24192	-7102.455	-7517.634	415.1797	0.2481838	1.685084	3.95086
24198	-7126.283	-7541.797	415.5136	0.2767904	1.711401	3.701917
24204	-7101.325	-7516.393	415.0675	0.2267615	1.565409	4.116196
24210	-7111.652	-7526.511	414.8591	0.2752512	1.475292	4.213884
24216	-7112.386	-7527.243	414.8565	0.2107397	1.649864	4.213884
24222	-7111.35	-7525.068	413.7181	0.2592673	1.462379	4.884764
24228	-7106.878	-7521.046	414.1681	0.236591	1.461579	4.667176
24234	-7103.78	-7519.641	415.8612	0.2148623	1.646262	3.63327
24240	-7108.177	-7524.025	415.8483	0.2294483	1.618258	3.63327
24246	-7131.031	-7545.943	414.9122	0.239596	1.523166	4.208568
24252	-7143.101	-7556.755	413.6532	0.2799195	1.523166	4.858328
24258	-7131.425	-7546.36	414.9352	0.25624	1.548247	4.156399
24264	-7125.476	-7539.092	413.6154	0.302795	1.499634	4.862217
24270	-7140.638	-7554.387	413.7488	0.2748018	1.479505	4.836358
24276	-7137.068	-7550.911	413.8434	0.2311981	1.498158	4.836358
24282	-7124.165	-7537.802	413.637	0.2516245	1.422885	4.962799
24288	-7139.445	-7554.28	414.8355	0.2253534	1.45898	4.310407
24294	-7117.642	-7532.371	414.7284	0.2638284	1.464028	4.310407
24300	-7141.411	-7555.631	414.2201	0.2824441	1.484168	4.559597
24306	-7149.704	-7563.953	414.2486	0.2527501	1.478014	4.588791
24312	-7129.972	-7544.502	414.5292	0.2684475	1.493864	4.399515
24318	-7148.418	-7562.107	413.6883	0.2620973	1.453639	4.902192
24324	-7133.976	-7550.886	416.9109	0.2331902	1.779024	2.9045
24330	-7133.181	-7549.378	416.1972	0.2203346	1.77448	3.353308
24336	-7119.343	-7535.744	416.4017	0.1802337	1.6898	3.353308
24342	-7108.776	-7525.006	416.2305	0.2566939	1.699055	3.320489
24348	-7109.91	-7526.373	416.4628	0.2707893	1.755959	3.128242
24354	-7118.736	-7534.685	415.9494	0.2580742	1.601194	3.540217
24360	-7123.708	-7538.505	414.7968	0.2482789	1.539891	4.251432
24366	-7103.058	-7518.276	415.2182	0.2501422	1.573038	3.989987
24372	-7100.68	-7515.449	414.7687	0.270385	1.494261	4.261178
24378	-7103.752	-7517.721	413.969	0.270385	1.43247	4.74577
24384	-7134.964	-7546.432	411.4677	0.270385	1.324871	6.182449
24390	-7111.59	-7523.988	412.3978	0.2775592	1.236025	5.713528
24396	-7097.531	-7509.929	412.3978	0.2462072	1.31575	5.713528
24402	-7099.505	-7513.574	414.0681	0.2955251	1.447794	4.647749
24408	-7114.799	-7528.898	414.0991	0.2687706	1.437507	4.672428
24414	-7106.988	-7521.989	415.0015	0.2610183	1.598495	4.083114
24420	-7102.88	-7517.842	414.9624	0.2610183	1.587753	4.111528
24426	-7093.788	-7508.491	414.7037	0.290109	1.544257	4.242498
24432	-7085.436	-7499.431	413.9951	0.2497735	1.482117	4.732838
24438	-7089.426	-7503.406	413.9798	0.2578406	1.510145	4.714026
24444	-7123.962	-7537.034	413.0716	0.2371458	1.511411	5.248438
24450	-7115.614	-7529.052	413.4387	0.2387253	1.436818	5.084123
24456	-7100.789	-7514.418	413.6285	0.2522431	1.44127	4.956415
24462	-7120.551	-7532.954	412.4027	0.2520893	1.393591	5.659692
24468	-7112.917	-7526.076	413.1588	0.2784601	1.452682	5.174017
24474	-7119.977	-7534.606	414.629	0.2577882	1.522869	4.342061
24480	-7134.633	-7548.842	414.2095	0.2582696	1.5204	4.579002
24486	-7108.277	-7521.92	413.6433	0.2506425	1.523847	4.904566
24492	-7108.529	-7523.572	415.0422	0.2044	1.560063	4.169974
24498	-7096.379	-7511.411	415.0318	0.2506278	1.571204	4.096642
24504	-7106.878	-7521.68	414.8024	0.2488074	1.528612	4.253848
24510	-7109.637	-7524.238	414.6013	0.2685466	1.508945	4.350197
24516	-7110.417	-7525.917	415.5002	0.277166	1.573442	3.788728
24522	-7097.844	-7512.031	414.1873	0.2859742	1.547856	4.53745
24528	-7104.335	-7516.982	412.6477	0.2985434	1.489959	5.409139
24534	-7111.412	-7524.337	412.9254	0.230793	1.38365	5.409139
24540	-7128.755	-7540.734	411.9788	0.2535001	1.362165	5.906931
24546	-7122.212	-7536.197	413.9856	0.2597566	1.358507	4.792782
24552	-7123.783	-7537.735	413.9518	0.2185916	1.53277	4.776169
24558	-7093.94	-7507.355	413.4149	0.2335849	1.490036	5.075536
24564	-7107.331	-7520.872	413.541	0.2570187	1.51373	4.95795
24570	-7108.194	-7522.297	414.1037	0.2452067	1.51994	4.657653
24576	-7109.783	-7523.705	413.9223	0.2662062	1.515692	4.731243
24582	-7115.025	-7527.953	412.9276	0.2374948	1.462314	5.35449
24588	-7117.48	-7530.024	412.544	0.2477328	1.361905	5.605804
24594	-7111.105	-7525.108	414.0028	0.2469441	1.460509	4.744788
24600	-7115.746	-7528.834	413.0882	0.2792339	1.489785	5.191521
24606	-7120.907	-7534.137	413.23	0.2517939	1.417122	5.191521
24612	-7106.3	-7519.149	412.8493	0.2517939	1.390987	5.416095
24618	-7109.805	-7522.619	412.8135	0.2280468	1.453669	5.436346
24624	-7099.312	-7511.402	412.0902	0.2697392	1.399342	5.803122
24630	-7118.925	-7530.853	411.9279	0.2673395	1.399342	5.895131
24636	-7123.138	-7535.58	412.4423	0.2418507	1.413042	5.642097
24642	-7121.626	-7533.924	412.2974	0.2501677	1.535961	5.642097
24648	-7111.578	-7523.856	412.2776	0.2878631	1.461584	5.642097
24654	-7116.937	-7529.44	412.5031	0.2417157	1.352663	5.642097
24660	-7107.138	-7519.93	412.792	0.2236498	1.416528	5.475359
24666	-7122.129	-7535.832	413.7035	0.2236498	1.455922	4.949414
24672	-7117.243	-7530.928	413.6857	0.26086	1.507443	4.875423
24678	-7117.928	-7532.452	414.5242	0.2347696	1.56721	4.410484
24684	-7142.799	-7557.616	414.8168	0.2201509	1.56721	4.268001
24690	-7142.807	-7557.245	414.4381	0.2600606	1.508675	4.45448
24696	-7147.883	-7563.493	415.6097	0.2163468	1.668337	3.763474
24702	-7147.946	-7563.526	415.5803	0.2289492	1.6624	3.763474
24708	-7171.651	-7587.799	416.1477	0.2289492	1.793762	3.356943
24714	-7132.979	-7549.832	416.8526	0.2689703	1.750443	2.90059
24720	-7123.939	-7539.774	415.8352	0.2849874	1.616684	3.558793
24726	-7143.461	-7559.991	416.5302	0.2336858	1.730122	3.160947
24732	-7139.08	-7556.185	417.1048	0.246913	1.780011	2.763864
24738	-7131.557	-7549.078	417.521	0.2374008	1.921257	2.434303
24744	-7123.011	-7536.577	413.5661	0.3100999	1.60949	4.819107
24750	-7145.596	-7559.637	414.0417	0.2617034	1.397292	4.737025
24756	-7135.333	-7549.312	413.9794	0.2453029	1.457385	4.762002
24762	-7129.907	-7544.758	414.8509	0.2638153	1.617078	4.154196
24768	-7115.699	-7531.12	415.4207	0.2681887	1.553333	3.858781
24774	-7130.276	-7546.178	415.902	0.2512015	1.605417	3.575692
24780	-7117.691	-7533.152	415.4616	0.2427682	1.585783	3.854356
24786	-7125.081	-7539.71	414.6293	0.2427682	1.553875	4.346526
24792	-7123.834	-7538.603	414.7692	0.2679858	1.566791	4.223189
24798	-7116.333	-7531.325	414.9913	0.289663	1.534237	4.085375
24804	-7101.611	-7517.105	415.4943	0.2362835	1.586524	3.845136
24810	-7103.101	-7518.214	415.1135	0.2563557	1.567111	4.043951
24816	-7111.73	-7527.686	415.9555	0.2495963	1.567111	3.569296
24822	-7124.997	-7540.51	415.5135	0.2399888	1.525122	3.863643
24828	-7128.073	-7544.032	415.9594	0.250682	1.648308	3.518093
24834	-7098.679	-7512.263	413.584	0.2709223	1.508236	4.917513
24840	-7112.767	-7527.087	414.3201	0.2420138	1.602385	4.494635
24846	-7112.587	-7526.5	413.9124	0.261784	1.543871	4.727245
24852	-7103.928	-7518.197	414.2691	0.2721804	1.588507	4.487514
24858	-7126.227	-7541.536	415.3089	0.2356821	1.647854	3.917236
24864	-7121.014	-7536.583	415.5684	0.2192786	1.670074	3.781471
24870	-7103.722	-7519.631	415.9095	0.255399	1.678231	3.522636
24876	-7116.15	-7531.985	415.8347	0.2355901	1.636226	3.62099
24882	-7110.285	-7526.069	415.7844	0.2454841	1.602339	3.654445
24888	-7108.391	-7524.058	415.6673	0.2531555	1.653342	3.681088
24894	-7121.458	-7538.58	417.1223	0.2526947	1.882127	2.681339
24900	-7107.804	-7524.29	416.4868	0.2238638	1.842935	3.135803
24906	-7117.434	-7534.112	416.6779	0.2393507	1.806531	3.018104
24912	-7114.457	-7531.237	416.7808	0.2448132	1.858332	2.916338
24918	-7096.877	-7513.435	416.5581	0.2471457	1.761615	3.104147
24924	-7107.637	-7522.661	415.0236	0.2641268	1.594305	4.068422
24930	-7110.825	-7525.587	414.762	0.2822001	1.637275	4.16742
24936	-7112.317	-7526.775	414.4582	0.2459044	1.557551	4.436306
24942	-7106.961	-7520.818	413.8566	0.2874913	1.410343	4.79763
24948	-7113.404	-7528.288	414.8836	0.253351	1.536557	4.196601
24954	-7109.236	-7524.282	415.0457	0.2857296	1.569278	4.03975
24960	-7116.02	-7530.488	414.468	0.2644325	1.443395	4.46814
24966	-7117.079	-7532.641	415.5622	0.2371388	1.597012	3.798718
24972	-7110.074	-7525.211	415.1367	0.2618743	1.60107	4.003256
24978	-7116.779	-7532.77	415.9912	0.2727215	1.581129	3.506106
24984	-7111.803	-7526.683	414.8801	0.2725113	1.572153	4.150762
24990	-7118.407	-7533.755	415.348	0.3188045	1.617727	3.794735
24996	-7113.893	-7529.177	415.2843	0.3003361	1.622269	3.853015
25002	-7118.194	-7532.823	414.629	0.258443	1.497422	4.355475
25008	-7113.753	-7529.431	415.6786	0.2550515	1.566806	3.721715
25014	-7105.524	-7521.587	416.0632	0.2814545	1.74773	3.353905
25020	-7114.845	-7531.847	417.0024	0.2214974	1.727131	2.90011
25026	-7115.237	-7530.599	415.3623	0.2253337	1.509919	3.981944
25032	-7101.14	-7517.25	416.1098	0.2645031	1.625136	3.423045
25038	-7127.037	-7542.51	415.4729	0.2186683	1.647543	3.850362
25044	-7142.602	-7558.87	416.2677	0.2791192	1.704996	3.261955
25050	-7109.881	-7526.685	416.8034	0.2375956	1.726656	2.993566
25056	-7114.293	-7531.059	416.7653	0.2402554	1.788038	2.97528
25062	-7119.531	-7536.414	416.8836	0.2317235	1.814162	2.902211
25068	-7116.897	-7533.041	416.1439	0.2304223	1.694723	3.4149
25074	-7101.104	-7517.411	416.3065	0.2338653	1.694723	3.313837
25080	-7111.322	-7527.33	416.0082	0.2556152	1.633571	3.49076
25086	-7111.812	-7527.65	415.8379	0.2766551	1.750968	3.49076
25092	-7105.145	-7520.414	415.2697	0.225277	1.658565	3.949943
25098	-7108.235	-7523.7	415.4647	0.25725	1.658565	3.78893
25104	-7105.339	-7520.616	415.2769	0.2430025	1.535107	3.988878
25110	-7110.071	-7525.375	415.3045	0.2827457	1.648755	3.850183
25116	-7106.091	-7521.301	415.2103	0.2193608	1.541725	4.060119
25122	-7101.763	-7516.736	414.9735	0.2595162	1.512184	4.150376
25128	-7107.812	-7523.322	415.5099	0.2242442	1.565987	3.866969
25134	-7125.052	-7540.504	415.4525	0.2678029	1.66958	3.774195
25140	-7118.08	-7533.592	415.5117	0.239514	1.669995	3.782088
25146	-7103.663	-7519.146	415.4826	0.2722053	1.628729	3.774023
25152	-7116.412	-7531.81	415.3985	0.2947802	1.592544	3.811901
25158	-7102.222	-7517.538	415.3161	0.264806	1.607633	3.892562
25164	-7124.181	-7538.574	414.3932	0.2860639	1.578368	4.404208
25170	-7130.214	-7544.951	414.7374	0.2629491	1.556306	4.254373
25176	-7121.182	-7535.598	414.415	0.2765441	1.590091	4.398335
25182	-7095.924	-7509.474	413.5504	0.2737883	1.424453	4.978865
25188	-7113.378	-7527.448	414.0707	0.2737883	1.557173	4.61435
25194	-7108.949	-7522.552	413.603	0.2602308	1.403269	4.980306
25200	-7127.46	-7540.904	413.4446	0.2744827	1.367227	5.068409
25206	-7113.472	-7526.879	413.407	0.2798947	1.391572	5.068409
25212	-7108.64	-7521.228	412.5885	0.2761373	1.416588	5.511669
25218	-7114.804	-7527.777	412.9732	0.2852643	1.416588	5.287479
25224	-7133.057	-7545.782	412.7254	0.2788522	1.391979	5.446257
25230	-7127.192	-7540.737	413.5452	0.2598853	1.433242	4.996278
25236	-7120.431	-7534.472	414.0407	0.2830312	1.47614	4.663892
25242	-7108.38	-7521.761	413.3814	0.2600678	1.407439	5.101215
25248	-7099.285	-7512.048	412.7635	0.3122083	1.360075	5.399575
25254	-7098.102	-7510.391	412.2887	0.3158095	1.334334	5.670208
25260	-7112.178	-7525.376	413.1977	0.3272393	1.372375	5.134322
25266	-7127.906	-7541.253	413.3472	0.289763	1.371421	5.099582
25272	-7113.988	-7527.783	413.7947	0.289763	1.452562	4.80554
25278	-7117.952	-7530.13	412.1777	0.2952508	1.461111	5.687562
25284	-7112.117	-7525.925	413.8076	0.2732722	1.480493	4.805095
25290	-7115.191	-7528.69	413.4995	0.256488	1.484308	4.998107
25296	-7115.115	-7528.453	413.3381	0.256488	1.420047	5.123296
25302	-7108.658	-7522.049	413.3904	0.2638277	1.349051	5.123296
25308	-7117.752	-7530.888	413.1363	0.2928795	1.387816	5.20317
25314	-7113.958	-7528.103	414.1453	0.2690119	1.489773	4.61695
25320	-7107.286	-7521.727	414.4409	0.2407097	1.520167	4.474854
25326	-7129.307	-7544.84	415.5331	0.2714219	1.552904	3.789749
25332	-7128.491	-7543.938	415.4471	0.2775515	1.623767	3.789749
25338	-7135.853	-7550.858	415.005	0.2866174	1.532029	4.082985
25344	-7122.046	-7537.724	415.6778	0.2495859	1.612631	3.703921
25350	-7119.384	-7534.867	415.483	0.2885647	1.692827	3.713865
25356	-7125.559	-7539.709	414.1497	0.2897018	1.59201	4.528768
25362	-7127.531	-7541.804	414.2729	0.2862958	1.480657	4.526657
25368	-7125.217	-7539.448	414.231	0.2903861	1.465165	4.55345
25374	-7139.874	-7553.825	413.9512	0.2760223	1.460893	4.732066
25380	-7144.508	-7558.391	413.883	0.2531714	1.491742	4.785161
25386	-7120.056	-7533.183	413.1263	0.2804019	1.436488	5.198368
25392	-7119.485	-7533.453	413.9681	0.2359636	1.435323	4.794571
25398	-7120.562	-7535.068	414.5064	0.2534581	1.47222	4.446118
25404	-7125.82	-7538.778	412.9578	0.2518323	1.450905	5.32319
25410	-7151.557	-7566.182	414.6247	0.2501636	1.494258	4.371802
25416	-7134.679	-7549.113	414.434	0.2394598	1.547739	4.465158
25422	-7112.568	-7525.87	413.3022	0.2469838	1.404243	5.165662
25428	-7111.467	-7524.867	413.4003	0.2958142	1.491507	4.995507
25434	-7121.097	-7535.601	414.5046	0.2409448	1.524427	4.436251
25440	-7128.283	-7540.585	412.302	0.2541286	1.441899	5.685562
25446	-7121.031	-7533.365	412.3342	0.2541286	1.405879	5.687635
25452	-7102.76	-7517.091	414.3306	0.2514534	1.453915	4.558228
25458	-7102.159	-7516.036	413.877	0.2514534	1.48629	4.794011
25464	-7128.013	-7540.106	412.0927	0.2556047	1.373189	5.835657
25470	-7120.864	-7534.509	413.6448	0.2886796	1.390713	4.925
25476	-7112.916	-7528.222	415.3055	0.2797669	1.600943	3.881174
25482	-7120.417	-7535.502	415.0843	0.2769913	1.541098	4.045886
25488	-7114.03	-7528.393	414.3627	0.3298134	1.542769	4.384899
25494	-7120.55	-7534.071	413.5209	0.3380702	1.408962	4.921455
25500	-7110.84	-7523.626	412.7858	0.2662871	1.532929	5.352411
25506	-7125.117	-7537.818	412.7006	0.2746377	1.426457	5.446581
25512	-7117.792	-7530.588	412.7954	0.2626568	1.346946	5.454645
25518	-7108.422	-7521.103	412.6807	0.2909319	1.392271	5.454645
25524	-7108.784	-7522.125	413.3412	0.2667987	1.451407	5.089679
25530	-7114.589	-7528.548	413.9583	0.2660755	1.451407	4.747236
25536	-7113.874	-7528.511	414.6364	0.2997831	1.559949	4.258843
25542	-7112.44	-7528.558	416.118	0.2908907	1.725052	3.321663
25548	-7123.509	-7538.915	415.4054	0.2376115	1.725052	3.814499
25554	-7114.482	-7529.066	414.5838	0.2516889	1.588761	4.33927
25560	-7141.287	-7557.188	415.9005	0.2548682	1.646397	3.547215
25566	-7143.412	-7558.419	415.0071	0.25959	1.632566	4.062578
25572	-7127.89	-7542.277	414.3878	0.25959	1.632566	4.41366
25578	-7135.44	-7550.157	414.7173	0.20756	1.577587	4.338884
25584	-7113.623	-7528.093	414.4709	0.2623231	1.586122	4.389078
25590	-7115.709	-7531.132	415.4226	0.2210124	1.641133	3.879139
25596	-7106.287	-7521.968	415.6815	0.2572146	1.69132	3.644765
25602	-7122.798	-7538.171	415.3733	0.2572146	1.69132	3.822693
25608	-7135.548	-7551.258	415.71	0.2607454	1.745318	3.591664
25614	-7134.342	-7550.6	416.258	0.2466756	1.679433	3.331183
25620	-7126.347	-7541.301	414.9543	0.2625998	1.641518	4.083182
25626	-7144.918	-7560.599	415.6811	0.2402966	1.680277	3.677116
25632	-7143.049	-7557.984	414.935	0.262373	1.53368	4.155895
25638	-7146.648	-7559.344	412.6951	0.2722265	1.425222	5.453578
25644	-7146.411	-7561.791	415.3798	0.2420886	1.598116	3.895243
25650	-7118.326	-7534.622	416.2955	0.2420886	1.687011	3.311826
25656	-7121.017	-7537.285	416.2681	0.2330607	1.707402	3.330305
25662	-7118.092	-7533.558	415.4661	0.2597874	1.601059	3.817463
25668	-7122.062	-7535.842	413.7794	0.262115	1.466507	4.844214
25674	-7130.408	-7543.949	413.5403	0.279599	1.43349	4.971547
25680	-7113.659	-7527.631	413.9729	0.2350263	1.572071	4.716925
25686	-7117.056	-7531.217	414.1611	0.2188516	1.5497	4.649194
25692	-7128.165	-7542.487	414.3225	0.2393363	1.454676	4.580324
25698	-7124.969	-7538.997	414.0286	0.2573785	1.511522	4.686636
25704	-7147.479	-7558.851	411.3727	0.2849448	1.509821	6.114121
25710	-7125.075	-7537.169	412.0938	0.2653277	1.362514	5.82736
25716	-7128.378	-7542.713	414.3348	0.2576597	1.502902	4.519293
25722	-7144.31	-7555.979	411.6693	0.2791558	1.486462	5.972802
25728	-7135.89	-7549.62	413.7297	0.260497	1.38858	4.917607
25734	-7112.624	-7526.362	413.7382	0.2156088	1.54741	4.891866
25740	-7119.214	-7533.678	414.4643	0.2743742	1.536428	4.403839
25746	-7119.7	-7535.476	415.7762	0.2884825	1.65661	3.565015
25752	-7118.316	-7533.934	415.6186	0.2371303	1.636848	3.743227
25758	-7104.102	-7519.242	415.1399	0.2486215	1.61949	4.010437
25764	-7126.355	-7542.352	415.9969	0.2269752	1.61949	3.550192
25770	-7107.127	-7522.099	414.9725	0.2485275	1.664804	4.080273
25776	-7127.482	-7542.892	415.4101	0.2539053	1.658244	3.825468
25782	-7103.012	-7519.276	416.2639	0.2391529	1.714859	3.31864
25788	-7114.226	-7530.516	416.2901	0.2621783	1.628626	3.31864
25794	-7121.437	-7537.032	415.5958	0.2936266	1.668311	3.655824
25800	-7128.756	-7544.693	415.9369	0.2720167	1.670795	3.486474
25806	-7121.77	-7537.735	415.9653	0.2415083	1.699753	3.498776
25812	-7123.124	-7538.461	415.3367	0.2352621	1.583446	3.938893
25818	-7137.463	-7552.72	415.2566	0.2283761	1.682358	3.938893
25824	-7134.374	-7549.636	415.2623	0.2573684	1.569186	3.956275
25830	-7148.271	-7560.739	412.4673	0.1924092	1.45495	5.682764
25836	-7142.849	-7554.509	411.6595	0.1973039	1.478771	6.102995
25842	-7123.226	-7535.158	411.932	0.2601017	1.473499	5.862409
25848	-7128.457	-7539.578	411.121	0.245515	1.377954	6.376633
25854	-7154.153	-7566.425	412.2719	0.2630691	1.447078	5.686671
25860	-7139.624	-7552.623	412.9991	0.2457771	1.447078	5.311273
25866	-7131.506	-7544.448	412.9419	0.2321582	1.421565	5.377102
25872	-7130.25	-7543.591	413.3411	0.2288797	1.440803	5.150894
25878	-7131.539	-7543.964	412.4252	0.2444569	1.388208	5.66132
25884	-7142.557	-7558.249	415.6925	0.2479273	1.622085	3.692487
25890	-7108.763	-7524.958	416.1954	0.2145686	1.622085	3.453261
25896	-7111.387	-7526.986	415.5994	0.2357409	1.654834	3.746104
25902	-7106.171	-7521.437	415.266	0.2560948	1.54458	3.970102
25908	-7135.627	-7550.391	414.7645	0.2717299	1.507389	4.254253
25914	-7140.694	-7557.08	416.3855	0.2575589	1.762388	3.190209
25920	-7125.745	-7542.997	417.2516	0.2337595	1.80097	2.6827
25926	-7128.151	-7545.142	416.9911	0.2351404	1.874807	2.794547
25932	-7113.496	-7530.451	416.9549	0.233628	1.824478	2.849671
25938	-7100.322	-7517.345	417.0232	0.2183044	1.798774	2.849671
25944	-7107.168	-7524.118	416.9493	0.2327432	1.847009	2.840866
25950	-7110.521	-7526.909	416.3882	0.2077526	1.767564	3.266169
25956	-7095.265	-7511.515	416.2497	0.2077526	1.629757	3.428552
25962	-7116.579	-7532.482	415.9033	0.2385085	1.656954	3.564525
25968	-7126.454	-7540.94	414.4862	0.2360128	1.467773	4.485998
25974	-7129.968	-7543.325	413.3569	0.2579382	1.417838	5.112067
25980	-7122.362	-7535.319	412.9572	0.2924716	1.390772	5.301056
25986	-7125.051	-7536.468	411.4164	0.2530351	1.364759	6.212657
25992	-7126.276	-7538.761	412.4851	0.2460673	1.40039	5.619404
25998	-7116.241	-7529.746	413.505	0.2460673	1.492196	5.00574
26004	-7108.585	-7523.586	415.0012	0.2622073	1.588122	4.087472
26010	-7106.671	-7520.659	413.9887	0.2377859	1.413133	4.792741
26016	-7108.874	-7521.634	412.7601	0.2372493	1.477003	5.439082
26022	-7105.523	-7518.466	412.9425	0.2427178	1.459496	5.340125
26028	-7111.617	-7524.569	412.9519	0.2427178	1.45013	5.340125
26034	-7111.549	-7525.737	414.1886	0.2513777	1.524469	4.598409
26040	-7134.407	-7550.017	415.6103	0.2441358	1.574336	3.773246
26046	-7121.322	-7537.373	416.0509	0.2764432	1.72332	3.38262
26052	-7128.965	-7543.512	414.5471	0.2610749	1.50759	4.392183
26058	-7133.912	-7548.093	414.1803	0.2893864	1.475611	4.577356
26064	-7120.772	-7532.909	412.1374	0.228758	1.430042	5.819294
26070	-7116.688	-7530.337	413.649	0.24061	1.486695	4.936832
26076	-7118.712	-7532.917	414.2055	0.2618055	1.513805	4.579858
26082	-7136.003	-7549.67	413.6678	0.2618055	1.513805	4.880481
26088	-7139.823	-7554.019	414.196	0.2618055	1.503511	4.590993
26094	-7144.24	-7558.354	414.1144	0.2504987	1.614201	4.590993
26100	-7118.298	-7531.821	413.5233	0.2600566	1.500994	4.970502
26106	-7115.012	-7529.621	414.6088	0.2239437	1.627929	4.34527
26112	-7103.911	-7519.404	415.4927	0.2592614	1.573873	3.818598
26118	-7123.434	-7537.766	414.332	0.2714361	1.539655	4.480663
26124	-7114.062	-7528.256	414.1942	0.2508781	1.546407	4.58371
26130	-7140.859	-7555.968	415.1087	0.2864648	1.616082	3.975973
26136	-7111.791	-7526.396	414.6045	0.2341074	1.494557	4.407146
26142	-7110.425	-7524.539	414.1136	0.2284905	1.464374	4.70847
26148	-7112.036	-7526.879	414.8436	0.2409687	1.521382	4.246368
26154	-7121.147	-7536.08	414.9331	0.2630248	1.525039	4.16095
26160	-7122.08	-7536.916	414.8353	0.272147	1.533228	4.198834
26166	-7109.381	-7524.263	414.882	0.272147	1.536568	4.170442
26172	-7125.267	-7540.996	415.7289	0.2610255	1.569744	3.682075
26178	-7111.294	-7526.013	414.7186	0.2393052	1.569744	4.292297
26184	-7132.796	-7547.937	415.1412	0.2386903	1.59144	4.040768
26190	-7112.103	-7527.2	415.0961	0.2510948	1.603754	4.040768
26196	-7119.82	-7534.983	415.1629	0.2268178	1.6022	4.040768
26202	-7126.348	-7542.603	416.2544	0.2231614	1.791969	3.304665
26208	-7130.632	-7546.711	416.0794	0.2718211	1.692145	3.390916
26214	-7115.985	-7532.76	416.775	0.2386891	1.781571	2.975882
26220	-7103.329	-7519.354	416.0252	0.2073298	1.672862	3.535184
26226	-7102.973	-7518.571	415.5982	0.2295408	1.626365	3.773002
26232	-7116.544	-7531.63	415.0859	0.2673155	1.590948	4.030205
26238	-7132.861	-7548.043	415.1818	0.2307462	1.590948	4.030205
26244	-7122.016	-7537.161	415.1449	0.2281649	1.634951	4.030205
26250	-7111.827	-7527.384	415.5578	0.2377932	1.594459	3.801655
26256	-7118.291	-7533.519	415.2288	0.2492087	1.616214	3.960621
26262	-7110.783	-7526.409	415.6255	0.2169432	1.61781	3.782539
26268	-7122.773	-7537.315	414.5416	0.2450762	1.586741	4.374037
26274	-7121.451	-7536.42	414.9697	0.2270311	1.586741	4.159261
26280	-7128.581	-7543.06	414.4787	0.2220789	1.582835	4.447062
26286	-7121.592	-7535.331	413.7389	0.2220789	1.453676	4.933462
26292	-7110.651	-7524.538	413.8867	0.2338588	1.511108	4.800902
26298	-7109.935	-7524.812	414.8765	0.226086	1.531694	4.244849
26304	-7142.548	-7556.469	413.9207	0.224262	1.531694	4.785205
26310	-7118.523	-7531.015	412.4913	0.224262	1.343985	5.679427
26316	-7121.232	-7535.284	414.0513	0.2189565	1.522016	4.725967
26322	-7111.315	-7525.144	413.8295	0.2189565	1.451095	4.889342
26328	-7108.548	-7522.115	413.5668	0.2401521	1.502568	4.974405
26334	-7129.174	-7542.393	413.2194	0.2358456	1.478641	5.186776
26340	-7126.598	-7539.897	413.2994	0.2358456	1.439949	5.163879
26346	-7135.677	-7550.558	414.8814	0.2123759	1.404195	4.336203
26352	-7128.63	-7541.774	413.1445	0.2472209	1.365305	5.274005
26358	-7141.822	-7555.036	413.2141	0.2805157	1.44195	5.146579
26364	-7126.742	-7538.791	412.0491	0.285593	1.315102	5.850472
26370	-7151.293	-7563.407	412.1135	0.285593	1.250721	5.850472
26376	-7121.037	-7533.016	411.979	0.239994	1.319598	5.949503
26382	-7134.067	-7546.054	411.9873	0.2354448	1.323569	5.949503
26388	-7115.867	-7528.532	412.6653	0.2544557	1.319886	5.552657
26394	-7119.841	-7534.512	414.6713	0.2888784	1.631822	4.212891
26400	-7123.609	-7539.485	415.8756	0.2561775	1.66964	3.546196
26406	-7125.337	-7538.844	413.5064	0.2670906	1.582496	4.924714
26412	-7120.348	-7535.142	414.7942	0.2637081	1.582496	4.206223
26418	-7111.12	-7524.272	413.1516	0.265822	1.544098	5.144763
26424	-7100.843	-7515.539	414.6958	0.2587316	1.589175	4.265382
26430	-7132.962	-7546.575	413.6131	0.2798404	1.512049	4.886993
26436	-7146.333	-7559.842	413.5083	0.2798404	1.436886	4.987096
26442	-7162.195	-7577.286	415.0904	0.2041144	1.55004	4.148758
26448	-7127.798	-7543.079	415.2803	0.2779129	1.533664	3.936812
26454	-7117.59	-7533.294	415.7045	0.2394165	1.608079	3.706692
26460	-7128.516	-7544.28	415.7641	0.269047	1.709979	3.568606
26466	-7125.711	-7541.549	415.8379	0.269047	1.616044	3.580326
26472	-7127.054	-7542.507	415.4526	0.2639479	1.625823	3.8049
26478	-7131.904	-7547.358	415.4536	0.243055	1.679006	3.8049
26484	-7091.929	-7506.212	414.2832	0.2049076	1.520786	4.619559
26490	-7100.337	-7513.488	413.1506	0.2034093	1.481792	5.273787
26496	-7102.075	-7515.394	413.3199	0.1897025	1.481792	5.203091
26502	-7108.074	-7522.216	414.142	0.2260722	1.511707	4.66982
26508	-7122.43	-7536.332	413.9021	0.214905	1.52728	4.812837
26514	-7092.383	-7507.195	414.8112	0.2664447	1.552233	4.209809
26520	-7085.376	-7500.308	414.9324	0.2278106	1.562961	4.192713
26526	-7094.256	-7509.298	415.0426	0.2210031	1.641053	4.09645
26532	-7099.264	-7515.011	415.7462	0.2210031	1.588339	3.723224
26538	-7100.205	-7516.018	415.8125	0.1988884	1.693297	3.661356
26544	-7096.238	-7512.152	415.9145	0.2509426	1.748806	3.485281
26550	-7120.647	-7536.691	416.044	0.2453354	1.658532	3.470971
26556	-7105.437	-7521.583	416.1459	0.2680371	1.68806	3.359788
26562	-7110.849	-7526.576	415.7266	0.246454	1.567353	3.706613
26568	-7106.953	-7522.359	415.4066	0.2226891	1.577685	3.922037
26574	-7116.566	-7532.398	415.8321	0.2109136	1.677044	3.638915
26580	-7104.574	-7520.385	415.8105	0.2285477	1.659884	3.632455
26586	-7105.335	-7520.465	415.1299	0.2328795	1.553734	4.07769
26592	-7113.863	-7528.527	414.6636	0.2062317	1.661753	4.323851
26598	-7117.607	-7531.526	413.9186	0.2189036	1.506697	4.808746
26604	-7107.457	-7522.894	415.4375	0.2408882	1.602414	3.861511
26610	-7098.413	-7513.779	415.3668	0.2256786	1.677506	3.882831
26616	-7115.954	-7532.008	416.0539	0.2693968	1.677506	3.417921
26622	-7106.074	-7520.076	414.0017	0.2336233	1.529497	4.726743
26628	-7120.605	-7534.582	413.9769	0.2538164	1.500748	4.726743
26634	-7121.711	-7537.473	415.762	0.2487645	1.584433	3.672739
26640	-7130.195	-7546.008	415.8127	0.2939752	1.67837	3.523521
26646	-7127.88	-7544.453	416.573	0.2768784	1.714488	3.078344
26652	-7125.901	-7541.469	415.5686	0.298502	1.55829	3.728586
26658	-7135.549	-7550.466	414.917	0.2537001	1.601698	4.140096
26664	-7135.69	-7550.056	414.3654	0.278913	1.616682	4.408079
26670	-7124.923	-7540.392	415.4684	0.241062	1.697303	3.788873
26676	-7113.144	-7528.727	415.5832	0.2401985	1.675596	3.736556
26682	-7121.958	-7534.358	412.3998	0.2237707	1.592668	5.593958
26688	-7118.244	-7532.679	414.4356	0.2276646	1.620942	4.441104
26694	-7101.804	-7517.833	416.0295	0.251186	1.671396	3.462942
26700	-7114.137	-7530.02	415.8831	0.229489	1.655828	3.591166
26706	-7117.802	-7534.305	416.5027	0.2630441	1.65273	3.177466
26712	-7129.204	-7545.216	416.0113	0.2288663	1.756088	3.45905
26718	-7102.773	-7517.463	414.6908	0.2599758	1.527733	4.3012
26724	-7115.436	-7530.315	414.8798	0.2434416	1.534458	4.214695
26730	-7106.498	-7521.368	414.8705	0.2529066	1.518882	4.214695
26736	-7113.691	-7527.811	414.1205	0.2776128	1.495451	4.615722
26742	-7125.743	-7540.977	415.2344	0.2593117	1.502239	4.007654
26748	-7105.544	-7518.909	413.3653	0.2593117	1.387305	5.122346
26754	-7115.166	-7529.511	414.3445	0.2485035	1.465929	4.54799
26760	-7105.097	-7518.783	413.6865	0.2946909	1.410995	4.88255
26766	-7136.159	-7549.484	413.3248	0.2934807	1.325481	5.132586
26772	-7120.413	-7533.698	413.2847	0.272057	1.417397	5.132586
26778	-7118.247	-7532.361	414.1144	0.2542172	1.433014	4.687129
26784	-7113.849	-7529.307	415.4582	0.2743736	1.656341	3.769088
26790	-7134.434	-7548.794	414.3604	0.2643952	1.526195	4.482147
26796	-7123.317	-7537.463	414.1458	0.2598387	1.474081	4.638449
26802	-7105.634	-7519.8	414.1651	0.2653844	1.499544	4.605438
26808	-7118.919	-7533.623	414.7044	0.2967608	1.545801	4.232321
26814	-7100.665	-7515.444	414.7794	0.2549535	1.603642	4.215312
26820	-7126.444	-7540.925	414.4808	0.2672172	1.588576	4.37512
26826	-7112.749	-7528.282	415.5332	0.3043214	1.647735	3.689544
26832	-7115.218	-7530.689	415.4709	0.2741203	1.647735	3.767117
26838	-7115.037	-7530.632	415.5957	0.282856	1.586641	3.717999
26844	-7123.852	-7539.78	415.9274	0.2660972	1.717753	3.473219
26850	-7126.114	-7542.402	416.2886	0.243977	1.714745	3.296614
26856	-7122.263	-7538.278	416.0157	0.2524649	1.610731	3.504494
26862	-7105.891	-7521.139	415.2483	0.2872223	1.58311	3.913912
26868	-7101.784	-7516.856	415.0721	0.2426135	1.654044	4.038521
26874	-7106.84	-7521.64	414.8006	0.2789506	1.587127	4.178448
26880	-7102.32	-7516.57	414.2494	0.2789506	1.511856	4.532352
26886	-7108.294	-7523.209	414.9149	0.2727504	1.488957	4.177931
26892	-7141.058	-7555.806	414.7485	0.2849325	1.625669	4.177931
26898	-7125.582	-7541.612	416.0297	0.2948476	1.680413	3.394289
26904	-7128.152	-7539.761	411.6088	0.2598323	1.62402	5.957067
26910	-7125.611	-7539	413.3895	0.2840961	1.425465	5.053667
26916	-7139.157	-7552.388	413.2305	0.249334	1.433421	5.185784
26922	-7125.099	-7541.667	416.5678	0.2557338	1.794473	3.065379
26928	-7139.076	-7555.732	416.6564	0.2608564	1.794473	3.004517
26934	-7109.647	-7525.88	416.2324	0.2610901	1.712005	3.305122
26940	-7106.279	-7522.913	416.6343	0.2242557	1.742789	3.106929
26946	-7099.142	-7516.173	417.031	0.2278629	1.847299	2.799175
26952	-7112.351	-7529.407	417.0552	0.2647168	1.844537	2.726645
26958	-7105.423	-7522.063	416.6407	0.2647168	1.811541	2.997852
26964	-7091.751	-7508.549	416.7977	0.2400063	1.728501	2.991977
26970	-7100.553	-7516.936	416.3826	0.2754898	1.765197	3.163526
26976	-7097.841	-7514.474	416.6322	0.2757319	1.718343	3.042306
26982	-7113.942	-7529.673	415.7309	0.2459056	1.67184	3.644498
26988	-7103.346	-7519.138	415.791	0.2470007	1.66414	3.612425
26994	-7117.204	-7532.885	415.681	0.2471182	1.635592	3.692536
27000	-7112.168	-7527.013	414.8452	0.2471182	1.464371	4.268546
27006	-7108.449	-7523.154	414.7048	0.2289642	1.447284	4.385191
27012	-7130.338	-7543.59	413.252	0.2631872	1.455144	5.142096
27018	-7111.238	-7525.958	414.7208	0.2631872	1.507335	4.291129
27024	-7111.074	-7526.614	415.5403	0.2618173	1.624948	3.757965
27030	-7113.397	-7530.243	416.8465	0.2564461	1.789185	2.900038
27036	-7110.831	-7528.203	417.3713	0.2293724	1.882797	2.565628
27042	-7108.368	-7525.74	417.3716	0.2407696	1.914239	2.526644
27048	-7101.951	-7519.469	417.5181	0.2480018	1.913629	2.423206
27054	-7100.963	-7518.776	417.8133	0.2257466	1.946062	2.253069
27060	-7111.998	-7529.727	417.7285	0.2459792	1.975963	2.253069
27066	-7108.472	-7526.082	417.6101	0.2273262	1.810295	2.46536
27072	-7116.674	-7534.232	417.5581	0.2396059	1.874003	2.436979
27078	-7121.061	-7538.248	417.1868	0.2602616	1.915624	2.608927
27084	-7125.161	-7542.754	417.5927	0.2266216	1.915624	2.411308
27090	-7119.564	-7537.023	417.459	0.2099391	1.932617	2.514236
27096	-7114.414	-7531.738	417.3234	0.2262152	1.944234	2.562627
27102	-7120.531	-7537.836	417.3053	0.2457131	1.811745	2.623209
27108	-7108.456	-7525.816	417.3591	0.2103217	1.862345	2.619208
27114	-7119.257	-7533.8	414.5429	0.2556506	1.549578	4.378712
27120	-7114.254	-7529.316	415.0627	0.2556506	1.560999	4.077435
27126	-7110.78	-7525.94	415.1598	0.2738776	1.514423	4.022411
27132	-7102.754	-7518.725	415.9708	0.282072	1.605216	3.49059
27138	-7127.657	-7543.272	415.6157	0.2803734	1.62572	3.687373
27144	-7131.407	-7546.401	414.9948	0.2586658	1.607753	4.085081
27150	-7117.578	-7532.621	415.0428	0.2586658	1.591011	4.067265
27156	-7123.566	-7539.346	415.7807	0.2640085	1.623529	3.616542
27162	-7105.388	-7521.323	415.9353	0.228241	1.68971	3.543112
27168	-7111.986	-7527.54	415.5543	0.228241	1.671293	3.774453
27174	-7126.614	-7541.322	414.7087	0.2436039	1.579852	4.285664
27180	-7116.849	-7532.65	415.8013	0.2597896	1.619906	3.612913
27186	-7126.092	-7541.89	415.7975	0.2695343	1.678861	3.566561
27192	-7110.759	-7526.703	415.9442	0.2596779	1.656846	3.508444
27198	-7104.241	-7520.065	415.8247	0.2415107	1.678929	3.592779
27204	-7119.234	-7535.618	416.3833	0.2354275	1.678929	3.275386
27210	-7112.447	-7527.965	415.5185	0.2644449	1.636882	3.759856
27216	-7116.751	-7532.451	415.7005	0.2460319	1.653075	3.672769
27222	-7118.093	-7533.462	415.369	0.2288057	1.563956	3.941691
27228	-7125.519	-7540.726	415.2067	0.292557	1.559849	3.943795
27234	-7129.507	-7545.157	415.6504	0.2202409	1.559849	3.796162
27240	-7120.218	-7535.236	415.0176	0.2453528	1.524979	4.138932
27246	-7100.319	-7514.39	414.0711	0.2271952	1.564361	4.678316
27252	-7093.437	-7507.832	414.3943	0.221003	1.496402	4.544864
27258	-7112.706	-7525.68	412.9746	0.2601087	1.43734	5.309631
27264	-7112.32	-7525.098	412.7779	0.2502952	1.405421	5.449613
27270	-7129.38	-7541.554	412.1742	0.2636703	1.40196	5.764052
27276	-7132.461	-7542.482	410.0212	0.23719	1.31333	7.017894
27282	-7124.234	-7541.015	416.7814	0.2172868	1.830656	2.978071
27288	-7128.743	-7545.661	416.9184	0.2247275	1.77085	2.918994
27294	-7125.125	-7539.544	414.4186	0.2590776	1.535316	4.45189
27300	-7152.571	-7568.419	415.8476	0.249293	1.702055	3.55403
27306	-7141.894	-7558.506	416.6117	0.2289554	1.712259	3.130785
27312	-7127.675	-7543.178	415.5034	0.2428355	1.653949	3.790981
27318	-7105.689	-7520.591	414.9012	0.2323063	1.574012	4.197152
27324	-7111.998	-7526.768	414.7699	0.2825346	1.576215	4.197152
27330	-7119.241	-7534.596	415.3547	0.2433161	1.666785	3.868391
27336	-7128.242	-7544.393	416.1516	0.2816309	1.722444	3.316519
27342	-7120.312	-7536.478	416.1668	0.3303754	1.756704	3.221056
27348	-7122.348	-7538.17	415.8222	0.2670587	1.756704	3.510452
27354	-7117.168	-7531.589	414.4214	0.2523359	1.530537	4.462779
27360	-7135.341	-7549.87	414.5299	0.2365376	1.553583	4.412245
27366	-7132.119	-7546.918	414.7988	0.2495978	1.470041	4.287906
27372	-7128.701	-7542.366	413.6653	0.2241689	1.449489	4.973464
27378	-7129.993	-7543.828	413.8346	0.2277862	1.525878	4.831029
27384	-7122.871	-7535.594	412.7228	0.207799	1.545568	5.467374
27390	-7121.686	-7535.897	414.2113	0.2510606	1.468148	4.617761
27396	-7117.96	-7532.137	414.177	0.2710268	1.468194	4.608458
27402	-7120.198	-7536.308	416.1104	0.2809141	1.665037	3.375531
27408	-7115.252	-7530.271	415.0189	0.2809141	1.619684	4.032922
27414	-7122.871	-7538.495	415.6241	0.2359264	1.683265	3.715135
27420	-7141.179	-7557.611	416.4322	0.2359264	1.797952	3.175256
27426	-7112.874	-7530.692	417.8177	0.2608112	1.941256	2.193108
27432	-7108.297	-7525.376	417.0782	0.2545882	1.895226	2.697328
27438	-7117.677	-7535.218	417.5412	0.2897063	1.994213	2.29119
27444	-7121.162	-7538.416	417.2541	0.2657881	1.930725	2.549115
27450	-7119.639	-7536.928	417.2894	0.2554029	1.921859	2.549115
27456	-7121.321	-7538.983	417.6615	0.2078483	1.921859	2.397667
27462	-7136.696	-7554.633	417.9374	0.1936125	1.996205	2.200939
27468	-7116.648	-7534.482	417.834	0.2356497	1.996205	2.189804
27474	-7139.597	-7557.272	417.6751	0.242304	1.989162	2.285123
27480	-7125.794	-7538.788	412.9945	0.2544414	1.424909	5.313531
27486	-7127.808	-7543.73	415.9221	0.218846	1.533473	3.656796
27492	-7116.903	-7533.201	416.2983	0.2297387	1.669674	3.340074
27498	-7123.624	-7539.315	415.6916	0.2560134	1.663047	3.657132
27504	-7119.154	-7534.986	415.832	0.2210724	1.691473	3.613763
27510	-7132.683	-7548.156	415.4733	0.2594504	1.631555	3.796237
27516	-7124.925	-7540.115	415.1895	0.2442159	1.589387	4.005982
27522	-7144.391	-7560.152	415.761	0.213258	1.664919	3.683161
27528	-7122.586	-7538.556	415.9695	0.2098163	1.659045	3.571444
27534	-7107.919	-7523.838	415.9183	0.2371533	1.643098	3.565946
27540	-7113.996	-7529.998	416.0022	0.2584519	1.624214	3.495519
27546	-7107.3	-7523.849	416.5494	0.2690456	1.706165	3.108901
27552	-7105.743	-7521.908	416.1657	0.2504997	1.634205	3.406054
27558	-7121.971	-7537.621	415.6497	0.2206939	1.62621	3.75762
27564	-7127.166	-7543.2	416.0339	0.2338648	1.653478	3.497777
27570	-7108.049	-7524.695	416.6461	0.2422469	1.724576	3.08151
27576	-7115.798	-7531.549	415.7515	0.2311933	1.689319	3.645409
27582	-7112.053	-7528.643	416.5899	0.2388313	1.699446	3.1354
27588	-7115.976	-7532.534	416.5579	0.2386922	1.731806	3.1354
27594	-7125.555	-7541.817	416.2616	0.2244345	1.731806	3.33375
27600	-7101.544	-7517.811	416.2668	0.2482484	1.662142	3.33375
27606	-7098.776	-7514.441	415.6648	0.238781	1.601256	3.73457
27612	-7117.019	-7532.294	415.2756	0.2534401	1.514363	3.985788
27618	-7140.396	-7555.563	415.1675	0.2518783	1.62656	3.985788
27624	-7105.045	-7517.243	412.198	0.2556206	1.385196	5.771479
27630	-7118.922	-7531.89	412.9683	0.2796727	1.305138	5.359156
27636	-7119.769	-7531.071	411.3018	0.2707848	1.396208	6.23334
27642	-7110.404	-7521.765	411.3609	0.2344635	1.275337	6.318208
27648	-7125.89	-7535.491	409.6013	0.2648299	1.341995	7.189539
27654	-7124.367	-7535.481	411.1136	0.282255	1.314617	6.364582
27660	-7098.618	-7509.762	411.1433	0.282255	1.284892	6.364582
27666	-7121.337	-7534.585	413.2489	0.2859371	1.46973	5.104655
27672	-7130.384	-7543.253	412.8699	0.2828667	1.45381	5.327157
27678	-7124.809	-7538.27	413.4613	0.2612746	1.423581	5.046263
27684	-7111.885	-7525.708	413.8224	0.2422521	1.502851	4.828791
27690	-7135.721	-7550.663	414.9419	0.2412966	1.553198	4.17202
27696	-7125.843	-7540.761	414.9178	0.2367424	1.589604	4.17202
27702	-7169.657	-7582.201	412.5439	0.2303119	1.362662	5.631162
27708	-7171.081	-7584.349	413.2672	0.2261735	1.397532	5.219869
27714	-7138.45	-7552.763	414.3128	0.3151618	1.597839	4.400382
27720	-7113.321	-7528.025	414.7038	0.2725741	1.569568	4.252226
27726	-7105.363	-7518.86	413.4971	0.2716188	1.513286	4.962087
27732	-7114.997	-7527.629	412.6321	0.2716188	1.354925	5.527751
27738	-7114.566	-7526.869	412.3031	0.2648413	1.387589	5.699732
27744	-7110.18	-7523.917	413.737	0.2891139	1.39499	4.870686
27750	-7123.026	-7536.732	413.7059	0.2459444	1.47348	4.904644
27756	-7120.874	-7534.984	414.1109	0.2621274	1.475706	4.65383
27762	-7143.081	-7554.593	411.5118	0.2491084	1.302424	6.200239
27768	-7145.617	-7556.945	411.3288	0.2511308	1.409468	6.238676
27774	-7141.402	-7551.977	410.5746	0.257699	1.303128	6.69582
27780	-7136.94	-7547.879	410.9382	0.2383707	1.421873	6.462271
27786	-7134.871	-7548.486	413.6155	0.2411566	1.400821	5.002386
27792	-7116.346	-7529.505	413.1594	0.2719018	1.489813	5.162062
27798	-7136.552	-7549.789	413.2364	0.2719018	1.412793	5.162062
27804	-7118.389	-7531.57	413.1803	0.2575526	1.505125	5.162062
27810	-7124.871	-7537.854	412.9831	0.2758241	1.438024	5.282862
27816	-7111.726	-7525.054	413.3279	0.2760892	1.439223	5.091009
27822	-7102.014	-7515.572	413.5577	0.2395351	1.506166	4.978376
27828	-7122.804	-7536.822	414.0175	0.2794177	1.587088	4.619636
27834	-7130.842	-7543.019	412.177	0.273875	1.339204	5.782931
27840	-7114.886	-7527.723	412.8366	0.2775875	1.472852	5.342073
27846	-7119.437	-7532.822	413.3852	0.2765966	1.409338	5.075145
27852	-7113.009	-7526.433	413.4239	0.2590772	1.414486	5.075145
27858	-7134.81	-7547.861	413.0513	0.2590772	1.453549	5.259776
27864	-7125.053	-7539.233	414.1799	0.2799794	1.603371	4.518565
27870	-7129.948	-7543.02	413.0713	0.2510126	1.479577	5.245852
27876	-7123.233	-7537.029	413.7963	0.2625503	1.479577	4.826911
27882	-7134.587	-7548.286	413.6986	0.2593145	1.502985	4.872913
27888	-7141.904	-7555.61	413.7059	0.2657705	1.479298	4.872913
27894	-7131.762	-7546.163	414.4005	0.2490931	1.478393	4.508615
27900	-7130.503	-7545.127	414.6244	0.2551426	1.494689	4.36443
