Iteration	Posterior	Likelihood	Prior	rate01	rate_log_sd	tree_length
0	-7089.562	-7504.445	414.8831	0.2647264	1.542781	4.176844
6	-7108.202	-7523.092	414.8899	0.2599051	1.548193	4.176844
12	-7144.164	-7557.618	413.4534	0.2633151	1.446721	5.034891
18	-7110.369	-7523.778	413.4097	0.2671122	1.508766	5.019428
24	-7123.904	-7539.749	415.8454	0.2434975	1.705524	3.562163
30	-7129.95	-7544.922	414.9715	0.2392454	1.556231	4.156608
36	-7119.996	-7533.608	413.6125	0.2321207	1.415883	5.009261
42	-7115.137	-7527.697	412.5595	0.2627949	1.390893	5.560027
48	-7112.43	-7525.635	413.2055	0.2659776	1.409072	5.189449
54	-7107.416	-7520.276	412.8604	0.2659776	1.411244	5.378836
60	-7106.605	-7518.614	412.0089	0.2692268	1.364596	5.867283
66	-7122.34	-7534.246	411.9064	0.3119134	1.384767	5.856779
72	-7130.499	-7544.848	414.3488	0.2388471	1.595291	4.487224
78	-7144.7	-7559.327	414.6273	0.2252962	1.549428	4.377042
84	-7132.031	-7546.867	414.8363	0.2401298	1.517673	4.253906
90	-7124.435	-7538.411	413.9766	0.284703	1.457798	4.707751
96	-7116.823	-7529.876	413.0532	0.2946461	1.360467	5.26196
102	-7119.087	-7533.536	414.4492	0.2709549	1.524134	4.424075
108	-7131.217	-7545.04	413.8236	0.2598624	1.483376	4.813351
114	-7132.515	-7545.722	413.2074	0.2532511	1.415583	5.202749
120	-7139.972	-7553.368	413.3956	0.2532511	1.388543	5.113557
126	-7136.744	-7552.777	416.033	0.1971161	1.578105	3.60339
132	-7127.383	-7543.422	416.0398	0.2635944	1.606064	3.476515
138	-7106.923	-7522.214	415.2906	0.2308065	1.606064	3.959287
144	-7113.381	-7528.254	414.8739	0.2524906	1.598862	4.168006
150	-7106.811	-7521.946	415.1349	0.2430112	1.61762	4.022849
156	-7115.457	-7531.46	416.0022	0.2714944	1.61762	3.480141
162	-7110.731	-7526.348	415.6165	0.2726216	1.61762	3.702565
168	-7096.234	-7511.868	415.6336	0.2753324	1.678828	3.653401
174	-7101.875	-7517.329	415.4541	0.2698987	1.616046	3.801048
180	-7110.247	-7525.398	415.1504	0.2439042	1.569756	4.039978
186	-7120.528	-7534.034	413.5053	0.2551734	1.569756	4.949279
192	-7115.186	-7528.698	413.5126	0.2633966	1.437376	5.007136
198	-7130.927	-7543.655	412.728	0.2816156	1.51287	5.3745
204	-7115.551	-7530.365	414.8143	0.2516708	1.557056	4.226773
210	-7114.366	-7529.455	415.0887	0.2429632	1.563799	4.079981
216	-7114.274	-7528.908	414.6341	0.2745415	1.563439	4.292395
222	-7115.12	-7529.83	414.7103	0.2655091	1.509768	4.292395
228	-7108.821	-7523.409	414.5873	0.2962688	1.607996	4.264094
234	-7120.542	-7535.735	415.1936	0.236004	1.606151	4.006592
240	-7113.635	-7527.096	413.4613	0.2711378	1.483376	4.999287
246	-7115.527	-7529.95	414.423	0.2634701	1.508665	4.458091
252	-7114.938	-7529.913	414.9752	0.2776618	1.607267	4.069433
258	-7121.568	-7536.786	415.2178	0.252465	1.490536	4.033894
264	-7116.197	-7532.393	416.1952	0.2299548	1.815894	3.314361
270	-7118.158	-7532.4	414.2421	0.2260308	1.571226	4.58041
276	-7114.925	-7529.431	414.5054	0.2330773	1.578225	4.417463
282	-7131.429	-7547.009	415.5801	0.2906069	1.740007	3.627518
288	-7104.882	-7520.1	415.2183	0.2119202	1.64917	4.00641
294	-7107.395	-7523.111	415.7156	0.2624376	1.646479	3.643292
300	-7100.781	-7516.459	415.6778	0.2674634	1.671565	3.643292
306	-7108.041	-7523.975	415.9345	0.2703593	1.654661	3.499697
312	-7116.224	-7532.204	415.9801	0.2636066	1.668462	3.474894
318	-7106.05	-7522.159	416.1089	0.2685346	1.732189	3.354852
324	-7108.26	-7521.922	413.6617	0.2267718	1.493753	4.946808
330	-7096.256	-7509.533	413.2767	0.2409499	1.482489	5.145278
336	-7111.427	-7525.024	413.5975	0.2768435	1.490607	4.911673
342	-7098.488	-7512.373	413.8851	0.2373645	1.438956	4.836774
348	-7104.443	-7517.563	413.1199	0.2643739	1.438956	5.222502
354	-7117.525	-7530.996	413.4704	0.2600466	1.457379	5.024137
360	-7108.524	-7523.218	414.6937	0.2713576	1.589063	4.248605
366	-7120.69	-7535.864	415.1735	0.2907747	1.571056	3.958792
372	-7123.113	-7537.979	414.8662	0.2487256	1.632233	4.158998
378	-7125.8	-7540.281	414.4805	0.2550172	1.629707	4.369596
384	-7128.452	-7543.047	414.5951	0.2548304	1.515616	4.369596
390	-7118.488	-7532.09	413.6015	0.2277328	1.482243	4.98519
396	-7120.55	-7534.615	414.0656	0.2152478	1.500381	4.735999
402	-7120.778	-7535.094	414.3156	0.258602	1.553683	4.500204
408	-7116.251	-7529.914	413.6628	0.2172377	1.478786	4.969399
414	-7124.588	-7537.696	413.1085	0.2492927	1.567391	5.179184
420	-7127.329	-7539.764	412.435	0.2093119	1.655772	5.562579
426	-7116.477	-7528.96	412.4831	0.2095047	1.580364	5.577305
432	-7116.959	-7527.598	410.6387	0.2339076	1.427304	6.628008
438	-7107.089	-7518.591	411.5017	0.2296729	1.534455	6.107871
444	-7135.338	-7548.104	412.7652	0.2448082	1.333112	5.504355
450	-7115.108	-7527.507	412.3988	0.2222251	1.45289	5.673593
456	-7113.475	-7526.435	412.9606	0.2508031	1.427004	5.336334
462	-7122.956	-7535.432	412.4762	0.3028977	1.42711	5.532544
468	-7113.729	-7527.49	413.7613	0.2598406	1.394124	4.897893
474	-7140.752	-7552.31	411.5577	0.2310742	1.402764	6.146974
480	-7130.581	-7543.422	412.8414	0.2986314	1.370044	5.368384
486	-7142.535	-7555.465	412.9306	0.278947	1.409149	5.323539
492	-7117.785	-7530.458	412.6737	0.2410616	1.448092	5.496892
498	-7136.015	-7548.232	412.2167	0.2410616	1.539086	5.697847
504	-7134.372	-7544.73	410.3574	0.2098692	1.575772	6.736305
510	-7114.337	-7525.825	411.4884	0.246419	1.512101	6.102711
516	-7124.2	-7535.439	411.2388	0.2327876	1.407496	6.315199
522	-7117.945	-7528.741	410.7962	0.2634857	1.336152	6.550126
528	-7122.983	-7534.856	411.873	0.2732339	1.347792	5.945294
534	-7115.627	-7530.89	415.2628	0.2417329	1.631059	3.943977
540	-7113.112	-7526.975	413.8629	0.2540082	1.398893	4.846976
546	-7119.357	-7531.145	411.7876	0.240491	1.391171	6.014118
552	-7122.753	-7534.601	411.8476	0.236985	1.340601	6.014118
558	-7107.917	-7520.965	413.0474	0.2263414	1.340601	5.372402
564	-7109.578	-7523.696	414.1183	0.2263414	1.446863	4.718986
570	-7118.444	-7532.958	414.5137	0.2147537	1.534898	4.466041
576	-7131.869	-7545.358	413.4888	0.2317158	1.466699	5.050349
582	-7116.468	-7530.496	414.0284	0.2569351	1.456016	4.718453
588	-7120.241	-7534.171	413.9299	0.2446165	1.57934	4.722547
594	-7122.368	-7536.677	414.3087	0.2370566	1.541665	4.542657
600	-7132.804	-7546.617	413.8123	0.228633	1.555483	4.825689
606	-7139.804	-7553.432	413.6283	0.22488	1.460349	4.986862
612	-7133.508	-7546.625	413.1167	0.2406472	1.522912	5.211947
618	-7128.267	-7542.201	413.9345	0.2406472	1.519665	4.759209
624	-7121.483	-7533.534	412.0509	0.2835758	1.438013	5.784888
630	-7131.084	-7544.748	413.6646	0.2354428	1.468438	4.946037
636	-7123.749	-7537.356	413.6071	0.2611538	1.469799	4.939746
642	-7113.148	-7526.218	413.0698	0.2611538	1.497719	5.222191
648	-7142.584	-7554.703	412.1193	0.2465008	1.370237	5.835705
654	-7127.623	-7539.698	412.0755	0.2319856	1.453012	5.835705
660	-7131.559	-7544.198	412.6389	0.2454012	1.516246	5.472194
666	-7114.363	-7527.909	413.5458	0.2471638	1.505746	4.973958
672	-7133.874	-7547.595	413.7213	0.2546696	1.557361	4.83661
678	-7108.574	-7522.42	413.8462	0.2622042	1.59031	4.737679
684	-7129.587	-7543.569	413.9828	0.2517369	1.527854	4.71129
690	-7112.388	-7526.162	413.7737	0.2417994	1.495966	4.860449
696	-7113.885	-7527.151	413.2655	0.2464168	1.537402	5.11303
702	-7123.14	-7537.435	414.2945	0.2563254	1.471221	4.561669
708	-7127.848	-7539.706	411.8584	0.2089623	1.360887	6.040016
714	-7123.298	-7535.466	412.1679	0.2452456	1.378092	5.806655
720	-7113.695	-7526.113	412.4177	0.2132368	1.513968	5.643706
726	-7132.961	-7544.098	411.1371	0.2253218	1.423015	6.373153
732	-7132.425	-7545.63	413.2049	0.3033791	1.329023	5.184163
738	-7148.795	-7562.265	413.47	0.2980749	1.512059	4.942404
744	-7132.909	-7547.115	414.2062	0.2771789	1.477646	4.578239
750	-7107.389	-7522.086	414.6974	0.2702602	1.503405	4.296546
756	-7115.563	-7530.47	414.9072	0.2702602	1.507432	4.175316
762	-7116.183	-7530.182	413.999	0.3091432	1.502996	4.63781
768	-7132.016	-7544.672	412.6563	0.2638472	1.440699	5.477957
774	-7126.206	-7540.959	414.7529	0.2733157	1.491796	4.267407
780	-7103.993	-7517.315	413.3225	0.2681086	1.434	5.10789
786	-7104.978	-7518.223	413.2448	0.2355438	1.446343	5.19104
792	-7100.914	-7515.531	414.6177	0.2231105	1.509515	4.408438
798	-7098.412	-7513.003	414.5908	0.2327644	1.56836	4.37532
804	-7107.178	-7522.411	415.2332	0.2391782	1.549454	4.011509
810	-7117.863	-7533.032	415.1693	0.2391782	1.613295	4.011509
816	-7130.919	-7546.275	415.3558	0.2391782	1.638643	3.890248
822	-7120.162	-7535.428	415.2666	0.2523354	1.742	3.86216
828	-7109.365	-7525.082	415.7167	0.2440064	1.714877	3.630727
834	-7119.733	-7535.601	415.8677	0.2423669	1.73025	3.536538
840	-7133.524	-7549.552	416.0277	0.2602264	1.817209	3.36492
846	-7133.139	-7549.316	416.1772	0.2991417	1.72426	3.275802
852	-7120.597	-7536.04	415.4432	0.2663256	1.616925	3.812003
858	-7119.594	-7535.273	415.679	0.2434899	1.697688	3.663323
864	-7110.197	-7526.472	416.2753	0.2436036	1.697688	3.315085
870	-7117.396	-7533.756	416.3597	0.2298806	1.705134	3.282771
876	-7102.847	-7518.658	415.8116	0.2499808	1.663562	3.596287
882	-7111.878	-7526.913	415.035	0.2708079	1.660868	4.014383
888	-7111.834	-7525.519	413.6843	0.2923679	1.579983	4.792635
894	-7121.153	-7535.603	414.4505	0.2518686	1.561558	4.429576
900	-7127.734	-7541.104	413.3697	0.2518686	1.502845	5.066498
906	-7119.934	-7533.967	414.0329	0.2355849	1.502845	4.721226
912	-7115.372	-7531.826	416.4537	0.2441402	1.730174	3.189605
918	-7117.211	-7532.641	415.4295	0.3107492	1.653684	3.737454
924	-7127.377	-7539.27	411.8929	0.2542488	1.329564	5.970577
930	-7129.601	-7540.444	410.843	0.2516078	1.305527	6.557879
936	-7116.519	-7528.849	412.3305	0.2580862	1.395926	5.689505
942	-7096.641	-7509.425	412.784	0.2309814	1.446119	5.452306
948	-7112.984	-7525.525	412.5405	0.2295044	1.292532	5.672716
954	-7121.941	-7535.213	413.2712	0.24621	1.383872	5.195223
960	-7148.413	-7564.185	415.7725	0.2841958	1.645079	3.579869
966	-7159.427	-7575.137	415.7106	0.3365497	1.587464	3.579869
972	-7130.976	-7545.472	414.4963	0.2851426	1.599134	4.335526
978	-7135.202	-7549.069	413.867	0.2705849	1.576469	4.722037
984	-7131.228	-7545.823	414.5947	0.2976692	1.371761	4.391599
990	-7096.411	-7508.996	412.585	0.2565537	1.380604	5.560424
996	-7107.966	-7521.256	413.2895	0.2494837	1.433269	5.152979
1002	-7119.94	-7534.706	414.7668	0.2494837	1.606251	4.229019
1008	-7137.365	-7552.339	414.9734	0.2137341	1.634099	4.151566
1014	-7112.107	-7528.072	415.9654	0.2057161	1.62031	3.603278
1020	-7112.552	-7528.545	415.9932	0.1872627	1.599056	3.631823
1026	-7107.18	-7521.923	414.7434	0.2205051	1.546708	4.320581
1032	-7106.684	-7520.377	413.6925	0.2198941	1.499119	4.937372
1038	-7108.158	-7521.141	412.9824	0.2557702	1.399521	5.332349
1044	-7106.816	-7521.197	414.3808	0.2500647	1.574906	4.46395
1050	-7138.243	-7551.902	413.6587	0.236522	1.478292	4.942223
1056	-7130.404	-7544.424	414.0194	0.2450344	1.422846	4.759328
1062	-7135.32	-7549.21	413.8896	0.2117777	1.443146	4.871736
1068	-7126.518	-7541.75	415.2319	0.237553	1.60823	3.981125
1074	-7119.343	-7534.888	415.5443	0.245593	1.537555	3.830232
1080	-7120.89	-7536.597	415.7073	0.2135728	1.575874	3.765083
1086	-7120.345	-7536.751	416.4068	0.2158635	1.637859	3.31786
1092	-7148.963	-7563.676	414.7134	0.271239	1.66294	4.195712
1098	-7143.872	-7559.538	415.6656	0.2914403	1.699951	3.600011
1104	-7127.464	-7543.497	416.0325	0.2676578	1.77228	3.377465
1110	-7116.334	-7531.46	415.1258	0.2510042	1.685416	3.977245
1116	-7129.046	-7544.375	415.3297	0.2910215	1.684485	3.803712
1122	-7118.036	-7533.34	415.3033	0.2619556	1.673665	3.866135
1128	-7111.297	-7526.213	414.9154	0.2676719	1.593954	4.125145
1134	-7122.585	-7537.227	414.6411	0.2730114	1.587612	4.276912
1140	-7107.75	-7522.939	415.189	0.2896528	1.65869	3.901262
1146	-7107.539	-7522.142	414.6034	0.2482204	1.515995	4.374437
1152	-7101.672	-7517.109	415.4377	0.2462022	1.619248	3.843592
1158	-7112.019	-7527.709	415.6896	0.2462022	1.634929	3.689321
1164	-7112.664	-7528.267	415.6027	0.2387165	1.602662	3.769671
1170	-7120.669	-7536.77	416.1003	0.2305575	1.709819	3.43133
1176	-7109.185	-7525.267	416.0817	0.2373983	1.709819	3.43133
1182	-7099.877	-7516.496	416.6198	0.2274594	1.710666	3.129398
1188	-7099.54	-7515.883	416.3433	0.2732787	1.746124	3.201378
1194	-7117.033	-7534.012	416.979	0.2605479	1.758753	2.831849
1200	-7108.507	-7525.647	417.1394	0.2575025	1.818529	2.70225
1206	-7112.715	-7529.621	416.9063	0.2533015	1.855532	2.828546
1212	-7134.741	-7551.622	416.8813	0.2168374	1.809493	2.93146
1218	-7134.295	-7550.873	416.5777	0.2297541	1.823633	3.0834
1224	-7115.37	-7532.498	417.1281	0.2570712	1.82578	2.705449
1230	-7109.378	-7526.391	417.0125	0.2570712	1.83598	2.769884
1236	-7126.524	-7543.432	416.908	0.2842825	1.847431	2.785354
1242	-7115.094	-7532.786	417.6917	0.2207687	1.918735	2.357056
1248	-7107.089	-7524.815	417.7254	0.2100227	1.918735	2.355191
1254	-7101.529	-7519.518	417.9882	0.2188827	2.045224	2.087491
1260	-7114.486	-7532.328	417.8419	0.2446231	2.030482	2.14676
1266	-7111.623	-7529.349	417.7263	0.2427707	1.994613	2.248013
1272	-7104.001	-7522.032	418.0315	0.2235738	2.057184	2.042313
1278	-7095.808	-7513.808	417.9997	0.229502	2.009619	2.083822
1284	-7140.274	-7555.872	415.5987	0.2613139	1.580003	3.750993
1290	-7121.059	-7534.81	413.7511	0.298835	1.460804	4.81338
1296	-7134.122	-7548.786	414.6636	0.2829559	1.527444	4.284455
1302	-7124.045	-7538.544	414.499	0.2829559	1.556242	4.36125
1308	-7117.258	-7531.581	414.3224	0.2759679	1.491066	4.507112
1314	-7123.645	-7537.42	413.7751	0.3387134	1.430958	4.7667
1320	-7154.223	-7568.046	413.8228	0.2801464	1.517251	4.7667
1326	-7140.311	-7555.017	414.7068	0.2609158	1.5481	4.279251
1332	-7134.248	-7549.679	415.4308	0.2854839	1.55047	3.830243
1338	-7105.62	-7520.076	414.4559	0.2876756	1.542666	4.386821
1344	-7113.11	-7529.778	416.6681	0.2496443	1.705681	3.067951
1350	-7117.479	-7534.301	416.8218	0.2494132	1.81168	2.912433
1356	-7122.972	-7539.574	416.6017	0.2504398	1.791616	3.055064
1362	-7106.043	-7522.634	416.5916	0.2296646	1.803289	3.087352
1368	-7098.241	-7514.595	416.3537	0.2664713	1.788804	3.179999
1374	-7106.899	-7523.776	416.8771	0.2472649	1.842154	2.86395
1380	-7104.576	-7521.275	416.6986	0.2139007	1.767203	3.0715
1386	-7115.074	-7531.195	416.1209	0.2442447	1.79532	3.347459
1392	-7135.434	-7550.335	414.9002	0.2794889	1.539113	4.148391
1398	-7153.176	-7568.077	414.9006	0.2345099	1.5152	4.227418
1404	-7104.14	-7520.83	416.69	0.2376912	1.705862	3.073761
1410	-7117.145	-7533.733	416.5879	0.2596855	1.70681	3.099693
1416	-7120.907	-7537.076	416.1689	0.3053393	1.719043	3.275305
1422	-7139.869	-7554.957	415.0884	0.2618683	1.584046	4.0406
1428	-7164.685	-7579.783	415.0975	0.2535975	1.596116	4.0406
1434	-7107.919	-7524.12	416.2007	0.2204261	1.753448	3.363432
1440	-7113.018	-7529.118	416.0996	0.2468091	1.686136	3.420021
1446	-7105.863	-7522.319	416.4561	0.2311889	1.717221	3.21654
1452	-7115.253	-7531.149	415.896	0.2544907	1.711134	3.512699
1458	-7125.154	-7540.155	415.0007	0.2951635	1.526272	4.077137
1464	-7142.134	-7555.994	413.8604	0.2396117	1.461476	4.834603
1470	-7117.586	-7533.485	415.8985	0.2023733	1.616387	3.650082
1476	-7117.193	-7531.878	414.6846	0.2588493	1.616387	4.256136
1482	-7135.071	-7549.432	414.3618	0.2349913	1.625244	4.468949
1488	-7127.268	-7541.198	413.9305	0.2311725	1.696712	4.67679
1494	-7111.803	-7523.303	411.5006	0.2311725	1.381361	6.189566
1500	-7131.716	-7546.993	415.2767	0.2375642	1.663536	3.923808
1506	-7110.19	-7526.083	415.8933	0.2557667	1.702031	3.517617
1512	-7124.459	-7540.672	416.2126	0.2469896	1.702031	3.344124
1518	-7123.598	-7538.824	415.226	0.2124276	1.657431	3.996405
1524	-7113.541	-7528.668	415.1272	0.2534013	1.559492	4.044854
1530	-7116.361	-7531.485	415.1241	0.2470908	1.558844	4.056405
1536	-7116.966	-7532.271	415.3054	0.2418862	1.564559	3.957436
1542	-7102.241	-7516.664	414.4235	0.2611092	1.532908	4.447553
1548	-7125.675	-7540.782	415.1073	0.2435331	1.472592	4.120423
1554	-7153.299	-7565.515	412.216	0.2445201	1.514645	5.706607
1560	-7123.298	-7536.031	412.7334	0.226146	1.542898	5.434227
1566	-7123.456	-7535.466	412.0094	0.2546022	1.609856	5.753143
1572	-7111.759	-7524.508	412.7494	0.2429673	1.546771	5.398099
1578	-7136.234	-7548.899	412.6646	0.2397322	1.513496	5.467906
1584	-7118.808	-7533.06	414.2525	0.2211514	1.54766	4.595444
1590	-7115.247	-7529.327	414.0795	0.2606116	1.50588	4.656655
1596	-7120.325	-7535.346	415.0216	0.2527694	1.587545	4.09
1602	-7149.622	-7564.156	414.5343	0.2632872	1.576029	4.357625
1608	-7112.455	-7527.471	415.0159	0.251715	1.558905	4.111123
1614	-7122.926	-7537.589	414.6631	0.2522901	1.627975	4.271358
1620	-7129.605	-7544.619	415.0141	0.2498738	1.58412	4.100492
1626	-7100.867	-7515.535	414.6676	0.2468149	1.503901	4.347094
1632	-7107.066	-7522.082	415.0155	0.2584406	1.598079	4.079107
1638	-7102.992	-7517.742	414.7497	0.2394759	1.552905	4.283941
1644	-7117.705	-7532.091	414.3864	0.2552369	1.511017	4.489211
1650	-7126.942	-7541.242	414.3006	0.262833	1.594786	4.479421
1656	-7126.355	-7541.083	414.7277	0.2485109	1.545309	4.287134
1662	-7116.905	-7531.673	414.7677	0.2110138	1.506462	4.344927
1668	-7125.379	-7539.837	414.4581	0.2150621	1.546306	4.490409
1674	-7134.953	-7550.799	415.8451	0.2284924	1.589797	3.653095
1680	-7119.155	-7534.841	415.6862	0.2351951	1.620812	3.716479
1686	-7139.448	-7554.718	415.2706	0.1992046	1.616524	4.016516
1692	-7132.611	-7547.47	414.8594	0.2344281	1.587667	4.209825
1698	-7128.596	-7544.183	415.5877	0.2201746	1.607334	3.805014
1704	-7135.809	-7548.928	413.1195	0.2443456	1.407488	5.268758
1710	-7117.79	-7532.064	414.2741	0.2395882	1.487732	4.588558
1716	-7103.541	-7517.546	414.0052	0.2200255	1.461541	4.783843
1722	-7106.52	-7521.235	414.7147	0.2521344	1.523652	4.301412
1728	-7106.796	-7521.653	414.8576	0.2885576	1.543057	4.157942
1734	-7128.715	-7542.999	414.2839	0.2514823	1.396691	4.616482
1740	-7117.843	-7531.882	414.039	0.2385469	1.513734	4.707253
1746	-7133.874	-7547.915	414.0407	0.2563424	1.386854	4.751081
1752	-7119.762	-7534.685	414.923	0.2563424	1.550097	4.16212
1758	-7126.848	-7542.634	415.7863	0.2228843	1.596641	3.692224
1764	-7104.376	-7519.899	415.523	0.2403864	1.649049	3.786269
1770	-7104.146	-7518.978	414.8317	0.279298	1.569945	4.170049
1776	-7103.847	-7518.948	415.1019	0.2650578	1.651056	3.989972
1782	-7108.04	-7522.489	414.4488	0.2440312	1.548493	4.449496
1788	-7110.56	-7525.66	415.1	0.2277323	1.712906	4.012044
1794	-7134.459	-7548.136	413.6775	0.2470193	1.448313	4.932868
1800	-7130.459	-7547.566	417.107	0.2353058	1.876024	2.722759
1806	-7127.46	-7544.62	417.16	0.2499412	1.934376	2.630329
1812	-7138.365	-7555.238	416.8724	0.2954902	1.848837	2.789889
1818	-7121.745	-7538.648	416.9031	0.2346517	1.867604	2.853204
1824	-7109.896	-7527.123	417.2273	0.2346517	1.86859	2.654544
1830	-7115.63	-7533.042	417.4111	0.2346517	1.833055	2.56279
1836	-7120.963	-7537.688	416.7243	0.2510275	1.736241	3.013919
1842	-7121.636	-7537.476	415.8404	0.2537976	1.725976	3.537488
1848	-7125.434	-7541.468	416.0337	0.2397724	1.735057	3.440922
1854	-7123.013	-7539.104	416.0911	0.2437512	1.668807	3.439915
1860	-7117.619	-7533.323	415.7043	0.2467195	1.643235	3.675231
1866	-7112.894	-7529.083	416.1894	0.2428904	1.706532	3.361476
1872	-7112.957	-7529.085	416.1288	0.2428904	1.726421	3.385378
1878	-7110.803	-7526.024	415.2208	0.2743396	1.625779	3.923158
1884	-7112.822	-7527.972	415.1504	0.31889	1.611638	3.911646
1890	-7135.918	-7549.599	413.6812	0.3120795	1.50933	4.808246
1896	-7138.637	-7554.371	415.7338	0.2911032	1.555709	3.644603
1902	-7112.232	-7528.4	416.1671	0.2991623	1.693821	3.299654
1908	-7110.669	-7525.968	415.2992	0.248668	1.576566	3.943816
1914	-7124.408	-7540.76	416.3517	0.248668	1.720735	3.248537
1920	-7116.786	-7533.229	416.4426	0.2391296	1.720735	3.209737
1926	-7115.892	-7532.095	416.2028	0.2557093	1.64066	3.37258
1932	-7121.2	-7537.336	416.136	0.2557093	1.707498	3.37258
1938	-7133.528	-7549.638	416.11	0.2793977	1.674121	3.37258
1944	-7123.489	-7538.332	414.8427	0.2284292	1.580061	4.232949
1950	-7125.289	-7540.844	415.5547	0.2574951	1.626477	3.755156
1956	-7125.394	-7540.279	414.8845	0.2669875	1.467126	4.215726
1962	-7124.813	-7539.062	414.2492	0.2355548	1.491195	4.606663
1968	-7114.936	-7529.618	414.682	0.2121602	1.503857	4.392889
1974	-7112.82	-7527.827	415.0073	0.2348559	1.560107	4.140788
1980	-7106.783	-7521.383	414.5998	0.2300476	1.460259	4.435412
1986	-7106.182	-7519.496	413.3137	0.2317242	1.445219	5.159267
1992	-7125.405	-7539.055	413.6495	0.2257916	1.434627	4.987949
1998	-7126.368	-7538.658	412.2903	0.2555274	1.361119	5.734259
2004	-7148.212	-7562.904	414.6916	0.2677787	1.475541	4.319097
2010	-7135.971	-7549.844	413.8729	0.2542928	1.504384	4.782126
2016	-7139.375	-7553.842	414.4672	0.2826977	1.475598	4.42505
2022	-7108.396	-7522.644	414.2479	0.2826977	1.498409	4.535621
2028	-7115.145	-7528.791	413.646	0.2903081	1.42467	4.903282
2034	-7105.579	-7519.942	414.363	0.2571057	1.471395	4.521943
2040	-7122.944	-7534.381	411.4369	0.2356329	1.332974	6.243858
2046	-7118.698	-7531.98	413.2822	0.2753265	1.412284	5.132322
2052	-7138.457	-7551.857	413.3998	0.230641	1.410719	5.132322
2058	-7149.912	-7562.067	412.1545	0.2559428	1.386221	5.794233
2064	-7134.358	-7547.367	413.0094	0.2762458	1.447976	5.262233
2070	-7145.671	-7558.319	412.6473	0.25421	1.484201	5.472534
2076	-7137.918	-7552.084	414.1661	0.2052973	1.477166	4.70892
2082	-7123.731	-7537.703	413.972	0.2079496	1.539117	4.778422
2088	-7105.991	-7520.029	414.0384	0.2408401	1.454374	4.737335
2094	-7102.91	-7517.753	414.8434	0.2643413	1.527175	4.208777
2100	-7122.144	-7537.357	415.2137	0.2248172	1.560514	4.038749
2106	-7123.25	-7538.653	415.4037	0.2436127	1.619483	3.866943
2112	-7116.749	-7531.819	415.0706	0.2590831	1.540073	4.079822
2118	-7123.109	-7538.037	414.9281	0.22404	1.687268	4.130492
2124	-7112.376	-7527.249	414.8735	0.2213281	1.538938	4.250005
2130	-7121.777	-7536.801	415.0242	0.1968514	1.578943	4.182286
2136	-7130.805	-7546.872	416.067	0.2581764	1.630492	3.4544
2142	-7112.563	-7529.017	416.4545	0.2698032	1.767322	3.127881
2148	-7123.233	-7539.612	416.3782	0.2315382	1.759563	3.237026
2154	-7116.255	-7530.952	414.6971	0.2495657	1.459071	4.351677
2160	-7127.385	-7541.919	414.5336	0.3177889	1.457403	4.351677
2166	-7100.586	-7515.259	414.6733	0.2959901	1.520414	4.265319
2172	-7121.876	-7537.288	415.4119	0.2015691	1.552217	3.968494
2178	-7133.12	-7547.703	414.583	0.2142457	1.543911	4.422746
2184	-7115.018	-7528.836	413.8183	0.2494051	1.430402	4.860919
2190	-7143.789	-7557.148	413.359	0.2494051	1.330174	5.17167
2196	-7127.393	-7540.55	413.1571	0.253703	1.520883	5.17167
2202	-7121.305	-7536.667	415.3629	0.270358	1.622108	3.849382
2208	-7124.791	-7541.188	416.3974	0.2560445	1.726492	3.206757
2214	-7121.177	-7536.937	415.7592	0.2481838	1.559902	3.689462
2220	-7133.393	-7549.94	416.5472	0.2763698	1.680897	3.114482
2226	-7128.441	-7545.232	416.7903	0.2845629	1.8797	2.836917
2232	-7145.223	-7561.833	416.6102	0.2694655	1.847711	2.987251
2238	-7138.467	-7554.439	415.9725	0.2605639	1.659125	3.489305
2244	-7118.232	-7534.353	416.1211	0.271601	1.71136	3.355434
2250	-7129.135	-7545.799	416.6636	0.2819474	1.751285	2.994685
2256	-7134.304	-7550.826	416.5228	0.2740524	1.793165	3.065466
2262	-7123.877	-7538.684	414.807	0.2548302	1.600027	4.201886
2268	-7119.571	-7534.304	414.7324	0.254212	1.56142	4.266952
2274	-7117.477	-7532.319	414.8415	0.25311	1.595692	4.187271
2280	-7123.958	-7536.907	412.9498	0.2988868	1.372223	5.307046
2286	-7126.689	-7539.741	413.052	0.2582902	1.369253	5.307046
2292	-7117.709	-7531.002	413.2934	0.2582902	1.37757	5.169003
2298	-7115.274	-7529.46	414.1862	0.2717447	1.453287	4.610624
2304	-7120.332	-7534.669	414.3367	0.2717447	1.451569	4.527144
2310	-7125.396	-7539.868	414.4723	0.2354961	1.566497	4.439038
2316	-7104.096	-7517.996	413.9001	0.3028566	1.439454	4.736858
2322	-7108.538	-7522.521	413.983	0.2553205	1.472637	4.736858
2328	-7114.337	-7528.45	414.1126	0.2279806	1.499517	4.690186
2334	-7115.794	-7530.015	414.221	0.273985	1.478107	4.574068
2340	-7106.349	-7519.347	412.998	0.2607871	1.495635	5.263543
2346	-7128.959	-7542.25	413.2914	0.3022919	1.510069	5.037283
2352	-7126.102	-7541.204	415.1021	0.3108811	1.574401	3.97096
2358	-7123.536	-7538.252	414.7159	0.2949688	1.514367	4.246008
2364	-7105.295	-7521.494	416.1989	0.2560674	1.670189	3.357006
2370	-7098.353	-7514.344	415.9905	0.2445271	1.696025	3.481599
2376	-7099.003	-7515.238	416.235	0.267455	1.721215	3.288694
2382	-7098.741	-7513.753	415.0116	0.2706833	1.63339	4.043586
2388	-7098.266	-7512.638	414.372	0.248137	1.537448	4.49286
2394	-7094.657	-7508.16	413.5025	0.2703001	1.445544	4.998553
2400	-7107.076	-7520.58	413.5038	0.2295805	1.436169	5.062198
2406	-7124.96	-7537.767	412.807	0.283695	1.425322	5.376454
2412	-7123.58	-7536.765	413.1854	0.2603601	1.441956	5.190252
2418	-7112.907	-7525.163	412.2561	0.3148804	1.300529	5.707803
2424	-7115.257	-7526.922	411.6649	0.3028861	1.261753	6.067021
2430	-7120.553	-7532.227	411.6743	0.2886914	1.285733	6.067021
2436	-7134.786	-7546.832	412.0466	0.2704912	1.368335	5.842937
2442	-7112.758	-7524.973	412.2147	0.249102	1.332725	5.80032
2448	-7116.865	-7530.804	413.9391	0.2838702	1.434992	4.7426
2454	-7106.826	-7520.86	414.0338	0.2703795	1.405069	4.724909
2460	-7119.213	-7532.193	412.98	0.2529381	1.511299	5.275979
2466	-7093.337	-7506.819	413.4822	0.2573924	1.459949	5.019965
2472	-7108.137	-7522.615	414.4779	0.2740624	1.530561	4.399905
2478	-7108.286	-7521.758	413.4715	0.2740624	1.578835	4.936509
2484	-7097.418	-7509.519	412.1003	0.2953409	1.440899	5.740887
2490	-7093.531	-7507.552	414.0209	0.2655455	1.424957	4.727767
2496	-7106.859	-7520.398	413.5384	0.2712208	1.410393	4.996883
2502	-7110.329	-7527.37	417.0402	0.2561631	1.75316	2.804927
2508	-7094.427	-7510.988	416.5614	0.2567575	1.728812	3.106842
2514	-7113.877	-7527.834	413.957	0.2293609	1.479843	4.785998
2520	-7108.618	-7522.13	413.5126	0.2781637	1.446715	4.981528
2526	-7113.527	-7526.793	413.2661	0.2781637	1.43303	5.125887
2532	-7137.95	-7551.269	413.3187	0.265669	1.411413	5.125887
2538	-7136.684	-7549.175	412.4911	0.2634428	1.399396	5.592016
2544	-7124.6	-7539.297	414.6977	0.2711085	1.583787	4.249686
2550	-7137.291	-7552.349	415.058	0.2908967	1.519432	4.054086
2556	-7129.635	-7543.653	414.0181	0.2205225	1.483482	4.763619
2562	-7110.886	-7527.029	416.1434	0.237806	1.64309	3.433629
2568	-7133.222	-7547.636	414.414	0.273426	1.58113	4.408303
2574	-7112.262	-7526.432	414.1701	0.2474832	1.409454	4.678928
2580	-7119.123	-7533.254	414.1316	0.2474832	1.448041	4.678928
2586	-7098.943	-7512.695	413.7515	0.2474832	1.463833	4.882335
2592	-7105.753	-7520.413	414.6604	0.2786431	1.580926	4.261929
2598	-7116.82	-7531.918	415.0978	0.2553573	1.60275	4.03402
2604	-7125.005	-7539.379	414.3734	0.2450382	1.485341	4.525949
2610	-7122.802	-7537.62	414.818	0.2608214	1.562111	4.208449
2616	-7120.217	-7534.726	414.5091	0.2513942	1.552379	4.402405
2622	-7112.191	-7526.597	414.4064	0.2338836	1.57958	4.471215
2628	-7100.421	-7514.873	414.452	0.2338836	1.534034	4.471215
2634	-7137.887	-7552.42	414.5333	0.2685854	1.578365	4.349349
2640	-7116.633	-7530.799	414.1661	0.260131	1.51383	4.604347
2646	-7128.099	-7541.586	413.4874	0.260131	1.425559	5.032295
2652	-7113.323	-7526.144	412.8209	0.2815221	1.416528	5.376548
2658	-7120.105	-7532.858	412.7538	0.2572294	1.440663	5.433619
2664	-7123.42	-7537.904	414.4844	0.2505537	1.539517	4.424828
2670	-7106.595	-7520.82	414.2255	0.2706924	1.532656	4.545498
2676	-7114.765	-7529.533	414.7674	0.2334909	1.532656	4.294586
2682	-7113.024	-7526.811	413.787	0.2676463	1.455437	4.838387
2688	-7110.143	-7524.513	414.3698	0.259374	1.513965	4.490905
2694	-7124.517	-7539.534	415.0174	0.2543086	1.513965	4.131981
2700	-7136.966	-7549.149	412.1825	0.2610045	1.346378	5.793625
2706	-7123.848	-7537.356	413.5076	0.2432088	1.474641	5.018282
2712	-7111.814	-7524.59	412.7763	0.2678928	1.424758	5.415083
2718	-7102.037	-7514.738	412.7006	0.2559747	1.39142	5.491735
2724	-7119.222	-7533.561	414.3387	0.2447756	1.623441	4.468189
2730	-7133.467	-7546.684	413.2172	0.23276	1.4578	5.20416
2736	-7134.624	-7547.834	413.21	0.2774672	1.445352	5.151084
2742	-7128.662	-7540.309	411.6469	0.2871882	1.302076	6.075005
2748	-7128.976	-7540.544	411.5679	0.2768218	1.311453	6.126593
2754	-7114.486	-7527.937	413.4501	0.2238156	1.453825	5.091041
2760	-7122.829	-7537.413	414.5841	0.247491	1.550557	4.366872
2766	-7121.522	-7537.265	415.743	0.2262734	1.584684	3.718696
2772	-7112.04	-7527.271	415.2303	0.2144044	1.638827	4.001333
2778	-7117.341	-7533.001	415.6601	0.2316756	1.6693	3.709109
2784	-7112.979	-7528.683	415.7038	0.2246033	1.710663	3.671196
2790	-7111.413	-7527.186	415.7732	0.2246033	1.625461	3.680345
2796	-7103.16	-7519.179	416.0187	0.2548487	1.686146	3.455116
2802	-7107.826	-7523.802	415.9753	0.230675	1.662373	3.53183
2808	-7109.035	-7524.761	415.7264	0.2388612	1.58985	3.705448
2814	-7109.376	-7524.977	415.6017	0.2066876	1.571577	3.839881
2820	-7108.482	-7524.674	416.1911	0.2301474	1.663342	3.406038
2826	-7118.04	-7534.267	416.2268	0.2206109	1.595181	3.44062
2832	-7124.113	-7536.829	412.7159	0.2835511	1.501841	5.384666
2838	-7118.359	-7530.727	412.3682	0.2245342	1.394555	5.718779
2844	-7134.627	-7547.329	412.7024	0.29292	1.466652	5.399168
2850	-7139.828	-7556.25	416.4223	0.2227279	1.660377	3.283985
2856	-7144.252	-7560.449	416.1973	0.242709	1.662048	3.383254
2862	-7150.877	-7567.803	416.9258	0.242709	1.662048	2.950581
2868	-7127.516	-7544.664	417.1487	0.2229367	1.798112	2.765775
2874	-7129.803	-7546.748	416.945	0.2644148	1.783167	2.831732
2880	-7131.665	-7545.824	414.1598	0.2799421	1.551438	4.559081
2886	-7127.681	-7541.698	414.017	0.277111	1.517056	4.662349
2892	-7125.295	-7538.388	413.0928	0.2700682	1.474727	5.209802
2898	-7137.433	-7551.158	413.725	0.219676	1.491797	4.923732
2904	-7116.79	-7530.448	413.6584	0.2264473	1.527354	4.930441
2910	-7129.063	-7543.662	414.5985	0.2133055	1.511407	4.433839
2916	-7112.381	-7525.569	413.1874	0.2130991	1.436347	5.262972
2922	-7138.937	-7552.21	413.2729	0.2780601	1.567694	5.047598
2928	-7137.274	-7552.052	414.7779	0.2456122	1.535371	4.268702
2934	-7128.508	-7543.08	414.5727	0.2169469	1.671356	4.352303
2940	-7135.032	-7548.676	413.6435	0.2453741	1.6057	4.866588
2946	-7134.141	-7545.717	411.5765	0.2279337	1.471563	6.103984
2952	-7121.485	-7534.275	412.7899	0.2290971	1.544031	5.398017
2958	-7124.593	-7538.478	413.8851	0.2481537	1.526794	4.771716
2964	-7133.621	-7546.902	413.2813	0.2374918	1.47215	5.153623
2970	-7123.982	-7537.167	413.1844	0.2539883	1.525471	5.153623
2976	-7128.965	-7543.053	414.088	0.2248885	1.60122	4.651777
2982	-7137.493	-7551.646	414.1531	0.2450257	1.549766	4.613473
2988	-7139.02	-7552.538	413.5182	0.2222346	1.454721	5.055228
2994	-7105.15	-7520.023	414.8731	0.2180412	1.493558	4.281214
3000	-7107.932	-7522.186	414.2537	0.2563132	1.539784	4.546076
3006	-7118.569	-7532.561	413.9922	0.2213696	1.486633	4.774967
3012	-7126.281	-7540.285	414.0043	0.2213696	1.537709	4.739682
3018	-7121.522	-7536.926	415.4042	0.2415968	1.501508	3.937399
3024	-7138.256	-7552.953	414.697	0.2365415	1.5265	4.333208
3030	-7143.771	-7558.335	414.5634	0.2710547	1.478777	4.385061
3036	-7121.913	-7534.775	412.8615	0.2818037	1.488161	5.314228
3042	-7113.744	-7527.83	414.0858	0.2818037	1.506143	4.623451
3048	-7144.393	-7557.874	413.4813	0.2727283	1.428797	5.016304
3054	-7130.894	-7544.69	413.7963	0.2974585	1.411588	4.817401
3060	-7129.908	-7545.533	415.6245	0.2988645	1.537357	3.707862
3066	-7129.264	-7545.492	416.2275	0.2709077	1.671091	3.317574
3072	-7126.983	-7543.224	416.2403	0.307486	1.703305	3.239497
3078	-7122.7	-7538.487	415.7861	0.2419192	1.625103	3.645725
3084	-7120.492	-7533.313	412.8213	0.2681834	1.343806	5.434453
3090	-7116.432	-7530.679	414.2464	0.2225533	1.452321	4.650133
3096	-7110.272	-7525.202	414.9306	0.2515039	1.471264	4.209678
3102	-7115.145	-7529.749	414.6042	0.2748394	1.525013	4.330642
3108	-7101.783	-7515.558	413.7746	0.2655404	1.518132	4.813302
3114	-7110.455	-7523.913	413.4583	0.2862192	1.471069	4.987285
3120	-7103.924	-7515.74	411.8159	0.2421627	1.309481	6.040812
3126	-7115.615	-7526.836	411.2212	0.2548682	1.285632	6.359099
3132	-7118.613	-7530.76	412.1471	0.261817	1.40437	5.780144
3138	-7101.765	-7516.651	414.8866	0.2193176	1.494403	4.271027
3144	-7096.007	-7511.598	415.5908	0.2583973	1.622115	3.735535
3150	-7106.421	-7522.01	415.5885	0.2583973	1.624356	3.735535
3156	-7100.874	-7516.293	415.419	0.2666631	1.589757	3.841069
3162	-7096.002	-7512.003	416.0013	0.256673	1.670136	3.471896
3168	-7105.597	-7521.287	415.6904	0.2458218	1.594154	3.713015
3174	-7121.514	-7537.377	415.8636	0.2305183	1.618008	3.622812
3180	-7140.241	-7553.538	413.2966	0.2643928	1.342849	5.177877
3186	-7114.596	-7526.565	411.9693	0.2989081	1.305163	5.882283
3192	-7122.948	-7537.201	414.2531	0.2476826	1.523272	4.56833
3198	-7129.473	-7543.058	413.5845	0.2339745	1.547912	4.948628
3204	-7106.141	-7520.524	414.3826	0.2434356	1.562907	4.479553
3210	-7129.266	-7542.472	413.2055	0.2402841	1.532685	5.157943
3216	-7128.677	-7542.33	413.6531	0.2381476	1.506824	4.927029
3222	-7124.466	-7538.982	414.5156	0.2586298	1.565199	4.380943
3228	-7117.766	-7532.996	415.2301	0.2332841	1.597606	3.99487
3234	-7118.06	-7533.112	415.052	0.2332841	1.55623	4.120009
3240	-7111.712	-7526.893	415.181	0.2186496	1.583851	4.05398
3246	-7120.611	-7535.897	415.2854	0.240615	1.569428	3.968023
3252	-7110.699	-7526.635	415.9362	0.2355094	1.617451	3.57305
3258	-7119.265	-7534.602	415.3377	0.2215851	1.602106	3.949272
3264	-7111.396	-7526.048	414.6512	0.2252005	1.487676	4.39853
3270	-7118.491	-7532.462	413.9703	0.2402392	1.485243	4.759049
3276	-7107.44	-7521.52	414.0807	0.2394865	1.485243	4.698437
3282	-7111.805	-7526.948	415.1427	0.2542482	1.502411	4.067313
3288	-7110.754	-7526.11	415.356	0.263675	1.548133	3.905461
3294	-7111.589	-7527.926	416.3375	0.2583785	1.656877	3.279738
3300	-7103.6	-7519.08	415.4798	0.2647241	1.605426	3.799847
3306	-7103.869	-7518.899	415.0298	0.2699371	1.597614	4.054664
3312	-7129.916	-7544.937	415.0207	0.2527254	1.55002	4.111957
3318	-7124.026	-7538.549	414.5224	0.2378985	1.48591	4.452504
3324	-7111.674	-7525.727	414.0528	0.2766006	1.417241	4.698881
3330	-7118.025	-7532.898	414.8728	0.2752159	1.547565	4.165085
3336	-7123.806	-7536.568	412.7622	0.2423609	1.375254	5.48638
3342	-7111.696	-7525.568	413.872	0.2610125	1.527093	4.760316
3348	-7127.99	-7543.153	415.1634	0.2383357	1.651957	3.994089
3354	-7123.11	-7539.473	416.3631	0.2478569	1.63368	3.294402
3360	-7118.718	-7534.152	415.4346	0.2520992	1.63368	3.828235
3366	-7111.379	-7525.814	414.435	0.27355	1.564162	4.405851
3372	-7127.252	-7541.776	414.5231	0.2475511	1.529999	4.412797
3378	-7121.273	-7536.415	415.1415	0.2481745	1.596074	4.023563
3384	-7156.298	-7572.961	416.6624	0.3212941	1.698245	2.972365
3390	-7139.329	-7554.451	415.1216	0.2451228	1.55765	4.061422
3396	-7128.228	-7542.059	413.8306	0.291105	1.438712	4.791477
3402	-7129.979	-7543.396	413.4165	0.251117	1.37679	5.111517
3408	-7118.258	-7531.377	413.1193	0.2843365	1.424162	5.203766
3414	-7112.489	-7526.337	413.8475	0.2642738	1.455151	4.80952
3420	-7097.483	-7511.609	414.126	0.2738964	1.484719	4.6238
3426	-7115	-7528.834	413.8336	0.2604261	1.477964	4.809985
3432	-7118.961	-7531.987	413.0262	0.2588656	1.455047	5.27314
3438	-7115.742	-7529.524	413.7821	0.2960754	1.455047	4.802873
3444	-7120.981	-7534.858	413.8763	0.2625584	1.45764	4.794506
3450	-7112.097	-7528.671	416.5746	0.2601133	1.734935	3.090181
3456	-7108.575	-7525.125	416.5507	0.2601133	1.758892	3.090181
3462	-7128.537	-7544.873	416.3363	0.2592759	1.731525	3.234986
3468	-7126.228	-7541.67	415.442	0.2598307	1.680016	3.785833
3474	-7122.28	-7537.846	415.5662	0.2415799	1.668204	3.748476
3480	-7125.842	-7541.996	416.1542	0.245824	1.705455	3.378247
3486	-7110.922	-7527.06	416.1376	0.245824	1.721985	3.378247
3492	-7108.858	-7525.078	416.2202	0.2162356	1.72064	3.378247
3498	-7110.817	-7527.262	416.4442	0.2427851	1.769828	3.173888
3504	-7114.417	-7531.287	416.8693	0.2427851	1.743674	2.935338
3510	-7101.489	-7518.285	416.7962	0.2189751	1.799651	2.984944
3516	-7111.38	-7527.726	416.3456	0.2133531	1.733735	3.301667
3522	-7148.36	-7559.819	411.4589	0.2824174	1.27643	6.197514
3528	-7134.145	-7546.387	412.2429	0.2561349	1.292272	5.797046
3534	-7125.002	-7537.097	412.0955	0.2364082	1.429745	5.830928
3540	-7138.54	-7553.64	415.1002	0.221033	1.533001	4.125145
3546	-7134.452	-7549.895	415.4422	0.2070778	1.615535	3.905524
3552	-7119.717	-7533.557	413.8407	0.2626335	1.507842	4.786236
3558	-7122.456	-7536.551	414.095	0.2626335	1.524012	4.634948
3564	-7111.061	-7526.05	414.989	0.2623612	1.578166	4.099876
3570	-7133.634	-7549.684	416.0498	0.2141838	1.679196	3.505589
3576	-7112.855	-7528.842	415.9862	0.2328462	1.690588	3.505589
3582	-7109.364	-7525.063	415.6987	0.2283691	1.652294	3.701882
3588	-7123.943	-7538.898	414.9545	0.228246	1.589751	4.164279
3594	-7114.414	-7527.351	412.9362	0.2703136	1.533904	5.263303
3600	-7107.78	-7522.057	414.2766	0.2972879	1.592939	4.446732
3606	-7113.446	-7527.74	414.2942	0.2820053	1.611812	4.446732
3612	-7112.482	-7524.869	412.387	0.255601	1.504868	5.602269
3618	-7131.422	-7542.839	411.4172	0.2712275	1.399228	6.168347
3624	-7132.882	-7545.792	412.9096	0.2976482	1.313423	5.36325
3630	-7120.38	-7535.765	415.3855	0.2634956	1.663821	3.822321
3636	-7115.887	-7530.7	414.8128	0.2662595	1.502185	4.237552
3642	-7121.309	-7535.635	414.3256	0.226576	1.50913	4.567539
3648	-7127.98	-7541.44	413.4599	0.2333035	1.460265	5.067533
3654	-7133.453	-7544.734	411.2802	0.2422488	1.40659	6.27935
3660	-7128.695	-7543.87	415.1755	0.325495	1.428335	3.993749
3666	-7128.106	-7543.534	415.4281	0.2768575	1.642285	3.791049
3672	-7116.644	-7531.834	415.1901	0.2579044	1.523419	4.022927
3678	-7121.19	-7535.274	414.0842	0.2447767	1.453761	4.706252
3684	-7122.443	-7536.304	413.8612	0.2768988	1.453761	4.785146
3690	-7118.398	-7533.034	414.6359	0.2567554	1.53927	4.330389
3696	-7138.013	-7553.756	415.743	0.2349673	1.54566	3.727463
3702	-7136.993	-7551.031	414.0379	0.2833761	1.394312	4.710818
3708	-7133.878	-7547.89	414.0116	0.2456871	1.476089	4.732991
3714	-7128.184	-7542.652	414.4687	0.2734715	1.560713	4.38891
3720	-7108.942	-7523.773	414.831	0.2303066	1.59747	4.226763
3726	-7109.414	-7524.215	414.8016	0.2411382	1.59747	4.226763
3732	-7107.648	-7523.085	415.4372	0.2226347	1.624272	3.877852
3738	-7122.375	-7535.645	413.2699	0.2194643	1.49558	5.174501
3744	-7104.038	-7518.501	414.4632	0.2585485	1.506371	4.443833
3750	-7127.063	-7543.551	416.4883	0.2575254	1.772709	3.123063
3756	-7131.128	-7547.923	416.7948	0.2677782	1.72554	2.952295
3762	-7123.118	-7539.913	416.7948	0.2677782	1.72554	2.952295
3768	-7123.646	-7539.156	415.5108	0.2924966	1.68108	3.699202
3774	-7127.691	-7543.299	415.6077	0.2924966	1.625136	3.675509
3780	-7118.097	-7532.876	414.7791	0.2499017	1.594326	4.228181
3786	-7108.3	-7523.321	415.0212	0.2765694	1.646665	4.02224
3792	-7118.195	-7533.761	415.5662	0.2492879	1.605379	3.772965
3798	-7110.595	-7526.452	415.8564	0.27438	1.67725	3.526237
3804	-7109.09	-7525.259	416.169	0.283953	1.697843	3.317473
3810	-7112.157	-7527.546	415.3886	0.277168	1.641486	3.813775
3816	-7113.583	-7529.493	415.9102	0.3016611	1.641486	3.477641
3822	-7111.915	-7528.153	416.2379	0.2576213	1.725526	3.299152
3828	-7112.266	-7528.11	415.8433	0.2576213	1.676793	3.558677
3834	-7102.701	-7517.93	415.2292	0.2774421	1.520801	3.974105
3840	-7115.847	-7530.159	414.312	0.3021892	1.448429	4.501734
3846	-7119.762	-7532.815	413.0522	0.2894061	1.377567	5.259899
3852	-7119.033	-7532.257	413.2248	0.2894061	1.387213	5.15913
3858	-7116.36	-7529.898	413.5383	0.272985	1.389239	5.006259
3864	-7107.481	-7520.381	412.8998	0.2685096	1.42099	5.348211
3870	-7133.394	-7547.361	413.9672	0.250924	1.504983	4.733978
3876	-7137.589	-7551.053	413.4645	0.2543476	1.469619	5.028757
3882	-7138.303	-7552.329	414.0264	0.2349854	1.594111	4.674692
3888	-7131.329	-7545.565	414.236	0.240749	1.52531	4.587116
3894	-7117.49	-7531.794	414.3037	0.2441823	1.52531	4.543949
3900	-7120.847	-7536.021	415.174	0.2849872	1.528058	3.991034
3906	-7106.656	-7521.826	415.1704	0.237547	1.609739	4.015436
3912	-7117.093	-7532.279	415.1858	0.2062939	1.562859	4.083531
3918	-7127.317	-7541.623	414.3059	0.2395097	1.467762	4.582044
3924	-7114.954	-7529.295	414.341	0.2266355	1.467762	4.582044
3930	-7105.411	-7519.126	413.7149	0.2420412	1.469534	4.907583
3936	-7110.465	-7524.484	414.0188	0.2324862	1.416591	4.782023
3942	-7123.618	-7539.19	415.5722	0.2525063	1.605598	3.764564
3948	-7105.643	-7522.036	416.393	0.2262941	1.666657	3.29169
3954	-7108.102	-7523.977	415.8752	0.2529584	1.729028	3.516678
3960	-7138.559	-7555.414	416.8554	0.2361367	1.771348	2.937793
3966	-7117.547	-7534.155	416.6078	0.2458389	1.706891	3.109208
3972	-7122.136	-7537.684	415.5481	0.2320419	1.663803	3.776306
3978	-7112.443	-7526.71	414.2669	0.2465253	1.507566	4.571088
3984	-7135.73	-7548.082	412.3522	0.2170697	1.464141	5.700957
3990	-7128.126	-7541.96	413.8342	0.2170697	1.547244	4.836139
3996	-7121.603	-7535.315	413.7119	0.2532208	1.571334	4.836139
4002	-7136.074	-7550.402	414.3281	0.2587675	1.555742	4.491772
4008	-7133.157	-7547.711	414.554	0.2090963	1.560602	4.438067
4014	-7151.582	-7565.166	413.5841	0.2660287	1.443248	4.960415
4020	-7134.788	-7548.687	413.8985	0.2225831	1.518906	4.807398
4026	-7135.209	-7548.208	412.9981	0.2439381	1.486826	5.292563
4032	-7130.924	-7543.284	412.36	0.2113451	1.486826	5.693229
4038	-7128.72	-7541.829	413.1093	0.2477497	1.486826	5.225538
4044	-7114.264	-7529.794	415.5303	0.2459925	1.640408	3.778435
4050	-7109.727	-7525.918	416.1912	0.2459925	1.687486	3.366811
4056	-7135.941	-7550.896	414.9552	0.2498657	1.631058	4.107353
4062	-7131.133	-7545.948	414.8145	0.2498657	1.677454	4.160993
4068	-7119.121	-7534.666	415.5451	0.2287075	1.525375	3.862968
4074	-7105.743	-7520.289	414.5461	0.2271235	1.573791	4.406222
4080	-7127.251	-7540.194	412.9433	0.2374674	1.582171	5.279759
4086	-7109.181	-7523.435	414.2541	0.2438318	1.494152	4.589814
4092	-7089.986	-7504.505	414.5191	0.2235161	1.611111	4.406104
4098	-7108.162	-7523.142	414.9797	0.2242293	1.609218	4.145204
4104	-7126.701	-7541.252	414.5504	0.2316885	1.568321	4.399797
4110	-7129.541	-7542.693	413.1518	0.2429877	1.429982	5.240477
4116	-7111.415	-7524.744	413.3284	0.2506665	1.460429	5.114666
4122	-7121.654	-7535.436	413.7816	0.2506888	1.427141	4.881323
4128	-7116.034	-7530.542	414.5082	0.2437435	1.473074	4.45894
4134	-7121.378	-7535.906	414.5282	0.226246	1.528821	4.443022
4140	-7123.033	-7538.07	415.0365	0.226246	1.651254	4.085777
4146	-7109.148	-7524.174	415.0255	0.2425097	1.617972	4.085777
4152	-7107.721	-7522.391	414.6702	0.2302333	1.551284	4.344049
4158	-7127.4	-7540.957	413.5564	0.2290442	1.521155	4.986624
4164	-7136.475	-7549.967	413.4917	0.2335873	1.455591	5.052041
4170	-7139.8	-7554.355	414.5554	0.2465782	1.449998	4.441115
4176	-7116.761	-7531.223	414.4615	0.269937	1.524646	4.418277
4182	-7117.419	-7531.404	413.985	0.2773583	1.416601	4.736092
4188	-7130.373	-7543.936	413.5629	0.2602976	1.422944	4.991535
4194	-7114.568	-7528.109	413.5405	0.2709877	1.48678	4.953588
4200	-7125.761	-7538.093	412.3326	0.2697691	1.387857	5.67661
4206	-7131.166	-7546.511	415.3451	0.2623338	1.569771	3.901216
4212	-7135.04	-7551.992	416.9518	0.2363904	1.861975	2.82424
4218	-7128.86	-7545.778	416.9176	0.2456559	1.861975	2.829955
4224	-7122.247	-7539.14	416.8926	0.229127	1.761065	2.93311
4230	-7114.688	-7529.649	414.9606	0.2856177	1.49826	4.128852
4236	-7117.567	-7532.132	414.565	0.2592412	1.450104	4.417132
4242	-7146.161	-7562.225	416.0637	0.2109473	1.770538	3.449574
4248	-7127.67	-7543.91	416.2398	0.2155585	1.770538	3.338527
4254	-7111.202	-7525.16	413.9575	0.2862865	1.452905	4.719063
4260	-7124.723	-7539.627	414.9042	0.2846944	1.627337	4.088705
4266	-7130.172	-7544.956	414.7839	0.2494297	1.57718	4.235888
4272	-7114.028	-7528.81	414.7827	0.30453	1.520677	4.19186
4278	-7122.199	-7536.078	413.8785	0.2763619	1.466674	4.769008
4284	-7124.441	-7538.725	414.2837	0.282003	1.492866	4.519568
4290	-7133.156	-7547.46	414.3041	0.2849367	1.44155	4.532926
4296	-7117.908	-7531.758	413.8506	0.2123303	1.558903	4.828031
4302	-7121.645	-7536.6	414.9553	0.2473154	1.575889	4.142467
4308	-7119.016	-7534.133	415.1176	0.2517979	1.609384	4.024242
4314	-7146.328	-7561.172	414.8443	0.2276513	1.602167	4.220712
4320	-7160.349	-7573.296	412.9466	0.2736563	1.349537	5.354772
4326	-7140.12	-7554.068	413.9481	0.2736563	1.476809	4.728154
4332	-7123.621	-7537.912	414.2912	0.2324525	1.496425	4.584931
4338	-7138.441	-7553.02	414.5784	0.271334	1.523236	4.351141
4344	-7124.431	-7539.248	414.8169	0.2548713	1.590636	4.201516
4350	-7144.693	-7557.898	413.2043	0.2671094	1.391079	5.198476
4356	-7108.076	-7520.52	412.4447	0.2877487	1.372404	5.599514
4362	-7108.609	-7521.499	412.8903	0.2306471	1.403933	5.41751
4368	-7120.499	-7532.502	412.0034	0.2652883	1.465276	5.820643
4374	-7127.114	-7540.05	412.9358	0.2955816	1.446018	5.278332
4380	-7118.605	-7531.757	413.1517	0.2314251	1.392728	5.278332
4386	-7131.98	-7545.536	413.5568	0.2323595	1.399699	5.048801
4392	-7100.768	-7514.962	414.1937	0.2389621	1.456037	4.652348
4398	-7111.132	-7524.846	413.7147	0.261936	1.459594	4.884385
4404	-7109.592	-7524.181	414.5894	0.2312409	1.495087	4.419798
4410	-7108.977	-7523.186	414.2086	0.2704436	1.471404	4.589744
4416	-7097.763	-7512.225	414.4623	0.2704436	1.508015	4.426492
4422	-7110.245	-7523.864	413.6182	0.2748775	1.527063	4.882551
4428	-7112.848	-7526.949	414.1015	0.2704304	1.424959	4.675812
4434	-7123.758	-7537.159	413.4007	0.2786573	1.481873	5.0235
4440	-7098.648	-7511.57	412.9219	0.2744555	1.408483	5.33481
4446	-7117.868	-7530.811	412.9429	0.2826464	1.367451	5.33481
4452	-7120.261	-7534.008	413.7468	0.2395531	1.531567	4.858947
4458	-7112.88	-7528.018	415.1371	0.2627075	1.558414	4.026206
4464	-7126.886	-7541.217	414.3307	0.2404986	1.580393	4.503325
4470	-7121.503	-7536.306	414.8033	0.2470415	1.537561	4.250898
4476	-7124.031	-7539.498	415.4675	0.2231373	1.548248	3.903237
4482	-7117.223	-7532.503	415.2804	0.2608568	1.634711	3.903237
4488	-7113.765	-7529.682	415.9168	0.2646468	1.681273	3.50284
4494	-7111.584	-7527.319	415.735	0.267647	1.680759	3.604551
4500	-7120.921	-7537.635	416.714	0.2570525	1.826375	2.956591
4506	-7145.405	-7562.853	417.4474	0.2432445	1.865615	2.505561
4512	-7119.315	-7536.444	417.1293	0.2446804	1.83047	2.721614
4518	-7119.335	-7536.787	417.4522	0.245409	1.90059	2.477053
4524	-7126.452	-7543.592	417.1405	0.2352149	1.852136	2.717033
4530	-7125.564	-7538.393	412.8296	0.2335217	1.417966	5.438903
4536	-7111.076	-7525.437	414.361	0.2555017	1.439082	4.543541
4542	-7107.243	-7520.738	413.4946	0.2296923	1.444924	5.062272
4548	-7099.636	-7514.308	414.6727	0.2569411	1.505443	4.328416
4554	-7116.905	-7531.789	414.884	0.2361523	1.605924	4.182812
4560	-7125.101	-7540.354	415.2523	0.2397188	1.65378	3.940068
4566	-7099.721	-7514.996	415.2748	0.2471594	1.611545	3.940068
4572	-7115.026	-7530.121	415.0954	0.2669103	1.558765	4.043719
4578	-7119.601	-7534.781	415.1801	0.2606051	1.647742	3.953598
4584	-7110.7	-7525.244	414.5444	0.287138	1.708945	4.243436
4590	-7116.719	-7530.865	414.1465	0.2465344	1.564146	4.6069
4596	-7110.962	-7524.921	413.9595	0.2228722	1.497658	4.784711
4602	-7110.616	-7522.004	411.3877	0.2649363	1.371457	6.208062
4608	-7121.659	-7533.589	411.9301	0.2556041	1.486346	5.862717
4614	-7130.635	-7540.321	409.6855	0.2556041	1.540628	7.050081
4620	-7134.773	-7547.135	412.362	0.2316599	1.544611	5.629112
4626	-7141.994	-7554.316	412.3228	0.2655475	1.494805	5.629112
4632	-7111.837	-7523.828	411.9904	0.3075432	1.418082	5.798066
4638	-7120.095	-7532.687	412.5912	0.2336686	1.564028	5.489466
4644	-7120.512	-7532.995	412.483	0.2692753	1.699094	5.423621
4650	-7119.168	-7531.227	412.0591	0.246256	1.367799	5.870291
4656	-7117.569	-7528.894	411.3252	0.2546895	1.368941	6.257616
4662	-7114.239	-7525.563	411.3242	0.2502061	1.340596	6.279876
4668	-7141.159	-7555.754	414.5941	0.2286189	1.4827	4.428177
4674	-7119.085	-7533.679	414.5938	0.2434631	1.611249	4.333118
4680	-7116.462	-7531.619	415.1572	0.2426947	1.501771	4.076698
4686	-7138.424	-7554.48	416.0554	0.2872497	1.59898	3.437503
4692	-7125.457	-7538.449	412.9924	0.22249	1.41323	5.36862
4698	-7113.261	-7525.243	411.9817	0.252244	1.345174	5.916418
4704	-7130.92	-7545.13	414.2105	0.2362757	1.525716	4.607909
4710	-7111.015	-7524.603	413.5879	0.2507419	1.543872	4.924119
4716	-7107.127	-7521.485	414.3584	0.2488352	1.504602	4.517929
4722	-7119.334	-7533.72	414.3856	0.2442808	1.504562	4.509437
4728	-7125.778	-7540.715	414.9364	0.2694219	1.617662	4.097216
4734	-7125.105	-7540.079	414.9741	0.2679462	1.583149	4.097496
4740	-7121.087	-7535.23	414.1427	0.2812935	1.501796	4.594703
4746	-7136.547	-7551.456	414.9088	0.2812935	1.501796	4.162195
4752	-7130.647	-7545.565	414.9174	0.255657	1.634759	4.118186
4758	-7138.769	-7553.706	414.9371	0.2350781	1.602602	4.156209
4764	-7127.918	-7542.353	414.4355	0.2625826	1.49766	4.458506
4770	-7124.785	-7538.716	413.9311	0.2609768	1.496495	4.744426
4776	-7121.694	-7535.148	413.454	0.2534929	1.383322	5.083718
4782	-7129.364	-7542.687	413.3229	0.2447496	1.476614	5.117376
4788	-7138.668	-7552.073	413.4048	0.2531685	1.476614	5.059697
4794	-7129.514	-7543.442	413.9285	0.271453	1.482886	4.73877
4800	-7117.628	-7532.383	414.7555	0.2610062	1.451948	4.305974
4806	-7120.803	-7534.312	413.5092	0.2821111	1.406973	5.000164
4812	-7134.354	-7547.685	413.331	0.2490372	1.490808	5.098769
4818	-7128.841	-7542.286	413.4453	0.2338946	1.41695	5.098769
4824	-7138.528	-7550.949	412.4212	0.2542752	1.414178	5.635138
4830	-7131.834	-7545.961	414.1272	0.2278303	1.485575	4.690019
4836	-7137.511	-7552.34	414.8288	0.2632825	1.489377	4.240034
4842	-7130.484	-7544.286	413.8014	0.2795631	1.511049	4.782885
4848	-7120.952	-7535.414	414.4615	0.2501774	1.569725	4.421275
4854	-7121.718	-7534.689	412.9711	0.2249956	1.362881	5.404228
4860	-7136.798	-7548.874	412.0756	0.2379962	1.398904	5.856354
4866	-7142.355	-7557.082	414.727	0.2505274	1.52459	4.296276
4872	-7130.967	-7546.241	415.274	0.2561686	1.557641	3.95795
4878	-7119.131	-7533.812	414.6809	0.237028	1.525541	4.342062
4884	-7121.006	-7533.281	412.2753	0.2724196	1.316739	5.743378
4890	-7119.225	-7531.991	412.7662	0.2223014	1.458016	5.468826
4896	-7141.945	-7554.832	412.8869	0.2286511	1.319661	5.468826
4902	-7129.424	-7541.232	411.8088	0.2496756	1.378175	5.996436
4908	-7129.797	-7543.518	413.7212	0.2531831	1.512287	4.863944
4914	-7117.505	-7531.765	414.2606	0.2301068	1.491181	4.608646
4920	-7103.972	-7518.034	414.0623	0.2477099	1.58239	4.642162
4926	-7113.199	-7527.934	414.7359	0.2271279	1.541474	4.317312
4932	-7129.346	-7544.044	414.6976	0.2271279	1.483798	4.371507
4938	-7127.92	-7541.396	413.4757	0.2093135	1.496409	5.076162
4944	-7114.252	-7529.188	414.9359	0.2777237	1.643025	4.07138
4950	-7105.247	-7520.094	414.8475	0.2449052	1.508177	4.245729
4956	-7114.215	-7529.872	415.6577	0.2300148	1.611499	3.746513
4962	-7111.302	-7526.42	415.1184	0.2729693	1.649975	3.969898
4968	-7113.974	-7529.375	415.4012	0.2601953	1.60826	3.85003
4974	-7105.393	-7519.277	413.8843	0.2278113	1.60826	4.757287
4980	-7113.528	-7527.641	414.1134	0.2532083	1.454558	4.677063
4986	-7130.594	-7544.694	414.0993	0.2435198	1.532662	4.655464
4992	-7121.807	-7535.79	413.9831	0.2786248	1.477797	4.701215
4998	-7124.758	-7538.364	413.6056	0.2518124	1.473296	4.951985
5004	-7127.86	-7542.929	415.0693	0.3130326	1.554903	3.998094
5010	-7133.425	-7547.923	414.4982	0.3454218	1.593936	4.260352
5016	-7118.779	-7532.878	414.0996	0.3194367	1.415364	4.617535
5022	-7124.049	-7536.858	412.8089	0.2752748	1.475489	5.35902
5028	-7112.438	-7526.472	414.0341	0.2969155	1.444262	4.666939
5034	-7121.334	-7536.562	415.2279	0.2401094	1.468251	4.05941
5040	-7113.286	-7526.763	413.4769	0.2910563	1.439942	4.98783
5046	-7105.601	-7518.951	413.3498	0.2949232	1.4908	5.025095
5052	-7130.814	-7545.389	414.5747	0.2947307	1.564026	4.298179
5058	-7124.349	-7538.977	414.6279	0.2616148	1.591801	4.298179
5064	-7123.491	-7539.016	415.5243	0.2753393	1.529039	3.802981
5070	-7137.42	-7552.863	415.4429	0.2753393	1.595759	3.811456
5076	-7132.97	-7548.353	415.3838	0.2733725	1.593299	3.849637
5082	-7123.228	-7538.375	415.1476	0.2888954	1.557535	3.983878
5088	-7122.865	-7537.791	414.9261	0.3271267	1.555881	4.061269
5094	-7136.126	-7551.891	415.7653	0.3085649	1.674555	3.533616
5100	-7118.048	-7533.374	415.3262	0.2472799	1.627849	3.901072
5106	-7121.48	-7536.749	415.2683	0.2606645	1.651105	3.901072
5112	-7113.604	-7529.201	415.5972	0.224367	1.683617	3.748822
5118	-7131.14	-7547.08	415.9402	0.2227572	1.67888	3.555487
5124	-7118.547	-7534.226	415.6794	0.2396272	1.705456	3.664558
5130	-7120.581	-7535.576	414.9949	0.252486	1.54838	4.127871
5136	-7116.488	-7530.606	414.1183	0.2338307	1.526288	4.663008
5142	-7123.407	-7537.318	413.9108	0.2516758	1.686268	4.663008
5148	-7105.663	-7520.083	414.4196	0.2421448	1.502321	4.494736
5154	-7108.072	-7522.525	414.4533	0.2569386	1.476208	4.468697
5160	-7126.15	-7540.175	414.0257	0.2610852	1.548887	4.662052
5166	-7122.121	-7536.18	414.0588	0.2610852	1.515735	4.662052
5172	-7115.42	-7529.575	414.1549	0.2607381	1.42049	4.662052
5178	-7118.872	-7531.125	412.2534	0.3165188	1.446748	5.627079
5184	-7128.787	-7541.811	413.0241	0.2510459	1.448409	5.289115
5190	-7111.836	-7524.846	413.0102	0.3057891	1.449088	5.222384
5196	-7113.846	-7528.126	414.2803	0.331152	1.489338	4.459857
5202	-7114.969	-7526.143	411.1746	0.2931929	1.388181	6.277324
5208	-7110.294	-7523.461	413.1669	0.2837505	1.47764	5.148615
5214	-7119.341	-7532.207	412.8663	0.2837505	1.441078	5.334959
5220	-7127.981	-7540.673	412.6919	0.254749	1.414553	5.485567
5226	-7109.172	-7520.821	411.6494	0.2622683	1.359155	6.076019
5232	-7111.683	-7525.786	414.1029	0.2600336	1.474689	4.661838
5238	-7123.251	-7537.37	414.119	0.2488693	1.487503	4.661838
5244	-7123.82	-7536.347	412.5267	0.2390847	1.380068	5.617971
5250	-7121.922	-7535.981	414.0586	0.2938356	1.452265	4.652755
5256	-7134.417	-7547.288	412.8705	0.2599886	1.442626	5.364294
5262	-7133.771	-7548.491	414.7198	0.2735666	1.494761	4.284119
5268	-7108.051	-7523.764	415.7122	0.2698191	1.626881	3.645835
5274	-7132.049	-7544.401	412.3522	0.2670291	1.346348	5.692406
5280	-7112.719	-7524.838	412.1196	0.3108554	1.382547	5.742658
5286	-7117.22	-7530.415	413.1951	0.2983699	1.418645	5.146422
5292	-7118.72	-7532.114	413.3943	0.2578186	1.388167	5.107936
5298	-7124.224	-7537.666	413.4421	0.3010006	1.41536	5.007868
5304	-7124.162	-7538.32	414.1583	0.2755277	1.616684	4.529334
5310	-7096.879	-7512.014	415.1347	0.2883832	1.543302	4.000133
5316	-7095.535	-7511.173	415.6381	0.2331615	1.560809	3.782026
5322	-7109.518	-7524.577	415.059	0.2553613	1.554697	4.083587
5328	-7100.866	-7516.006	415.1408	0.2741207	1.635462	3.963724
5334	-7110.012	-7523.547	413.535	0.2475336	1.44874	5.011077
5340	-7104.675	-7521.642	416.9666	0.2208883	1.804435	2.876104
5346	-7108.714	-7525.967	417.253	0.2625303	1.888609	2.581089
5352	-7118.695	-7535.298	416.6028	0.2508793	1.797593	3.050115
5358	-7116.078	-7533.396	417.3183	0.2276079	1.847949	2.623017
5364	-7120.557	-7536.551	415.9942	0.2345054	1.630682	3.533221
5370	-7143.027	-7554.134	411.1071	0.264213	1.405947	6.342772
5376	-7133.744	-7546.458	412.7135	0.2529849	1.474322	5.44329
5382	-7141.978	-7559.614	417.636	0.2386425	2.009312	2.303479
5388	-7118.303	-7535.729	417.4256	0.2251733	1.888553	2.53552
5394	-7133.102	-7546.122	413.0206	0.2529011	1.501832	5.258867
5400	-7115.08	-7526.787	411.7062	0.2632871	1.33592	6.056285
5406	-7118.452	-7531.408	412.9562	0.262931	1.337781	5.370748
5412	-7128.918	-7542.655	413.7371	0.2782141	1.449623	4.854872
5418	-7128.414	-7541.182	412.7677	0.2585825	1.391196	5.451276
5424	-7119.122	-7533.666	414.5444	0.2438755	1.488817	4.429487
5430	-7129.056	-7538.695	409.6391	0.303197	1.298294	7.142911
5436	-7119.208	-7530.091	410.8837	0.2701073	1.302983	6.511726
5442	-7111.529	-7523.126	411.5965	0.2509099	1.280092	6.163737
5448	-7129.841	-7542.864	413.0232	0.224243	1.432593	5.338223
5454	-7106.427	-7520.513	414.0861	0.2286597	1.483998	4.712605
5460	-7118.382	-7532.879	414.4964	0.2268001	1.462135	4.497608
5466	-7110.277	-7523.688	413.411	0.2641768	1.425268	5.06913
5472	-7116.825	-7532.422	415.5976	0.2758899	1.57661	3.732557
5478	-7118.161	-7533.73	415.5686	0.2857216	1.604771	3.719198
5484	-7132.644	-7544.245	411.6014	0.2181641	1.421263	6.132751
5490	-7124.482	-7538.304	413.8222	0.2311821	1.421263	4.891061
5496	-7124.595	-7539.684	415.0892	0.2545827	1.574241	4.056367
5502	-7127.569	-7543.032	415.4626	0.2597066	1.55997	3.843219
5508	-7126.257	-7541.689	415.4319	0.241794	1.637405	3.843219
5514	-7105.054	-7520.145	415.0909	0.241794	1.599589	4.06007
5520	-7107.492	-7522.176	414.6831	0.2557035	1.534037	4.308153
5526	-7095.559	-7509.863	414.3037	0.2634098	1.486767	4.537592
5532	-7115.494	-7529.68	414.1863	0.2666624	1.595991	4.537592
5538	-7104.753	-7518.569	413.8165	0.2650669	1.529688	4.784117
5544	-7116.842	-7531.665	414.8226	0.2588644	1.474864	4.258138
5550	-7117.719	-7531.438	413.7188	0.2737083	1.446111	4.873206
5556	-7116.761	-7530.753	413.9918	0.2737083	1.506831	4.686858
5562	-7105.685	-7519.976	414.2919	0.2255509	1.580946	4.547743
5568	-7097.652	-7511.853	414.2009	0.2526745	1.596365	4.549254
5574	-7100.89	-7513.486	412.5963	0.2922256	1.479923	5.451163
5580	-7118.348	-7530.641	412.2931	0.2364736	1.466285	5.70265
5586	-7110.761	-7524.86	414.0988	0.2275805	1.545281	4.67288
5592	-7117.787	-7532.078	414.2918	0.259054	1.545281	4.517661
5598	-7118.691	-7533.226	414.5353	0.2545999	1.50475	4.409807
5604	-7118.399	-7532.379	413.9797	0.2545999	1.460448	4.746533
5610	-7107.345	-7521.3	413.9546	0.23164	1.546686	4.746533
5616	-7101.644	-7515.915	414.271	0.2623041	1.504215	4.54779
5622	-7132.743	-7545.808	413.0658	0.2756891	1.4197	5.247438
5628	-7124.417	-7539.421	415.0046	0.3124966	1.556783	4.034652
5634	-7136.609	-7551.319	414.7102	0.2616093	1.531741	4.285598
5640	-7131.292	-7545.745	414.4536	0.2519003	1.577798	4.418626
5646	-7106.881	-7522.151	415.27	0.2437909	1.577798	3.967194
5652	-7120.289	-7536.731	416.4413	0.2286683	1.597949	3.299852
5658	-7115.218	-7531.569	416.3508	0.2172276	1.720525	3.299852
5664	-7117.087	-7533.599	416.5124	0.2224449	1.771535	3.165381
5670	-7108.983	-7525.515	416.5319	0.2333673	1.721791	3.165381
5676	-7104.414	-7520.556	416.1417	0.2331703	1.729874	3.391178
5682	-7099.266	-7515.56	416.2944	0.2220359	1.689642	3.34322
5688	-7125.734	-7542.178	416.4447	0.2655911	1.689642	3.186147
5694	-7119.707	-7536.462	416.7545	0.2640561	1.710973	2.990906
5700	-7112.323	-7529.598	417.2744	0.2166577	1.802943	2.696701
5706	-7108.411	-7524.944	416.533	0.2452765	1.751477	3.128087
5712	-7107.598	-7524.325	416.7264	0.2245584	1.774101	3.032697
5718	-7134.979	-7551.874	416.895	0.2412661	1.710639	2.942204
5724	-7131.337	-7545.219	413.8821	0.2776534	1.474168	4.761001
5730	-7130.412	-7544.25	413.8381	0.2557337	1.443518	4.833402
5736	-7131.555	-7544.565	413.0101	0.2825223	1.418048	5.269937
5742	-7127.668	-7541.284	413.6158	0.2483909	1.446684	4.966093
5748	-7115.748	-7530.617	414.8694	0.2536299	1.505015	4.222137
5754	-7108.799	-7522.867	414.0677	0.2657201	1.46642	4.678124
5760	-7115.849	-7531.368	415.5196	0.2566866	1.615578	3.782884
5766	-7125.895	-7541.625	415.7301	0.2642872	1.610254	3.653159
5772	-7135.465	-7551.645	416.1797	0.2642872	1.643372	3.371723
5778	-7130.39	-7546.593	416.2036	0.2291573	1.712081	3.371723
5784	-7119.093	-7535.001	415.9077	0.2894039	1.601021	3.519533
5790	-7124.98	-7541.235	416.2555	0.2300199	1.630408	3.387818
5796	-7114.524	-7530.914	416.3897	0.2656106	1.657494	3.237736
5802	-7121.163	-7537.752	416.589	0.2657393	1.726156	3.078318
5808	-7109.602	-7526.335	416.7321	0.2441846	1.726156	3.02605
5814	-7117.846	-7534.442	416.5964	0.2674441	1.713976	3.078633
5820	-7116.772	-7533.363	416.5911	0.2775763	1.738108	3.052375
5826	-7130.7	-7546.942	416.2424	0.2857785	1.649623	3.300024
5832	-7147.264	-7562.85	415.5858	0.262119	1.607173	3.741574
5838	-7136.786	-7552.693	415.9068	0.2263079	1.660325	3.579884
5844	-7115.079	-7531.184	416.1045	0.2625706	1.705011	3.382203
5850	-7128.151	-7543.63	415.4788	0.2978363	1.663579	3.720489
5856	-7120.268	-7535.939	415.6712	0.3093228	1.620104	3.618953
5862	-7133.244	-7546.514	413.2703	0.2539802	1.440234	5.153271
5868	-7146.434	-7559.663	413.2283	0.2698975	1.441761	5.153271
5874	-7134.562	-7550.046	415.4835	0.2599353	1.578012	3.820519
5880	-7121.974	-7537.481	415.5069	0.2425692	1.599852	3.820519
5886	-7111.425	-7526.9	415.4745	0.2460202	1.599852	3.833867
5892	-7120.456	-7534.9	414.4448	0.2937844	1.453097	4.435415
5898	-7124.7	-7539.076	414.376	0.2581073	1.512299	4.490191
5904	-7118.881	-7532.844	413.9628	0.280859	1.437083	4.732271
5910	-7120.484	-7531.542	411.0583	0.3160168	1.289018	6.365713
5916	-7122.59	-7533.846	411.2561	0.2596682	1.264248	6.345074
5922	-7113.225	-7524.213	410.9878	0.2851349	1.430925	6.365955
5928	-7136.496	-7550.093	413.597	0.2519875	1.387837	5.004013
5934	-7133.914	-7547.376	413.4618	0.2820306	1.44055	5.007915
5940	-7121.889	-7536.208	414.3192	0.2503373	1.45949	4.563131
5946	-7111.108	-7524.962	413.8541	0.2252127	1.5342	4.8195
5952	-7099.081	-7514.068	414.9866	0.2295089	1.532572	4.17655
5958	-7110.532	-7525.263	414.7308	0.2622499	1.567874	4.252558
5964	-7104.632	-7519.438	414.8061	0.2601825	1.497769	4.252558
5970	-7111.109	-7524.642	413.533	0.2595111	1.497988	4.967557
5976	-7133.812	-7548.335	414.5225	0.2846976	1.538352	4.355705
5982	-7111.994	-7526.869	414.8744	0.2633853	1.509197	4.202735
5988	-7104.828	-7519.653	414.8247	0.2430902	1.521248	4.253949
5994	-7104.932	-7518.888	413.9568	0.2538468	1.533861	4.719406
6000	-7126.641	-7540.817	414.1762	0.2442347	1.561884	4.5949
6006	-7129.748	-7545.019	415.2708	0.248268	1.620358	3.935612
6012	-7109.26	-7523.363	414.1023	0.2124272	1.537083	4.699474
6018	-7102.884	-7517.188	414.3039	0.223454	1.550425	4.561437
6024	-7111.473	-7527.273	415.8001	0.223454	1.628506	3.66489
6030	-7120.236	-7535.821	415.5849	0.2408797	1.619652	3.766774
6036	-7133.756	-7549.185	415.4294	0.2449966	1.619652	3.849983
6042	-7104.729	-7520.375	415.6457	0.2276142	1.592092	3.76843
6048	-7106.834	-7522.379	415.5452	0.2103384	1.741546	3.76843
6054	-7108.348	-7525.007	416.6591	0.2426577	1.760924	3.051377
6060	-7099.815	-7516.644	416.8286	0.2008668	1.830832	2.978379
6066	-7113.732	-7530.507	416.775	0.207876	1.697817	3.07774
6072	-7119.369	-7535.212	415.8427	0.2549242	1.595532	3.610262
6078	-7134.213	-7549.576	415.3627	0.3086165	1.620902	3.797694
6084	-7130.411	-7546.086	415.6745	0.2478165	1.661656	3.680158
6090	-7137.185	-7551.324	414.139	0.2787903	1.499915	4.601267
6096	-7119.311	-7533.397	414.0864	0.2718389	1.569616	4.601267
6102	-7097.453	-7511.061	413.6086	0.2251406	1.452392	5.001812
6108	-7124.484	-7537.099	412.6149	0.2221927	1.536136	5.509269
6114	-7134.158	-7550.116	415.9589	0.21513	1.563569	3.624128
6120	-7103.095	-7515.67	412.5752	0.2550133	1.33521	5.592931
6126	-7120.856	-7532.986	412.1297	0.2593445	1.394823	5.798352
6132	-7113.954	-7528.466	414.5112	0.2044718	1.458912	4.52705
6138	-7113.814	-7528.84	415.0263	0.2224658	1.45226	4.210696
6144	-7112.192	-7526.051	413.8593	0.2293247	1.422816	4.87238
6150	-7123.819	-7538.685	414.8653	0.2573902	1.57386	4.179879
6156	-7116.077	-7531.011	414.9336	0.2573902	1.505592	4.179879
6162	-7126.07	-7542.188	416.1184	0.2766963	1.640646	3.39118
6168	-7126.267	-7541.457	415.1896	0.2593574	1.574914	3.991671
6174	-7119.71	-7534.545	414.8348	0.2345563	1.600424	4.216363
6180	-7129.659	-7543.85	414.1909	0.2883946	1.466339	4.577941
6186	-7117.547	-7533.385	415.8379	0.2704571	1.51649	3.636082
6192	-7115.485	-7531.394	415.909	0.2704571	1.6299	3.528827
6198	-7115.2	-7531.276	416.076	0.2782459	1.655169	3.405293
6204	-7111.277	-7527.16	415.8836	0.2540366	1.701676	3.526105
6210	-7114.311	-7530.53	416.2192	0.2540366	1.645714	3.362523
6216	-7121.881	-7537.882	416.0005	0.2419814	1.665806	3.497341
6222	-7111.735	-7527.688	415.9535	0.2391067	1.655656	3.535115
6228	-7111.584	-7527.281	415.6974	0.2383585	1.638363	3.694943
6234	-7125.349	-7540.936	415.5871	0.2764847	1.650729	3.694943
6240	-7123.051	-7538.875	415.8231	0.2586986	1.653027	3.582649
6246	-7105.25	-7520.788	415.5378	0.2341014	1.648678	3.78774
6252	-7122.55	-7538.304	415.7537	0.2356523	1.677088	3.644159
6258	-7097.625	-7513.076	415.4508	0.2554571	1.604996	3.830373
6264	-7111.52	-7526.152	414.6327	0.248734	1.569797	4.326677
6270	-7114.478	-7530.346	415.8687	0.2351556	1.640565	3.599434
6276	-7131.343	-7547.1	415.7574	0.267182	1.582794	3.649025
6282	-7127.395	-7540.324	412.929	0.2319372	1.371257	5.412222
6288	-7112.158	-7524.273	412.1149	0.2455111	1.374308	5.837313
6294	-7120.106	-7536.253	416.1472	0.2516761	1.60961	3.429503
6300	-7126.947	-7542.165	415.2179	0.2456489	1.60961	3.975965
6306	-7110.584	-7527.093	416.5084	0.2565953	1.605565	3.211792
6312	-7113.604	-7528.532	414.9275	0.2976084	1.489953	4.136193
6318	-7112.076	-7524.997	412.9206	0.2870054	1.411919	5.316783
6324	-7149.662	-7564.829	415.1672	0.2675961	1.621775	3.965719
6330	-7147.846	-7561.38	413.534	0.2688068	1.486171	4.960526
6336	-7143.786	-7557.327	413.5406	0.2720583	1.471499	4.960526
6342	-7134.69	-7547.475	412.7853	0.2720583	1.428528	5.402344
6348	-7132.086	-7546.183	414.0965	0.2537521	1.447353	4.68975
6354	-7137.103	-7550.39	413.2873	0.2785675	1.489714	5.08216
6360	-7143.254	-7553.343	410.0892	0.2878957	1.333109	6.901208
6366	-7142.334	-7554.055	411.7204	0.2939803	1.472231	5.93329
6372	-7130.212	-7543.595	413.3829	0.2655122	1.409712	5.091479
6378	-7117.793	-7530.287	412.4941	0.2368682	1.34085	5.660613
6384	-7111.593	-7522.3	410.7076	0.2411732	1.415543	6.586496
6390	-7135.866	-7548.683	412.8177	0.2756908	1.411054	5.389177
6396	-7133.438	-7545.828	412.3894	0.3112009	1.507467	5.525595
6402	-7133.193	-7546.879	413.6861	0.3002956	1.409107	4.876537
6408	-7129.817	-7543.045	413.2279	0.2879214	1.449445	5.1249
6414	-7123.14	-7537.496	414.3558	0.2560609	1.49295	4.515411
6420	-7113.911	-7528.151	414.2396	0.2960925	1.504852	4.518709
6426	-7114.179	-7528.804	414.6254	0.2783991	1.550572	4.299238
6432	-7144.181	-7559.399	415.2181	0.2433399	1.62077	3.973017
6438	-7152.035	-7566.316	414.2814	0.2676846	1.537706	4.515486
6444	-7123.758	-7539.395	415.6379	0.2589817	1.578556	3.732609
6450	-7125.416	-7540.383	414.9671	0.2270128	1.562494	4.174501
6456	-7134.993	-7549.758	414.7649	0.2238337	1.547434	4.302684
6462	-7132.45	-7543.814	411.3644	0.2246581	1.309587	6.312341
6468	-7116.404	-7530.242	413.838	0.2673843	1.489384	4.791354
6474	-7127.164	-7540.621	413.457	0.2628625	1.370319	5.075946
6480	-7129.491	-7542.775	413.284	0.2628625	1.301284	5.209993
6486	-7133.169	-7545.543	412.3734	0.2769221	1.341831	5.669801
6492	-7109.309	-7522.759	413.4502	0.2539963	1.450719	5.047712
6498	-7110.29	-7523.605	413.3147	0.2539963	1.443511	5.126838
6504	-7098.39	-7511.3	412.9104	0.2961729	1.356581	5.340957
6510	-7104.983	-7518.33	413.347	0.2908095	1.408025	5.077984
6516	-7128.68	-7542.249	413.5695	0.2523718	1.420095	5.000806
6522	-7103.992	-7518.299	414.3069	0.2793264	1.607749	4.445499
6528	-7101.696	-7517.361	415.665	0.2470529	1.625998	3.707434
6534	-7107.022	-7522.504	415.4821	0.2701406	1.547618	3.824002
6540	-7114.694	-7529.397	414.7029	0.2409243	1.518828	4.327548
6546	-7114.438	-7528.737	414.2996	0.2602176	1.544977	4.511784
6552	-7111.844	-7526.373	414.5291	0.2450389	1.489252	4.436144
6558	-7123.307	-7537.747	414.4401	0.2377534	1.561246	4.456663
6564	-7101.128	-7515.55	414.4222	0.2676109	1.59579	4.403592
6570	-7122.017	-7535.384	413.3667	0.2571668	1.561026	5.028272
6576	-7125.902	-7538.994	413.0916	0.2990011	1.36483	5.232644
6582	-7152.985	-7565.732	412.7463	0.2462773	1.312045	5.524155
6588	-7126.915	-7540.07	413.1542	0.2680264	1.356104	5.244248
6594	-7120.357	-7532.708	412.3503	0.2580374	1.356516	5.700323
6600	-7126.771	-7538.258	411.4874	0.2658976	1.358889	6.159372
6606	-7121.226	-7532.748	411.5228	0.236314	1.400588	6.159372
6612	-7118.248	-7529.954	411.7061	0.232269	1.397793	6.067106
6618	-7123.871	-7536.905	413.0343	0.2685431	1.451096	5.257296
6624	-7105.917	-7518.681	412.7633	0.2274424	1.428219	5.478929
6630	-7134.435	-7545.294	410.8584	0.2402485	1.321297	6.557207
6636	-7126.255	-7536.413	410.158	0.2511674	1.292472	6.935454
6642	-7122.401	-7533.956	411.5551	0.297104	1.47317	6.018933
6648	-7141.029	-7552.861	411.8321	0.2486031	1.458063	5.941656
6654	-7140.234	-7551.684	411.4501	0.2860181	1.426153	6.116139
6660	-7120.754	-7535.221	414.467	0.2731197	1.548543	4.397244
6666	-7121.534	-7535.783	414.2489	0.2246738	1.524217	4.605119
6672	-7129.037	-7541.721	412.6842	0.273832	1.33234	5.508502
6678	-7107.814	-7520.026	412.2119	0.2634648	1.293732	5.802946
6684	-7110.07	-7522.155	412.0847	0.2374692	1.425478	5.837616
6690	-7123.313	-7536.707	413.3938	0.2757932	1.417706	5.066834
6696	-7109.867	-7524.737	414.8702	0.2355429	1.551903	4.222265
6702	-7103.398	-7516.906	413.5077	0.2511092	1.512004	4.985924
6708	-7116.933	-7531.736	414.8031	0.2459347	1.511706	4.267327
6714	-7115.714	-7531.296	415.582	0.2409764	1.669858	3.739373
6720	-7103.349	-7518.978	415.6282	0.2346893	1.640506	3.739373
6726	-7112.219	-7527.247	415.0275	0.2346893	1.546245	4.13747
6732	-7117.5	-7531.015	413.5156	0.2554746	1.513097	4.974594
6738	-7128.671	-7542.16	413.4886	0.2508965	1.464004	5.023494
6744	-7109.983	-7524.415	414.4321	0.2504598	1.659996	4.386519
6750	-7119.975	-7534.77	414.7945	0.2581121	1.540746	4.237796
6756	-7107.761	-7522.244	414.4828	0.2174104	1.571714	4.458455
6762	-7111.968	-7524.853	412.8851	0.2449071	1.408621	5.396614
6768	-7116.82	-7530.434	413.6143	0.2623221	1.445157	4.94777
6774	-7115.904	-7528.881	412.9764	0.2588184	1.425546	5.316992
6780	-7107.408	-7520.443	413.0352	0.2425149	1.409288	5.316992
6786	-7118.901	-7533.879	414.9776	0.2314344	1.556068	4.16527
6792	-7118.585	-7532.833	414.2474	0.2369466	1.637886	4.523203
6798	-7123.725	-7537.307	413.5827	0.2545579	1.543183	4.921853
6804	-7128.469	-7544.14	415.671	0.2501105	1.534605	3.75212
6810	-7119.661	-7535.177	415.5165	0.237601	1.722233	3.75212
6816	-7100.392	-7515.737	415.3449	0.2579978	1.579108	3.902332
6822	-7118.205	-7533.111	414.906	0.2791799	1.601575	4.109982
6828	-7121.492	-7537.021	415.5292	0.2635219	1.654097	3.74511
6834	-7112.895	-7527.274	414.3788	0.2427652	1.545521	4.492488
6840	-7114.405	-7528.911	414.506	0.2873246	1.541095	4.359899
6846	-7130.263	-7544.432	414.1696	0.2416311	1.515885	4.628282
6852	-7110.364	-7524.179	413.8146	0.2452156	1.470717	4.846675
6858	-7128.8	-7541.809	413.0086	0.2078393	1.500924	5.334444
6864	-7122.468	-7535.311	412.8435	0.2402997	1.451258	5.402831
6870	-7114.591	-7528.866	414.2755	0.2402997	1.533494	4.561025
6876	-7113.251	-7527.093	413.8426	0.2402997	1.51809	4.811902
6882	-7120.641	-7536.755	416.1138	0.2299236	1.640329	3.465085
6888	-7118.143	-7533.388	415.2445	0.2429024	1.590722	3.975735
6894	-7128.658	-7544.588	415.93	0.2747769	1.592269	3.532318
6900	-7138.743	-7550.911	412.1678	0.2885745	1.348438	5.763366
6906	-7129.906	-7543.561	413.6552	0.2153324	1.379734	5.031678
6912	-7130.704	-7544.35	413.6461	0.2223436	1.521424	4.94696
6918	-7120.988	-7533.998	413.0101	0.2223436	1.440448	5.344076
6924	-7114.883	-7528.203	413.3208	0.1911656	1.440448	5.222954
6930	-7115.603	-7528.731	413.1278	0.2609894	1.470708	5.205287
6936	-7121.026	-7534.347	413.3208	0.2495122	1.45147	5.125488
6942	-7123.828	-7536.259	412.4308	0.2100944	1.422443	5.691704
6948	-7129.517	-7542.694	413.1766	0.2500068	1.387531	5.239974
6954	-7124.853	-7537.34	412.4873	0.2635992	1.414004	5.585897
6960	-7126.773	-7540.44	413.6674	0.2919102	1.435923	4.882967
6966	-7117.277	-7528.352	411.0757	0.2776617	1.314358	6.391386
6972	-7134.225	-7547.918	413.6936	0.3285854	1.458305	4.809261
6978	-7133.423	-7546.601	413.1781	0.2900474	1.418896	5.166553
6984	-7118.491	-7529.707	411.2158	0.25881	1.327609	6.333752
6990	-7154.979	-7566.726	411.7472	0.2861269	1.363244	5.988362
6996	-7145.429	-7559.244	413.8153	0.3187814	1.49855	4.730946
7002	-7121.027	-7532.869	411.8424	0.25799	1.345937	5.983926
7008	-7111.311	-7522.744	411.4331	0.2232912	1.352994	6.253519
7014	-7113.264	-7525.217	411.9526	0.2335968	1.426695	5.914868
7020	-7113.997	-7526.503	412.5065	0.2578011	1.358042	5.614192
7026	-7133.364	-7547.265	413.9012	0.21547	1.498825	4.828282
7032	-7129.524	-7544.878	415.3536	0.2705618	1.563494	3.888077
7038	-7130.976	-7546.78	415.8039	0.2339677	1.646814	3.635273
7044	-7146.007	-7561.676	415.669	0.2784245	1.667064	3.635273
7050	-7141.474	-7556.59	415.1158	0.2992511	1.559214	3.987147
7056	-7154.383	-7567.87	413.4877	0.2474493	1.391062	5.069479
7062	-7126.308	-7540.502	414.1944	0.2496014	1.490004	4.61708
7068	-7137.162	-7551.037	413.8744	0.270739	1.450657	4.787966
7074	-7127.62	-7542.721	415.1009	0.2881002	1.532952	4.025736
7080	-7117.648	-7532.145	414.4969	0.2588392	1.504861	4.425231
7086	-7113.578	-7527.125	413.5478	0.2597099	1.483713	4.967005
7092	-7112.191	-7526.011	413.8205	0.2555392	1.49285	4.815989
7098	-7138.458	-7551.278	412.8201	0.2924544	1.332027	5.409087
7104	-7134.83	-7546.978	412.1475	0.2924544	1.27544	5.809378
7110	-7116.048	-7528.568	412.5206	0.2787717	1.340419	5.587275
7116	-7132.645	-7546.254	413.6085	0.2590718	1.435001	4.961223
7122	-7121.841	-7535.491	413.6495	0.263313	1.431483	4.934422
7128	-7128.634	-7542.635	414.0009	0.2686337	1.544934	4.667448
7134	-7110.44	-7525.219	414.7795	0.2292059	1.618525	4.245741
7140	-7120.274	-7535.074	414.8	0.2382386	1.573459	4.245741
7146	-7112.905	-7527.722	414.817	0.2382386	1.556456	4.245741
7152	-7111.659	-7526.868	415.2089	0.2382386	1.553096	4.024717
7158	-7119.23	-7534.46	415.2295	0.2318139	1.549895	4.024717
7164	-7095.587	-7510.768	415.1803	0.2479541	1.555852	4.024717
7170	-7125.788	-7540.981	415.1934	0.2272784	1.537442	4.059588
7176	-7148.568	-7563.594	415.0269	0.2355017	1.537442	4.141554
7182	-7137.841	-7552.801	414.9605	0.2440723	1.564636	4.150786
7188	-7127.698	-7542.736	415.0374	0.2543271	1.64941	4.043421
7194	-7108.891	-7524.643	415.7514	0.2422911	1.676421	3.635547
7200	-7124.143	-7539.435	415.2923	0.2503297	1.655248	3.900182
7206	-7131.469	-7547.19	415.7211	0.3024902	1.604129	3.608383
7212	-7120.81	-7537.072	416.2617	0.2515386	1.679541	3.321478
7218	-7115.307	-7531.043	415.7365	0.23718	1.630523	3.678683
7224	-7114.624	-7530.518	415.8945	0.2650911	1.593455	3.566327
7230	-7114.856	-7528.879	414.0231	0.2346588	1.501664	4.728773
7236	-7107.159	-7522.627	415.4682	0.250277	1.636522	3.810009
7242	-7111.21	-7524.913	413.7036	0.294823	1.511055	4.81705
7248	-7112.358	-7525.484	413.1259	0.2254001	1.437377	5.27713
7254	-7110.554	-7523.621	413.0671	0.2415015	1.452268	5.27713
7260	-7118.83	-7534.639	415.8096	0.2451873	1.62333	3.628105
7266	-7102.809	-7518.382	415.5737	0.2621943	1.64536	3.726366
7272	-7118.062	-7533.779	415.7166	0.2225417	1.608247	3.726366
7278	-7115.336	-7530.391	415.0549	0.281761	1.568515	4.040388
7284	-7123.916	-7538.947	415.0306	0.2830585	1.589679	4.040388
7290	-7121.659	-7535.539	413.8799	0.2915701	1.468811	4.746484
7296	-7123.694	-7537.964	414.2699	0.2909299	1.489641	4.51707
7302	-7133.376	-7548.692	415.316	0.2238366	1.607865	3.954759
7308	-7117.129	-7532.785	415.6557	0.2592169	1.649326	3.681047
7314	-7126.37	-7541.994	415.624	0.2875302	1.611007	3.681047
7320	-7132.873	-7548.445	415.5724	0.3122569	1.60497	3.681047
7326	-7127.289	-7543.426	416.1365	0.2628717	1.641854	3.400039
7332	-7127.879	-7543.884	416.0053	0.2628717	1.693769	3.446474
7338	-7119.831	-7536.533	416.7023	0.2561283	1.756822	3.006816
7344	-7125.197	-7539.644	414.4465	0.2372237	1.459749	4.51099
7350	-7112.485	-7527.65	415.1649	0.2526777	1.525981	4.043541
7356	-7114.079	-7529.624	415.5448	0.245665	1.559267	3.817304
7362	-7122.923	-7538.46	415.5371	0.2469963	1.563513	3.817304
7368	-7122.283	-7536.241	413.9584	0.2573056	1.523737	4.71918
7374	-7117.122	-7531.067	413.9446	0.2667609	1.460818	4.748628
7380	-7134.375	-7548.353	413.9775	0.2139877	1.507897	4.783012
7386	-7106.278	-7520.297	414.0191	0.2526872	1.495212	4.707826
7392	-7103.631	-7516.324	412.6927	0.2385743	1.421937	5.504521
7398	-7091.365	-7505.908	414.5438	0.2187536	1.507617	4.458063
7404	-7105.191	-7520.715	415.5246	0.189498	1.506	3.951372
7410	-7142.568	-7556.959	414.3906	0.268394	1.548074	4.447161
7416	-7124.622	-7540.069	415.447	0.235039	1.571033	3.883112
7422	-7130.351	-7545.843	415.492	0.260854	1.545872	3.832767
7428	-7134.348	-7549.008	414.6603	0.2562107	1.510977	4.333377
7434	-7120.079	-7535.123	415.0433	0.2251101	1.597571	4.114246
7440	-7116.868	-7531.056	414.1876	0.2520304	1.502891	4.610139
7446	-7123.623	-7537.645	414.0222	0.2715123	1.524289	4.663074
7452	-7112.321	-7526.036	413.7155	0.2663607	1.426854	4.895952
7458	-7118.51	-7532.201	413.6911	0.3013684	1.36674	4.895952
7464	-7121.08	-7534.098	413.0179	0.2191626	1.347631	5.395892
7470	-7114.367	-7526.096	411.7289	0.2561416	1.398099	6.019947
7476	-7125.69	-7537.988	412.2983	0.2293631	1.343266	5.777832
7482	-7122.407	-7534.807	412.4007	0.2387739	1.429888	5.660209
7488	-7127.876	-7542.5	414.6241	0.2567267	1.517995	4.349099
7494	-7125.517	-7540.053	414.5361	0.2386642	1.517244	4.426003
7500	-7125.288	-7540.216	414.9279	0.274057	1.579447	4.117273
7506	-7110.15	-7525.246	415.0954	0.2536698	1.562429	4.060886
7512	-7121.304	-7536.612	415.3079	0.2173507	1.517376	4.021566
7518	-7121.503	-7536.549	415.0452	0.2361289	1.52241	4.138754
7524	-7116.128	-7531.381	415.2527	0.2315637	1.565427	4.003007
7530	-7117.843	-7532.282	414.4385	0.2342095	1.395862	4.555988
7536	-7144.233	-7559.017	414.7833	0.2549341	1.539819	4.249297
7542	-7151.037	-7567.792	416.7548	0.2649342	1.840191	2.911562
7548	-7127.168	-7543.726	416.5583	0.2526905	1.812276	3.065129
7554	-7131.303	-7548.038	416.7342	0.2436176	1.754367	3.008805
7560	-7142.406	-7554.845	412.4385	0.272117	1.368715	5.625836
7566	-7147.115	-7560.037	412.922	0.2912141	1.321282	5.360494
7572	-7129.328	-7542.278	412.9502	0.2386372	1.434489	5.355684
7578	-7112.615	-7525.941	413.326	0.3042484	1.431095	5.059418
7584	-7125.088	-7538.081	412.9924	0.3046335	1.432761	5.242744
7590	-7123.095	-7536.237	413.1423	0.2418781	1.572348	5.168589
7596	-7114.918	-7528.201	413.2829	0.246757	1.442616	5.155431
7602	-7111.086	-7524.387	413.3013	0.2490074	1.418289	5.155431
7608	-7098.226	-7511.062	412.8361	0.252087	1.378521	5.42983
7614	-7093.772	-7508.391	414.6187	0.2621713	1.516485	4.345171
7620	-7094.738	-7509.126	414.3879	0.2592183	1.456363	4.513362
7626	-7116.049	-7530.145	414.0964	0.2652685	1.464117	4.663993
7632	-7113.574	-7526.349	412.7759	0.272232	1.386068	5.430655
7638	-7120.822	-7534.002	413.1794	0.2306311	1.445192	5.235256
7644	-7110.104	-7522.494	412.3893	0.2904489	1.378671	5.622924
7650	-7119.91	-7533.827	413.9166	0.2571009	1.499031	4.756677
7656	-7104.762	-7517.696	412.9343	0.2619412	1.451981	5.321223
7662	-7114.389	-7529.001	414.6118	0.2484381	1.577447	4.334628
7668	-7125.552	-7539.641	414.0888	0.2920527	1.555085	4.580545
7674	-7119.639	-7534.631	414.9914	0.3042241	1.557795	4.052387
7680	-7122.082	-7534.722	412.6408	0.256062	1.338701	5.553504
7686	-7124.445	-7536.923	412.4774	0.2984263	1.3982	5.553504
7692	-7136.005	-7548.251	412.2468	0.2835122	1.355826	5.722727
7698	-7142.308	-7555.706	413.3982	0.2734942	1.402464	5.075991
7704	-7145.294	-7558.363	413.0684	0.2822359	1.396379	5.250055
7710	-7133.166	-7545.613	412.4466	0.2761073	1.437854	5.578038
7716	-7129.459	-7541.902	412.4436	0.2402569	1.406134	5.647539
7722	-7127.806	-7542.275	414.4691	0.2593262	1.475747	4.456605
7728	-7132.313	-7546.024	413.711	0.3032389	1.502702	4.806649
7734	-7116.711	-7531.311	414.5997	0.2599849	1.460483	4.390643
7740	-7127.689	-7542.308	414.6182	0.2876336	1.621697	4.250422
7746	-7129.994	-7543.289	413.2953	0.2826316	1.424051	5.108685
7752	-7103.236	-7515.302	412.0668	0.2735229	1.41583	5.801782
7758	-7118.881	-7531.455	412.5739	0.2653566	1.456255	5.512639
7764	-7133.144	-7545.216	412.072	0.3829923	1.271606	5.745558
7770	-7133.537	-7548.076	414.5385	0.2821289	1.625793	4.300734
7776	-7119.185	-7532.768	413.5828	0.2353237	1.480899	4.984759
7782	-7114.33	-7527.511	413.181	0.2590603	1.452232	5.188827
7788	-7134.002	-7547.859	413.8566	0.2815319	1.576865	4.712569
7794	-7136.393	-7550.149	413.7551	0.2415962	1.411796	4.917971
7800	-7114.439	-7527.917	413.4785	0.259511	1.415176	5.043855
7806	-7110.008	-7523.483	413.4741	0.2753846	1.379807	5.043855
7812	-7122.063	-7535.755	413.6914	0.2783688	1.441455	4.88469
7818	-7118.353	-7533.65	415.2968	0.2480803	1.545524	3.963867
7824	-7099.586	-7515.29	415.7042	0.287375	1.585201	3.649784
7830	-7094.781	-7510.414	415.6331	0.2878904	1.62128	3.669336
7836	-7110.483	-7525.771	415.2876	0.2658296	1.652492	3.881706
7842	-7108.798	-7524.96	416.1622	0.2944024	1.771941	3.263057
7848	-7097.994	-7514.296	416.3026	0.2574977	1.680057	3.288018
7854	-7093.987	-7510.378	416.3915	0.2634192	1.690023	3.220649
7860	-7105.078	-7521.461	416.3833	0.2618794	1.702209	3.220649
7866	-7106.348	-7522.966	416.6186	0.2846921	1.759845	3.012545
7872	-7106.223	-7522.883	416.6592	0.2226892	1.665908	3.140515
7878	-7113.248	-7530.35	417.1015	0.2545587	1.776144	2.756067
7884	-7136.291	-7553.219	416.9282	0.2535621	1.804078	2.846087
7890	-7111.31	-7527.437	416.1262	0.2454582	1.61392	3.448808
7896	-7124.644	-7540.658	416.0139	0.2887089	1.664661	3.421318
7902	-7117.802	-7533.785	415.9836	0.280198	1.596646	3.490747
7908	-7123.901	-7539.178	415.2773	0.3071964	1.606936	3.856742
7914	-7111.389	-7525.011	413.6219	0.2593072	1.458863	4.94016
7920	-7107.711	-7521.662	413.9515	0.2617375	1.536569	4.709523
7926	-7110.107	-7525.237	415.1301	0.2536516	1.539013	4.054487
7932	-7118.095	-7532.806	414.711	0.2536516	1.549442	4.286674
7938	-7112.508	-7526.102	413.5947	0.2665824	1.528315	4.906431
7944	-7125.437	-7538.382	412.9445	0.2595411	1.52459	5.278876
7950	-7112.742	-7525.518	412.7757	0.2642144	1.343898	5.465028
7956	-7118.625	-7531.193	412.5678	0.2648239	1.327527	5.587471
7962	-7129.232	-7542.824	413.5919	0.268318	1.443384	4.952809
7968	-7125.527	-7539.109	413.5816	0.2663246	1.458667	4.952809
7974	-7123.19	-7539.05	415.8602	0.2979464	1.608231	3.531248
7980	-7136.832	-7552.544	415.7119	0.2609167	1.622746	3.661425
7986	-7137.932	-7553.923	415.9918	0.2484238	1.648356	3.502658
7992	-7111.604	-7523.983	412.3797	0.2436965	1.498965	5.626594
7998	-7103.099	-7516.13	413.0305	0.2833817	1.413	5.260292
8004	-7095.141	-7507.65	412.5092	0.2444915	1.458886	5.576341
8010	-7118.089	-7530.548	412.459	0.2451255	1.400844	5.634884
8016	-7112.284	-7525.325	413.0413	0.2451255	1.425802	5.300693
8022	-7115.036	-7528.388	413.352	0.2560574	1.385206	5.135542
8028	-7109.125	-7522.087	412.9625	0.2554749	1.440021	5.321401
8034	-7138.914	-7552.078	413.1646	0.2377819	1.482134	5.212263
8040	-7138.537	-7551.629	413.0916	0.2343764	1.516543	5.238675
8046	-7136.789	-7549.815	413.0256	0.2384486	1.448672	5.306555
8052	-7111.383	-7525.769	414.3859	0.2321945	1.40909	4.581154
8058	-7135.856	-7550.145	414.289	0.2422614	1.478869	4.581154
8064	-7139.32	-7555.142	415.8222	0.236917	1.584577	3.656061
8070	-7134.107	-7549.418	415.3111	0.2716865	1.6453	3.863899
8076	-7135.217	-7551.261	416.0442	0.2407045	1.716231	3.444315
8082	-7129.729	-7545.668	415.9383	0.2246107	1.61456	3.590958
8088	-7118.64	-7534.271	415.6311	0.2120234	1.641085	3.774027
8094	-7117.717	-7534.18	416.4623	0.2235967	1.669459	3.253552
8100	-7127.948	-7544.052	416.1042	0.2459708	1.687063	3.41809
8106	-7108.622	-7524.762	416.1397	0.2180812	1.630368	3.475118
8112	-7112.087	-7528.049	415.9626	0.253839	1.710607	3.475118
8118	-7096.889	-7512.69	415.801	0.2642299	1.660072	3.583191
8124	-7107.303	-7523.285	415.9829	0.2125985	1.617335	3.583191
8130	-7106.119	-7522.129	416.0101	0.2425875	1.702021	3.469635
8136	-7110.267	-7525.18	414.9121	0.2425875	1.529318	4.200599
8142	-7125.363	-7539.66	414.2974	0.2404934	1.518093	4.557037
8148	-7109.913	-7524.451	414.538	0.2527085	1.505034	4.410858
8154	-7108.149	-7522.952	414.8039	0.2678584	1.505034	4.238745
8160	-7130.028	-7544.923	414.895	0.2510299	1.432295	4.252652
8166	-7122.487	-7537.608	415.1206	0.2289116	1.544286	4.0946
8172	-7110.651	-7524.218	413.5666	0.2798275	1.540019	4.897285
8178	-7113.099	-7527.564	414.4645	0.2571114	1.45031	4.476717
8184	-7131.615	-7545.387	413.7721	0.2507152	1.48132	4.856412
8190	-7107.318	-7521.351	414.0334	0.2444346	1.445674	4.739683
8196	-7112.239	-7525.772	413.5329	0.2461912	1.563252	4.950589
8202	-7118.432	-7531.927	413.4952	0.285009	1.503142	4.950589
8208	-7135.811	-7549.013	413.2019	0.2583751	1.504782	5.14911
8214	-7128.725	-7542.502	413.7767	0.2470321	1.473848	4.863374
8220	-7119.713	-7534.624	414.9109	0.2213961	1.592865	4.198126
8226	-7111.736	-7525.862	414.1255	0.2008888	1.542388	4.702434
8232	-7114.017	-7528.239	414.2219	0.2105453	1.548771	4.628983
8238	-7128.008	-7542.658	414.6503	0.2222076	1.55549	4.365501
8244	-7132.651	-7547.203	414.552	0.2596606	1.553581	4.365501
8250	-7117.211	-7532.201	414.9894	0.2245081	1.547416	4.174404
8256	-7116.273	-7530.837	414.5634	0.2245081	1.558809	4.409004
8262	-7135.375	-7548.663	413.2877	0.2307362	1.409107	5.195154
8268	-7133.421	-7546.648	413.2268	0.2216891	1.495151	5.195154
8274	-7136.73	-7550.367	413.6369	0.2615852	1.495151	4.908394
8280	-7121.444	-7536.314	414.8696	0.2761434	1.535645	4.172392
8286	-7125.853	-7541.151	415.2978	0.2375461	1.579372	3.959938
8292	-7126.977	-7541.921	414.9434	0.2555465	1.575599	4.137205
8298	-7136.512	-7551.623	415.1115	0.2408982	1.575599	4.063359
8304	-7118.006	-7531.118	413.1116	0.2523653	1.457689	5.233741
8310	-7135.859	-7551.637	415.7785	0.2519249	1.652805	3.618823
8316	-7159.229	-7575.396	416.1672	0.2760706	1.764461	3.290558
8322	-7129.971	-7541.709	411.7383	0.2335117	1.393753	6.049876
8328	-7117.275	-7530.432	413.1579	0.2315579	1.586091	5.167814
8334	-7108.621	-7524.85	416.2292	0.2661812	1.734528	3.286156
8340	-7095.846	-7511.218	415.3722	0.2709939	1.677666	3.811171
8346	-7111.07	-7525.345	414.275	0.2709939	1.504248	4.533218
8352	-7124.372	-7538.488	414.1156	0.2876459	1.623076	4.533218
8358	-7119.869	-7533.709	413.8404	0.3039395	1.421378	4.778866
8364	-7139.858	-7554.953	415.0949	0.2590293	1.639824	4.009164
8370	-7101.44	-7515.534	414.0936	0.2351068	1.456436	4.71399
8376	-7115.015	-7528.83	413.8152	0.2710209	1.388213	4.855448
8382	-7136.889	-7551.072	414.183	0.3244361	1.523964	4.503451
8388	-7128.317	-7541.888	413.5707	0.3009422	1.454279	4.914791
8394	-7117.72	-7530.03	412.3101	0.2406743	1.294931	5.781001
8400	-7123.582	-7535.709	412.1272	0.2222595	1.488038	5.803005
8406	-7135.806	-7548.014	412.207	0.2323944	1.380186	5.803005
8412	-7116.9	-7529.803	412.9031	0.2644264	1.396775	5.365392
8418	-7142.56	-7555.525	412.9647	0.2338628	1.466204	5.337322
8424	-7132.651	-7546.6	413.949	0.2338628	1.487813	4.779149
8430	-7123.025	-7536.627	413.6023	0.2642508	1.520672	4.909727
8436	-7113.364	-7526.91	413.546	0.251995	1.498299	4.970938
8442	-7118.084	-7531.711	413.6273	0.2925826	1.500604	4.868369
8448	-7128.342	-7541.575	413.2323	0.2449126	1.442493	5.186175
8454	-7134.638	-7547.001	412.3634	0.2386414	1.422628	5.684856
8460	-7115.362	-7528.648	413.2865	0.2438514	1.411107	5.175139
8466	-7120.006	-7533.648	413.6422	0.2103172	1.443908	5.011264
8472	-7102.762	-7516.779	414.0172	0.2666593	1.428397	4.726324
8478	-7106.367	-7521.786	415.419	0.2363278	1.667695	3.841678
8484	-7123.337	-7537.992	414.6548	0.231445	1.563296	4.344049
8490	-7103.049	-7517.02	413.9707	0.2450972	1.557755	4.711056
8496	-7112.676	-7528.017	415.3413	0.2617278	1.630126	3.869627
8502	-7105.172	-7520.484	415.3117	0.273568	1.630126	3.869627
8508	-7109.959	-7526.196	416.2372	0.2404677	1.75547	3.308407
8514	-7130.12	-7545.457	415.3372	0.2862541	1.712994	3.789547
8520	-7116.51	-7532.792	416.2819	0.2945331	1.66494	3.255398
8526	-7106.708	-7523.047	416.3385	0.2454597	1.730713	3.255398
8532	-7107.83	-7523.81	415.9797	0.2266635	1.688718	3.52039
8538	-7103.044	-7519.711	416.6673	0.2413087	1.688718	3.091725
8544	-7127.994	-7544.524	416.5302	0.2623364	1.681799	3.144912
8550	-7122.11	-7538.096	415.9867	0.2617341	1.666563	3.474929
8556	-7120.602	-7536.393	415.7916	0.2729768	1.602182	3.609572
8562	-7124.774	-7540.691	415.9172	0.2787746	1.626559	3.514092
8568	-7122.783	-7538.483	415.6997	0.2415938	1.534266	3.748707
8574	-7124.635	-7539.685	415.0504	0.2693081	1.547116	4.072619
8580	-7125.671	-7541.358	415.6868	0.2335154	1.606772	3.726891
8586	-7120.109	-7535.035	414.9253	0.2873345	1.61318	4.08115
8592	-7147.223	-7560.149	412.9262	0.2432484	1.399119	5.381643
8598	-7142.665	-7555.547	412.8824	0.2627343	1.392294	5.381643
8604	-7140.367	-7553.455	413.088	0.2439021	1.430645	5.273975
8610	-7143.443	-7557.458	414.0145	0.2388284	1.487713	4.735076
8616	-7136.653	-7552.092	415.4384	0.2405328	1.538857	3.898019
8622	-7119.046	-7535.402	416.3565	0.2656634	1.659863	3.255841
8628	-7116.322	-7532.584	416.2624	0.2793954	1.719971	3.255841
8634	-7107.937	-7524.383	416.4469	0.2696611	1.771671	3.13003
8640	-7111.613	-7528.382	416.7686	0.2537455	1.698357	3.005819
8646	-7110.132	-7526.845	416.7126	0.2631323	1.730289	3.005819
8652	-7109.389	-7525.282	415.8921	0.255956	1.730289	3.50159
8658	-7127.977	-7544.625	416.648	0.2400001	1.795218	3.041721
8664	-7140.26	-7556.562	416.3021	0.2383947	1.797117	3.248833
8670	-7130.09	-7546.61	416.5204	0.250543	1.745968	3.130628
8676	-7120.622	-7537.133	416.5115	0.2589499	1.695176	3.153202
8682	-7137.549	-7551.975	414.4259	0.2414445	1.611008	4.431066
8688	-7135.693	-7550.044	414.351	0.2996271	1.540908	4.431066
8694	-7134.66	-7547.917	413.2572	0.2784589	1.481663	5.103459
8700	-7124.807	-7538.548	413.7412	0.2555025	1.560223	4.822688
8706	-7136.685	-7550.312	413.6268	0.2450097	1.497159	4.936822
8712	-7118.689	-7533.59	414.9014	0.2580042	1.649077	4.115719
8718	-7115.098	-7530.55	415.4512	0.2185587	1.581437	3.900989
8724	-7125.743	-7541.167	415.4236	0.2315639	1.610573	3.879314
8730	-7132.811	-7547.302	414.4919	0.2767835	1.489047	4.41167
8736	-7129.135	-7544.436	415.3015	0.2590402	1.646941	3.886798
8742	-7131.821	-7546.528	414.7066	0.2871006	1.571602	4.229411
8748	-7144.559	-7558.712	414.1533	0.281816	1.551112	4.560335
8754	-7142.385	-7556.608	414.2227	0.2460344	1.477781	4.613359
8760	-7140.46	-7554.964	414.5044	0.2544156	1.506606	4.426445
8766	-7133.065	-7546.257	413.1926	0.2568206	1.407488	5.210313
8772	-7140.391	-7554.55	414.1593	0.2966714	1.487111	4.573046
8778	-7140.874	-7554.466	413.5919	0.3093062	1.487111	4.873982
8784	-7129.54	-7543.121	413.5813	0.3117455	1.492136	4.873982
8790	-7113.046	-7527.294	414.2475	0.2655781	1.441354	4.591627
8796	-7118.164	-7532.292	414.1281	0.2693326	1.429457	4.659927
8802	-7121.375	-7536.156	414.7806	0.2514944	1.576794	4.234908
8808	-7118.874	-7533.625	414.7502	0.2144692	1.545151	4.327295
8814	-7122.988	-7537.407	414.4195	0.2562767	1.536396	4.454793
8820	-7129.902	-7543.401	413.4991	0.2834095	1.512371	4.945411
8826	-7112.507	-7524.847	412.3393	0.275857	1.475393	5.616646
8832	-7115.418	-7529.035	413.6165	0.275857	1.47896	4.908908
8838	-7101.733	-7516.162	414.4294	0.2384959	1.564313	4.459839
8844	-7116.045	-7530.974	414.9296	0.2375436	1.564313	4.178442
8850	-7105.871	-7518.991	413.12	0.2809569	1.449946	5.193625
8856	-7115.406	-7527.7	412.2942	0.2505301	1.346486	5.747215
8862	-7115.047	-7528.969	413.9225	0.2378056	1.446001	4.811316
8868	-7102.306	-7517.405	415.0993	0.2403105	1.613748	4.049474
8874	-7117.152	-7531.627	414.4745	0.2403105	1.454454	4.49355
8880	-7094.286	-7509.38	415.0949	0.2505488	1.555255	4.069934
8886	-7120.918	-7533.391	412.4727	0.2505488	1.435149	5.600695
8892	-7132.512	-7546.272	413.7596	0.2496041	1.520561	4.843132
8898	-7131.979	-7546.283	414.3038	0.2496041	1.548549	4.522804
8904	-7129.68	-7544.242	414.5616	0.2496041	1.538372	4.383333
8910	-7123.069	-7538.296	415.2269	0.2395158	1.63446	3.965956
8916	-7121.309	-7536.735	415.4267	0.2418969	1.621436	3.855262
8922	-7111.409	-7526.734	415.3243	0.2590975	1.621436	3.888249
8928	-7110.625	-7526.727	416.1012	0.2543277	1.720806	3.387264
8934	-7109.491	-7526.412	416.9214	0.2234804	1.814251	2.893068
8940	-7124.164	-7541.336	417.1722	0.2465711	1.801553	2.710014
8946	-7119.885	-7537.015	417.1301	0.231892	1.76466	2.782379
8952	-7112.152	-7529.255	417.1022	0.2422055	1.76466	2.782379
8958	-7098.158	-7514.709	416.5504	0.2207144	1.717137	3.177969
8964	-7125.236	-7541.27	416.034	0.236831	1.620469	3.512315
8970	-7124.452	-7539.963	415.5119	0.236831	1.580869	3.837399
8976	-7107.503	-7522.76	415.2571	0.2430595	1.576139	3.976637
8982	-7105.848	-7520.284	414.4361	0.2469783	1.483207	4.489001
8988	-7115.413	-7529.528	414.1151	0.2556533	1.606746	4.587272
8994	-7144.424	-7560.07	415.6464	0.2846778	1.68263	3.630562
9000	-7115.884	-7531.602	415.7179	0.2751591	1.730801	3.574544
9006	-7114.546	-7529.228	414.6823	0.250154	1.530896	4.318571
9012	-7122.012	-7536.694	414.6818	0.2259906	1.500701	4.372659
9018	-7114.393	-7529.568	415.1747	0.2259906	1.535752	4.073259
9024	-7120.276	-7534.524	414.2475	0.2253974	1.426743	4.659383
9030	-7140.935	-7555.927	414.9918	0.2298395	1.576646	4.148006
9036	-7134.026	-7549.142	415.1161	0.2297723	1.61347	4.056393
9042	-7113.629	-7528.694	415.0644	0.2447603	1.475201	4.141519
9048	-7115.253	-7530.372	415.119	0.2750745	1.508222	4.047545
9054	-7106.786	-7520.925	414.1396	0.2240857	1.511883	4.674169
9060	-7113.221	-7526.955	413.7339	0.256546	1.486179	4.866546
9066	-7111.273	-7525.302	414.0296	0.2341106	1.424103	4.769334
9072	-7115.011	-7528.317	413.3065	0.2367307	1.423885	5.167553
9078	-7100.506	-7512.754	412.2477	0.2844849	1.439677	5.674958
9084	-7113.956	-7527.96	414.004	0.254009	1.417782	4.757661
9090	-7116.273	-7530.99	414.7167	0.254009	1.603953	4.252041
9096	-7124.763	-7540.183	415.4198	0.23328	1.603812	3.882645
9102	-7103.969	-7519.326	415.3579	0.2364586	1.640014	3.892455
9108	-7118.325	-7532.289	413.9632	0.2840336	1.412786	4.741334
9114	-7123.406	-7538.067	414.6617	0.2853457	1.522707	4.284966
9120	-7111.23	-7526.745	415.5151	0.2490387	1.700467	3.747993
9126	-7104.159	-7520.458	416.2994	0.2364153	1.773189	3.267724
9132	-7109.828	-7526.763	416.935	0.234089	1.773189	2.891987
9138	-7106.537	-7522.973	416.4362	0.2425544	1.773189	3.176958
9144	-7098.927	-7515.395	416.4681	0.2302931	1.774478	3.176958
9150	-7113.12	-7528.623	415.5028	0.254274	1.686447	3.755269
9156	-7114.853	-7530.082	415.2289	0.2259315	1.619224	3.99474
9162	-7124.996	-7540.272	415.2757	0.2751075	1.61948	3.894203
9168	-7111.129	-7527.39	416.2613	0.263606	1.725502	3.276388
9174	-7099.493	-7515.713	416.2205	0.2643597	1.701949	3.313187
9180	-7125.158	-7541.917	416.7586	0.2268643	1.713585	3.045853
9186	-7101.403	-7517.654	416.2511	0.2416825	1.693537	3.334775
9192	-7108.327	-7524.297	415.9699	0.2476155	1.638992	3.522072
9198	-7128.995	-7544.988	415.9935	0.268405	1.562189	3.522072
9204	-7119.075	-7533.943	414.8678	0.27085	1.532547	4.182643
9210	-7115.793	-7530.803	415.0108	0.2616456	1.616558	4.066633
9216	-7115.729	-7531.808	416.0795	0.2720489	1.668487	3.404343
9222	-7123.553	-7539.697	416.1445	0.2383579	1.661487	3.421332
9228	-7120.465	-7536.777	416.3119	0.2287293	1.648426	3.346187
9234	-7116.399	-7531.294	414.8946	0.2339508	1.495944	4.242637
9240	-7130.973	-7547.43	416.4571	0.2652849	1.627075	3.216315
9246	-7110.399	-7525.946	415.5476	0.2413901	1.656463	3.766294
9252	-7115.917	-7531.386	415.4684	0.2401027	1.634417	3.826575
9258	-7099.904	-7516.33	416.4256	0.2472044	1.669749	3.237248
9264	-7092.345	-7508.267	415.9222	0.2472044	1.707218	3.510756
9270	-7112.552	-7529.136	416.5839	0.2619292	1.781004	3.054348
9276	-7122.067	-7538.679	416.6121	0.2580307	1.781004	3.043459
9282	-7095.904	-7512.051	416.1476	0.2580307	1.755859	3.333851
9288	-7108.648	-7524.683	416.0348	0.2514434	1.703398	3.44075
9294	-7099.884	-7516.146	416.2624	0.256239	1.715953	3.29242
9300	-7134.052	-7548.337	414.285	0.2660497	1.487287	4.544115
9306	-7118.923	-7533.264	414.3411	0.2247967	1.559191	4.5335
9312	-7120.892	-7535.019	414.1264	0.29053	1.604932	4.5335
9318	-7128.91	-7543.885	414.9745	0.2935472	1.58979	4.058012
9324	-7140.764	-7553.563	412.7996	0.3191365	1.383318	5.358261
9330	-7111.09	-7526.732	415.6421	0.3021073	1.644929	3.631038
9336	-7111.575	-7528.183	416.6075	0.2458809	1.644929	3.146156
9342	-7109.225	-7524.631	415.4055	0.2712932	1.561861	3.858187
9348	-7112.294	-7527.137	414.8429	0.3147104	1.614547	4.091025
9354	-7126.106	-7539.911	413.8048	0.2599334	1.558946	4.781577
9360	-7120.543	-7534.407	413.8637	0.2599334	1.500018	4.781577
9366	-7119.457	-7531.574	412.1176	0.2634455	1.414007	5.788739
9372	-7124.099	-7536.316	412.2162	0.2852179	1.382779	5.722437
9378	-7129.057	-7542.686	413.6289	0.2608962	1.457667	4.934684
9384	-7126.151	-7538.47	412.3186	0.258586	1.365829	5.711864
9390	-7122.834	-7536.691	413.8571	0.2830015	1.41721	4.799529
9396	-7132.745	-7546.815	414.0701	0.2660907	1.412743	4.706313
9402	-7127.362	-7543.214	415.8524	0.3091575	1.585305	3.534042
9408	-7124.963	-7540.007	415.0439	0.2544845	1.651386	4.03832
9414	-7115.795	-7531.804	416.0088	0.2745159	1.651386	3.452211
9420	-7130.318	-7545.95	415.6321	0.2745159	1.613452	3.693268
9426	-7146.771	-7560.93	414.1598	0.2529119	1.558543	4.593227
9432	-7135.15	-7547.373	412.2225	0.2787503	1.356099	5.742228
9438	-7140.56	-7552.754	412.1944	0.2801866	1.380688	5.742228
9444	-7121.565	-7536.189	414.6239	0.2532003	1.561591	4.329736
9450	-7131.107	-7545.973	414.866	0.2353157	1.602425	4.196345
9456	-7134.184	-7549.238	415.054	0.229937	1.584133	4.108192
9462	-7120.345	-7535.491	415.1464	0.2272535	1.597491	4.052144
9468	-7124.466	-7540.001	415.5353	0.2043488	1.619265	3.854555
9474	-7142.579	-7554.68	412.1009	0.2798405	1.41214	5.776643
9480	-7107.544	-7519.757	412.2131	0.2541213	1.396644	5.759061
9486	-7118.588	-7532.462	413.8743	0.2441535	1.53644	4.778279
9492	-7127.027	-7541.596	414.5689	0.2759135	1.636329	4.286137
9498	-7108.783	-7524.117	415.3338	0.2396302	1.670477	3.883919
9504	-7126.311	-7541.525	415.2133	0.2396302	1.720278	3.92445
9510	-7137.787	-7552.502	414.715	0.2486635	1.511773	4.313068
9516	-7146.87	-7561.214	414.3445	0.2337603	1.511773	4.544375
9522	-7119.673	-7534.909	415.2359	0.2572878	1.717164	3.886716
9528	-7117.865	-7533.415	415.5501	0.2485035	1.717241	3.71892
9534	-7136.056	-7551.267	415.2117	0.2673743	1.670637	3.912604
9540	-7142.164	-7557.09	414.9262	0.2531059	1.606497	4.133018
9546	-7124.057	-7540.309	416.2517	0.2539452	1.774599	3.26764
9552	-7107.462	-7521.152	413.6901	0.2139736	1.531301	4.930235
9558	-7122.5	-7536.21	413.71	0.2423819	1.587725	4.843946
9564	-7106.323	-7520.615	414.2915	0.2462982	1.595786	4.508048
9570	-7119.946	-7532.943	412.9973	0.2462982	1.432713	5.319441
9576	-7119.031	-7532.031	413.0007	0.2632455	1.579824	5.212097
9582	-7109.698	-7521.437	411.739	0.2541466	1.527762	5.946532
9588	-7127.094	-7540.2	413.1068	0.2578179	1.460224	5.227182
9594	-7142.956	-7555.363	412.4064	0.3085646	1.438445	5.55753
9600	-7115.926	-7528.917	412.991	0.2472198	1.392341	5.343836
9606	-7124.362	-7538.52	414.158	0.2461371	1.509924	4.631411
9612	-7140.532	-7557.821	417.2884	0.2916978	1.797134	2.571463
9618	-7147.681	-7565.353	417.6728	0.2398571	1.90784	2.34264
9624	-7129.928	-7543.281	413.3527	0.2481264	1.509941	5.077431
9630	-7138.627	-7550.193	411.5667	0.2478103	1.435144	6.100005
9636	-7114.947	-7526.426	411.4789	0.2478103	1.362691	6.187184
9642	-7127.63	-7539.945	412.3153	0.2547298	1.381359	5.710599
9648	-7122.11	-7534.34	412.2305	0.2779976	1.339677	5.747829
9654	-7131.427	-7544.176	412.7488	0.2779976	1.407771	5.425784
9660	-7116.751	-7530.628	413.8774	0.2542237	1.501514	4.78132
9666	-7106.142	-7517.778	411.6357	0.2605593	1.338352	6.09718
9672	-7095.163	-7508.046	412.8831	0.263306	1.388025	5.382835
9678	-7110.664	-7523.193	412.5287	0.238444	1.391764	5.611366
9684	-7093.401	-7506.369	412.9678	0.2686772	1.42181	5.310017
9690	-7095.14	-7509.648	414.5079	0.2682599	1.599367	4.352256
9696	-7092.494	-7507.919	415.4252	0.2681559	1.593579	3.833155
9702	-7108.052	-7523.961	415.9089	0.2964585	1.644627	3.483672
9708	-7128.4	-7543.399	414.9994	0.2552068	1.60093	4.091418
9714	-7121.045	-7533.643	412.5985	0.2621451	1.471566	5.495175
9720	-7109.059	-7522.387	413.3284	0.2347825	1.430805	5.154484
9726	-7138.584	-7551.163	412.5785	0.2668267	1.488593	5.490296
9732	-7122.585	-7534.309	411.7242	0.2713564	1.396586	6.002365
9738	-7108.89	-7520.178	411.2875	0.2923629	1.346406	6.239746
9744	-7110.07	-7521.669	411.5987	0.2923629	1.282116	6.105389
9750	-7125.996	-7541.522	415.526	0.2654068	1.593184	3.779282
9756	-7147.273	-7562.948	415.6743	0.2417007	1.647391	3.697905
9762	-7133.242	-7546.813	413.5707	0.2460729	1.49745	4.966307
9768	-7120.468	-7534.883	414.4154	0.2395703	1.551197	4.473476
9774	-7147.652	-7562.632	414.98	0.2313657	1.519174	4.184988
9780	-7120.036	-7533.455	413.4186	0.2313657	1.624554	5.00218
9786	-7111.156	-7523.393	412.2369	0.2431093	1.52168	5.693311
9792	-7115.6	-7528.712	413.1121	0.2811471	1.514195	5.162203
9798	-7115.553	-7528.698	413.1445	0.2396481	1.564999	5.174743
9804	-7117.882	-7530.928	413.0455	0.2442584	1.50633	5.255134
9810	-7125.194	-7537.456	412.2619	0.2486277	1.458755	5.706111
9816	-7124.185	-7538.391	414.2058	0.2289277	1.458755	4.659312
9822	-7125.424	-7536.765	411.3416	0.2265036	1.480624	6.229006
9828	-7126.12	-7537.441	411.3204	0.2336698	1.424144	6.260564
9834	-7120.813	-7535.663	414.8503	0.223009	1.573771	4.240764
9840	-7097.335	-7511.726	414.3906	0.2550764	1.51772	4.48334
9846	-7089.716	-7504.565	414.8487	0.2598851	1.553546	4.197193
9852	-7106.774	-7522.042	415.268	0.2413538	1.578809	3.971453
9858	-7115.124	-7530.301	415.1775	0.2703683	1.639926	3.94547
9864	-7129.892	-7545.401	415.5094	0.2504996	1.720765	3.73736
9870	-7139.448	-7554.63	415.1822	0.2433262	1.565222	4.025283
9876	-7141.611	-7556.585	414.9749	0.2969223	1.591441	4.052346
9882	-7129.787	-7543.869	414.082	0.2523957	1.603776	4.612218
9888	-7125.013	-7540.191	415.178	0.25002	1.575114	4.011962
9894	-7133.686	-7548.745	415.0589	0.2364278	1.571125	4.102764
9900	-7106.5	-7521.862	415.3613	0.2577762	1.712499	3.816609
9906	-7128.792	-7544.197	415.4059	0.2594339	1.66369	3.816609
9912	-7108.353	-7522.89	414.5376	0.2481423	1.671164	4.324055
9918	-7124.164	-7537.669	413.505	0.2471771	1.48679	5.007126
9924	-7126.223	-7538.204	411.9802	0.2917489	1.33486	5.869275
9930	-7105.492	-7517.544	412.052	0.2317632	1.307247	5.928538
9936	-7121.843	-7532.703	410.8598	0.2229741	1.519613	6.474695
9942	-7115.005	-7526.886	411.8811	0.2447262	1.330876	5.989871
9948	-7108.921	-7522.381	413.4591	0.2688524	1.395541	5.052437
9954	-7105.464	-7518.916	413.452	0.2409021	1.474785	5.052437
9960	-7091.068	-7505.726	414.6581	0.2409021	1.58705	4.314291
9966	-7087.973	-7501.328	413.3552	0.247703	1.480582	5.092926
9972	-7100.62	-7515.215	414.5949	0.2335834	1.53323	4.391597
9978	-7134.619	-7548.329	413.711	0.2226999	1.558352	4.889732
9984	-7127.09	-7542.379	415.2885	0.2874855	1.5649	3.900916
9990	-7117.401	-7532.235	414.8339	0.2393358	1.557075	4.234144
9996	-7118.228	-7531.273	413.0446	0.2776767	1.412856	5.260249
10002	-7122.008	-7533.765	411.7578	0.2524676	1.37337	6.022869
10008	-7136.752	-7548.654	411.9019	0.2186098	1.321128	6.022869
10014	-7126.359	-7541.064	414.7055	0.263623	1.498787	4.304004
10020	-7132.388	-7548.214	415.826	0.2578294	1.716979	3.545061
10026	-7109.244	-7523.912	414.6675	0.2692684	1.620249	4.248726
10032	-7121.843	-7535.421	413.5787	0.2757232	1.441711	4.950874
10038	-7127.38	-7540.776	413.3961	0.2487078	1.454927	5.083035
10044	-7106.406	-7520.213	413.8074	0.2540606	1.55902	4.788537
10050	-7140.027	-7555.883	415.8565	0.2426633	1.646294	3.591426
10056	-7127.626	-7543.388	415.7612	0.2760608	1.59002	3.629879
10062	-7117.686	-7534.045	416.3594	0.2205482	1.674679	3.316216
10068	-7112.026	-7527.829	415.8037	0.2663892	1.713021	3.547654
10074	-7124.529	-7540.857	416.3276	0.2892643	1.690118	3.220889
10080	-7110.129	-7526.422	416.2935	0.2299255	1.625965	3.368263
10086	-7131.76	-7548.522	416.7622	0.2245508	1.736767	3.03363
10092	-7136.322	-7551.929	415.6073	0.2545122	1.683618	3.696217
10098	-7130.762	-7546.456	415.6945	0.246974	1.616143	3.696217
10104	-7117.221	-7532.271	415.0492	0.2344903	1.627167	4.07937
10110	-7136.052	-7550.816	414.7635	0.2413292	1.533635	4.284229
10116	-7117.836	-7533.471	415.6345	0.2547044	1.600868	3.728061
10122	-7131.624	-7547.152	415.5282	0.2645579	1.577591	3.788268
10128	-7118.316	-7533.871	415.5555	0.214719	1.630764	3.819041
10134	-7127.695	-7543.909	416.2146	0.2418174	1.721459	3.339562
10140	-7122.212	-7538.462	416.2498	0.265439	1.715254	3.286454
10146	-7125.549	-7541.277	415.7283	0.2801723	1.654495	3.605719
10152	-7147.143	-7560.848	413.7045	0.253494	1.499223	4.880086
10158	-7142.035	-7554.897	412.8625	0.2730811	1.472682	5.334024
10164	-7109.862	-7525.72	415.8577	0.2604598	1.65682	3.557676
10170	-7136.027	-7549.791	413.764	0.3176523	1.550307	4.732095
10176	-7126.236	-7540.637	414.4009	0.3103041	1.684003	4.308178
10182	-7098.34	-7513.353	415.0135	0.2741566	1.504803	4.110887
10188	-7101.105	-7515.294	414.1887	0.2704697	1.590449	4.534049
10194	-7117.775	-7532.745	414.9701	0.2624534	1.50147	4.154148
10200	-7117.336	-7532.428	415.0928	0.3160496	1.602982	3.953228
10206	-7116.031	-7530.297	414.2657	0.2999855	1.514483	4.49351
10212	-7119.113	-7533.746	414.6327	0.2570248	1.621484	4.285284
10218	-7107.72	-7523.208	415.4887	0.2444065	1.628934	3.811412
10224	-7119.562	-7535.237	415.6746	0.2342277	1.629278	3.719802
10230	-7122.105	-7537.201	415.0963	0.2739079	1.478234	4.079234
10236	-7094.464	-7509.878	415.4132	0.2715077	1.56361	3.852426
10242	-7115.912	-7530.456	414.5445	0.2716642	1.493699	4.386475
10248	-7122.217	-7535.629	413.4111	0.2891612	1.403037	5.047369
10254	-7118.569	-7532.612	414.0431	0.2714219	1.490934	4.670214
10260	-7123.941	-7538.788	414.8472	0.2862214	1.574234	4.14927
10266	-7120.057	-7534.035	413.9782	0.313381	1.574234	4.604161
10272	-7113.325	-7527.131	413.806	0.2840924	1.470295	4.796955
10278	-7113.694	-7527.527	413.8338	0.2822665	1.446876	4.796955
10284	-7124.272	-7538.569	414.2965	0.2780966	1.587548	4.464421
10290	-7115.163	-7530.68	415.5176	0.2588483	1.580892	3.80082
10296	-7112.923	-7528.543	415.6203	0.2732508	1.612841	3.70224
10302	-7123.843	-7537.499	413.6562	0.2732508	1.508681	4.873853
10308	-7136.011	-7549.608	413.5964	0.2840168	1.43862	4.931517
10314	-7131.623	-7544.728	413.1057	0.2646471	1.392654	5.255582
10320	-7129.966	-7543.106	413.14	0.2523452	1.389772	5.255582
10326	-7117.755	-7531.773	414.0181	0.2884855	1.450136	4.683744
10332	-7142.296	-7557.12	414.8239	0.2594493	1.576736	4.198786
10338	-7122.559	-7538.021	415.4614	0.2354556	1.590465	3.863066
10344	-7128.108	-7543.502	415.3935	0.2612983	1.590465	3.863066
10350	-7105.59	-7520.476	414.8852	0.2374245	1.591389	4.188479
10356	-7120.621	-7535.753	415.132	0.2162011	1.624533	4.062665
10362	-7135.766	-7550.788	415.0225	0.2570641	1.595937	4.078343
10368	-7107.058	-7522.613	415.5559	0.2367591	1.556464	3.82626
10374	-7115.712	-7530.397	414.6853	0.2136112	1.534503	4.371367
10380	-7122.999	-7539.47	416.4706	0.2607637	1.695873	3.17431
10386	-7133.244	-7549.438	416.1945	0.2480169	1.676873	3.367951
10392	-7105.291	-7520.544	415.2528	0.2581839	1.497577	4.001429
10398	-7108.336	-7523.692	415.3557	0.2378887	1.567837	3.932876
10404	-7125.924	-7541.374	415.4498	0.2597194	1.612436	3.820419
10410	-7110.187	-7524.642	414.4551	0.2331753	1.484134	4.498639
10416	-7127.808	-7542.376	414.5686	0.2741345	1.484134	4.374808
10422	-7131.622	-7545.819	414.1966	0.2569965	1.570347	4.560021
10428	-7129.069	-7543.256	414.1872	0.2608637	1.569881	4.560021
10434	-7143.308	-7558.832	415.5237	0.2110451	1.587607	3.868185
10440	-7147.387	-7562.489	415.1021	0.2519094	1.48997	4.100996
10446	-7137.576	-7551.736	414.1598	0.2798944	1.43271	4.625752
10452	-7112.654	-7526.495	413.8406	0.2601104	1.406218	4.846596
10458	-7144.346	-7556.961	412.6152	0.2911347	1.379352	5.497545
10464	-7121.657	-7534.549	412.8915	0.2759498	1.445055	5.32934
10470	-7123.036	-7536.287	413.2505	0.2839304	1.411094	5.138899
10476	-7113.483	-7527.005	413.5219	0.2480126	1.477879	5.0015
10482	-7131.315	-7545.335	414.0198	0.2244478	1.498675	4.748006
10488	-7119.872	-7533.624	413.7519	0.2413724	1.48653	4.878477
10494	-7114.137	-7528.558	414.421	0.2413724	1.518443	4.486036
10500	-7123.139	-7535.574	412.4344	0.2704016	1.432199	5.595557
10506	-7111.897	-7526.172	414.2748	0.2582794	1.432199	4.591799
10512	-7114.689	-7528.705	414.0161	0.2538263	1.515558	4.696509
10518	-7116.057	-7530.194	414.1368	0.2634636	1.47148	4.6398
10524	-7123.831	-7537.698	413.867	0.2492707	1.464716	4.81484
10530	-7128.718	-7542.978	414.2597	0.2579413	1.473456	4.577616
10536	-7129.588	-7545.305	415.7163	0.2176397	1.604183	3.736859
10542	-7123.209	-7538.671	415.4619	0.22157	1.639541	3.856576
10548	-7129.993	-7546.192	416.1995	0.22157	1.651294	3.422154
10554	-7135.181	-7550.598	415.4173	0.2290906	1.59785	3.894097
10560	-7112.526	-7527.997	415.4712	0.2669569	1.59785	3.80593
10566	-7138.894	-7554.205	415.3112	0.2859014	1.59785	3.87118
10572	-7134.273	-7549.722	415.4483	0.2551007	1.537424	3.87118
10578	-7127.425	-7542.444	415.0191	0.254668	1.591614	4.086306
10584	-7123.849	-7540.197	416.3476	0.2663141	1.626624	3.279778
10590	-7135.268	-7553.16	417.8924	0.2092479	1.953487	2.22753
10596	-7128.836	-7546.733	417.8967	0.2330938	1.911568	2.208501
10602	-7151.541	-7569.23	417.6894	0.2681066	1.901719	2.289315
10608	-7127.815	-7544.827	417.0113	0.2596094	1.772311	2.805455
10614	-7122.389	-7539.614	417.2246	0.2703204	1.813528	2.632946
10620	-7119.322	-7535.758	416.4359	0.2644644	1.805704	3.124105
10626	-7116.732	-7533.363	416.6312	0.2825819	1.802031	2.982726
10632	-7139.118	-7550.933	411.8149	0.240985	1.405118	5.990922
10638	-7126.957	-7540.838	413.8813	0.2435687	1.509501	4.790234
10644	-7105.968	-7521.688	415.7203	0.2788892	1.700654	3.58538
10650	-7105.575	-7522.218	416.6435	0.2333354	1.737791	3.089499
10656	-7103.765	-7519.923	416.1585	0.2471007	1.711843	3.369957
10662	-7117.473	-7533.383	415.9093	0.2357758	1.705127	3.537273
10668	-7121.639	-7537.789	416.1495	0.2460655	1.674288	3.398869
10674	-7140.909	-7553.19	412.2804	0.2452634	1.46747	5.696056
10680	-7142.771	-7558.236	415.4644	0.2679181	1.49367	3.868369
10686	-7132.272	-7547.691	415.4184	0.2408215	1.538477	3.909276
10692	-7113.314	-7527.417	414.1027	0.2570042	1.467265	4.670452
10698	-7106.173	-7519.615	413.4414	0.2391516	1.551486	5.018381
10704	-7119.372	-7534.515	415.1433	0.2443243	1.649417	3.997875
10710	-7131.107	-7546.791	415.6838	0.2229122	1.595047	3.752293
10716	-7125.672	-7540.647	414.9748	0.2261536	1.647643	4.123116
10722	-7121.762	-7536.801	415.039	0.2178621	1.594981	4.129808
10728	-7133.099	-7548.048	414.9488	0.2192107	1.518246	4.222413
10734	-7127.582	-7542.2	414.6181	0.2313203	1.545346	4.375132
10740	-7120.827	-7533.662	412.835	0.2425128	1.542908	5.353689
10746	-7110.297	-7524.189	413.8923	0.2554906	1.467056	4.79042
10752	-7124.904	-7538.664	413.7596	0.2297831	1.587485	4.835429
10758	-7106.248	-7520.445	414.1972	0.2377347	1.500717	4.627165
10764	-7116.532	-7530.732	414.199	0.2529094	1.526286	4.58931
10770	-7124.931	-7540.495	415.5639	0.2634103	1.494016	3.817475
10776	-7134.419	-7548.722	414.3033	0.3149872	1.52447	4.447349
10782	-7108.55	-7523.881	415.3307	0.2687811	1.562563	3.90433
10788	-7105.869	-7520.571	414.7025	0.2678097	1.571935	4.258312
10794	-7111.219	-7526.614	415.3947	0.2519467	1.630301	3.853312
10800	-7127.859	-7542.365	414.5058	0.2988698	1.517362	4.358001
10806	-7096.968	-7510.669	413.7015	0.2505215	1.509419	4.88038
10812	-7101.911	-7516.325	414.4148	0.2572274	1.543879	4.45187
10818	-7105.388	-7519.734	414.3456	0.2850565	1.543828	4.45187
10824	-7109.935	-7524.053	414.1178	0.2669502	1.507863	4.6251
10830	-7141.41	-7555.3	413.8902	0.2319783	1.446376	4.837928
10836	-7147.355	-7559.375	412.0203	0.3052436	1.339618	5.82751
10842	-7148.632	-7562.928	414.2957	0.3398626	1.573716	4.392987
10848	-7114.774	-7529.426	414.652	0.2504787	1.535323	4.332684
10854	-7128.987	-7543.662	414.6747	0.2521665	1.508267	4.332684
10860	-7106.783	-7520.454	413.671	0.2730676	1.482495	4.880426
10866	-7109.3	-7523.01	413.7103	0.251726	1.497368	4.880426
10872	-7129.805	-7544.366	414.5606	0.2237993	1.498681	4.445613
10878	-7146.598	-7560.497	413.8988	0.2579079	1.538979	4.743097
10884	-7123.664	-7539.367	415.7032	0.2410676	1.619122	3.698506
10890	-7122.848	-7536.919	414.0704	0.2402445	1.426075	4.736182
10896	-7122.93	-7536.966	414.036	0.2808367	1.508783	4.651228
10902	-7136.867	-7549.406	412.5387	0.2330946	1.480126	5.565331
10908	-7122.011	-7535.145	413.1344	0.1986155	1.462667	5.301217
10914	-7110.571	-7526.566	415.9945	0.2457432	1.747396	3.447354
10920	-7112.752	-7528.609	415.8563	0.2371588	1.571065	3.643772
10926	-7110.44	-7525.623	415.1826	0.2283345	1.588945	4.03468
10932	-7105.362	-7520.403	415.0405	0.2629796	1.586308	4.064976
10938	-7108.428	-7524.283	415.8551	0.2518699	1.603372	3.603146
10944	-7111.529	-7527.945	416.4156	0.2518699	1.72854	3.201165
10950	-7106.766	-7523.854	417.0878	0.2147731	1.745589	2.848825
10956	-7123.595	-7540.658	417.0634	0.2062742	1.7946	2.848825
10962	-7103.354	-7520.111	416.7568	0.1919002	1.718053	3.104992
10968	-7108.686	-7525.249	416.5622	0.1794311	1.719365	3.242814
10974	-7119.604	-7536.064	416.4595	0.2094625	1.720493	3.248898
10980	-7124.06	-7540.263	416.2028	0.2032381	1.711701	3.415815
10986	-7107.733	-7523.653	415.9206	0.215617	1.684203	3.57551
10992	-7145.62	-7561.76	416.1401	0.246365	1.746492	3.361551
10998	-7147.795	-7563.073	415.2781	0.2921285	1.631038	3.862612
11004	-7113.867	-7526.773	412.906	0.2344962	1.49296	5.353977
11010	-7106.755	-7520.907	414.1522	0.2397433	1.456819	4.673972
11016	-7113.479	-7527.756	414.277	0.2397433	1.424423	4.62221
11022	-7119.128	-7533.602	414.4733	0.2194582	1.444473	4.5321
11028	-7113.007	-7526.666	413.6589	0.2439287	1.431171	4.957287
11034	-7137.72	-7552.566	414.8456	0.2045956	1.591707	4.263238
11040	-7127.628	-7543.213	415.5855	0.2679035	1.621609	3.724943
11046	-7125.369	-7539.506	414.1371	0.2339898	1.561803	4.632304
11052	-7108.703	-7521.339	412.6363	0.2603392	1.488627	5.467475
11058	-7101.757	-7515.606	413.849	0.2378677	1.511968	4.815394
11064	-7121.993	-7536.912	414.9189	0.2504031	1.530947	4.18409
11070	-7129.392	-7543.228	413.8357	0.2488014	1.539653	4.791161
11076	-7144.833	-7558.176	413.3434	0.2392442	1.432284	5.138713
11082	-7133.433	-7546.983	413.5497	0.2244838	1.41784	5.054755
11088	-7137.419	-7550.809	413.3904	0.276788	1.440413	5.054755
11094	-7121.745	-7538.001	416.256	0.2268637	1.639797	3.387104
11100	-7119.879	-7535.687	415.8077	0.2268637	1.692214	3.618032
11106	-7102.019	-7517.515	415.4958	0.2360151	1.577349	3.849942
11112	-7107.365	-7522.014	414.649	0.2640428	1.473772	4.349475
11118	-7107.4	-7522.059	414.6587	0.2338891	1.513621	4.366176
11124	-7109.302	-7523.831	414.5295	0.2646868	1.562159	4.366176
11130	-7111.835	-7525.638	413.8026	0.2290325	1.567421	4.823788
11136	-7116.153	-7530.81	414.6575	0.2695338	1.562759	4.286581
11142	-7110.837	-7524.844	414.0069	0.2560052	1.505806	4.703962
11148	-7110.724	-7524.53	413.8063	0.2615958	1.494553	4.81433
11154	-7119.869	-7534.208	414.3391	0.2407075	1.51587	4.534538
11160	-7110.868	-7523.963	413.0945	0.2467173	1.39492	5.286019
11166	-7122.322	-7535.421	413.0987	0.2467173	1.419144	5.270302
11172	-7101.687	-7517.395	415.708	0.2592992	1.586081	3.687286
11178	-7107.439	-7522.922	415.4828	0.2278318	1.64738	3.830045
11184	-7125.059	-7541.546	416.4866	0.2725095	1.634427	3.183769
11190	-7119.147	-7533.826	414.6784	0.2457174	1.56392	4.308655
11196	-7116.767	-7530.582	413.8158	0.2776447	1.442176	4.815913
11202	-7103.834	-7516.898	413.0638	0.2450477	1.530654	5.230417
11208	-7120.258	-7534.089	413.8316	0.2638579	1.558928	4.761082
11214	-7121.94	-7537.007	415.0672	0.2638175	1.561438	4.062738
11220	-7112.791	-7527.896	415.1052	0.2518388	1.554196	4.062738
11226	-7109.215	-7524.219	415.0042	0.259775	1.52292	4.126426
11232	-7115.43	-7530.11	414.6805	0.2712766	1.461812	4.328225
11238	-7118.555	-7533.246	414.6912	0.2665219	1.497249	4.308831
11244	-7124.377	-7538.586	414.2087	0.2601548	1.538012	4.566836
11250	-7116.172	-7530.424	414.2517	0.2671218	1.592554	4.502139
11256	-7115.442	-7530.341	414.8988	0.2436859	1.465077	4.242892
11262	-7142.195	-7557.384	415.1883	0.2425657	1.565636	4.022721
11268	-7129.536	-7543.706	414.1701	0.213796	1.565636	4.643335
11274	-7137.625	-7553.793	416.1684	0.240382	1.588288	3.447018
11280	-7146.735	-7560.186	413.4511	0.259319	1.502404	5.010925
11286	-7138.666	-7551.51	412.8441	0.2585873	1.519808	5.338265
11292	-7134.108	-7546.823	412.7142	0.3178122	1.374302	5.411918
11298	-7129.331	-7542.551	413.2203	0.2746766	1.421558	5.162354
11304	-7117.611	-7531.83	414.2186	0.2836021	1.529545	4.533372
11310	-7128.702	-7540.405	411.7028	0.2393172	1.467289	6.020589
11316	-7121.855	-7533.796	411.9403	0.2067212	1.457591	5.94616
11322	-7111.254	-7524.311	413.0574	0.239357	1.389563	5.320277
11328	-7108.939	-7520.908	411.9692	0.2206008	1.422355	5.927853
11334	-7113.101	-7526.551	413.4506	0.2272327	1.438161	5.094174
11340	-7101.369	-7516.254	414.8843	0.2429591	1.571775	4.191663
11346	-7107.233	-7521.954	414.7208	0.2366376	1.583877	4.287137
11352	-7120.333	-7535.634	415.3011	0.2644712	1.679919	3.860164
11358	-7136.381	-7551.444	415.0631	0.2275232	1.570878	4.114349
11364	-7116.803	-7532.429	415.6258	0.2146277	1.641329	3.772582
11370	-7120.821	-7535.01	414.1891	0.244272	1.542011	4.598799
11376	-7118.543	-7533.197	414.6534	0.2284949	1.542011	4.361481
11382	-7151.227	-7564.655	413.4286	0.275975	1.418978	5.046529
11388	-7140.74	-7553.716	412.9762	0.2494605	1.524944	5.275588
11394	-7141.795	-7557.869	416.0739	0.2316471	1.670774	3.467901
11400	-7138.232	-7552.476	414.2445	0.2469811	1.562289	4.552275
11406	-7130.487	-7545.895	415.4085	0.2673884	1.666713	3.801749
11412	-7131.115	-7545.319	414.2043	0.2493234	1.583173	4.559672
11418	-7135.433	-7550.383	414.9502	0.2288089	1.544838	4.191358
11424	-7113.92	-7527.648	413.7281	0.2320765	1.421605	4.941896
11430	-7119.49	-7533.292	413.8021	0.2450993	1.46083	4.859306
11436	-7111.657	-7525.982	414.3249	0.23056	1.532329	4.548756
11442	-7136.146	-7552.381	416.2348	0.2225511	1.56124	3.452559
11448	-7132.863	-7548.386	415.5226	0.2277024	1.60226	3.833327
11454	-7137.29	-7551.165	413.8751	0.2479498	1.483118	4.80199
11460	-7128.829	-7542.154	413.3249	0.297017	1.473343	5.045879
11466	-7132.597	-7546.951	414.3533	0.2195784	1.594921	4.514804
11472	-7145.246	-7558.911	413.6645	0.275048	1.52501	4.857672
11478	-7142.718	-7556.956	414.2379	0.275048	1.584127	4.503558
11484	-7143.471	-7558.755	415.2842	0.3143387	1.60771	3.842985
11490	-7129.232	-7544.538	415.3055	0.2866949	1.650682	3.842985
11496	-7107.149	-7522.285	415.1357	0.3026652	1.548692	3.977279
11502	-7145.584	-7557.64	412.0555	0.2190017	1.35695	5.918875
11508	-7127.945	-7539.233	411.2877	0.3165098	1.366111	6.198585
11514	-7136.164	-7547.558	411.3942	0.266255	1.372841	6.201962
11520	-7127.368	-7539.405	412.0368	0.2959856	1.349824	5.824711
11526	-7121.019	-7533.924	412.905	0.3488236	1.40562	5.252124
11532	-7117.329	-7530.267	412.9378	0.3405883	1.325532	5.287925
11538	-7114.848	-7528.284	413.4361	0.2941603	1.403447	5.026705
11544	-7106.59	-7520.888	414.2981	0.2634839	1.44752	4.562707
11550	-7118.137	-7532.76	414.6224	0.2498655	1.531443	4.35251
11556	-7133.993	-7548.626	414.6328	0.234561	1.561913	4.35251
11562	-7124.97	-7539.088	414.1179	0.3130723	1.533898	4.548752
11568	-7120.533	-7535.553	415.0204	0.2699348	1.497479	4.1171
11574	-7120.911	-7535.883	414.9714	0.2921221	1.51273	4.105639
11580	-7113.947	-7527.793	413.8453	0.2919259	1.42374	4.790543
11586	-7129.766	-7543.104	413.3385	0.2661756	1.386655	5.127912
11592	-7127.18	-7540.467	413.2871	0.2763243	1.412868	5.127912
11598	-7139.556	-7552.075	412.519	0.259852	1.427506	5.566295
11604	-7120.702	-7533.632	412.9293	0.2891228	1.391995	5.320181
11610	-7129.167	-7544.257	415.0902	0.2510142	1.559855	4.069276
11616	-7116.031	-7530.397	414.3655	0.234521	1.558464	4.505133
11622	-7122.55	-7537.492	414.9424	0.2231229	1.663955	4.137066
11628	-7119.855	-7534.018	414.1623	0.2058839	1.539645	4.675145
11634	-7140.406	-7553.642	413.2363	0.2546656	1.518677	5.127663
11640	-7123.727	-7537.864	414.1361	0.2546656	1.462759	4.657634
11646	-7110.234	-7523.617	413.3831	0.2631164	1.462759	5.065289
11652	-7113.369	-7526.908	413.5396	0.2240404	1.505403	5.012401
11658	-7124.642	-7538.033	413.391	0.2253913	1.469597	5.112625
11664	-7110.653	-7523.934	413.2811	0.3387358	1.442139	5.035528
11670	-7118.548	-7531.562	413.0135	0.3057997	1.354751	5.272679
11676	-7118.307	-7531.308	413.0012	0.3173868	1.340715	5.272679
11682	-7131.401	-7543.896	412.495	0.2673036	1.3949	5.587028
11688	-7126.935	-7540.302	413.3674	0.2673036	1.4443	5.078414
11694	-7115.313	-7528.556	413.2421	0.2517988	1.367073	5.212494
11700	-7104.548	-7517.83	413.2819	0.2844563	1.465205	5.090846
11706	-7106.696	-7521.16	414.4635	0.2409863	1.59311	4.420628
11712	-7113.407	-7530.173	416.7653	0.2289598	1.744859	3.019592
11718	-7103.607	-7520.609	417.002	0.2565534	1.823913	2.78449
11724	-7137.399	-7552.866	415.4677	0.2840678	1.580203	3.793855
11730	-7121.432	-7538.428	416.9955	0.2568576	1.829605	2.78449
11736	-7108.963	-7525.554	416.5917	0.2503602	1.790399	3.061914
11742	-7136.888	-7553.89	417.0019	0.2210716	1.821758	2.843861
11748	-7126.72	-7543.595	416.8745	0.2691542	1.821758	2.843861
11754	-7111.409	-7527.833	416.4238	0.2636453	1.753993	3.163237
11760	-7118.132	-7534.302	416.1699	0.2391942	1.731594	3.364034
11766	-7131.192	-7547.395	416.2029	0.2534082	1.66106	3.364034
11772	-7121.678	-7537.785	416.1075	0.2451243	1.685217	3.418529
11778	-7124.801	-7540.823	416.0221	0.2554885	1.743563	3.418529
11784	-7128.236	-7542.527	414.2906	0.274435	1.523243	4.508991
11790	-7118.414	-7533.819	415.4046	0.2737129	1.572777	3.848981
11796	-7119.134	-7533.418	414.2841	0.2610131	1.512257	4.537734
11802	-7118.073	-7533.674	415.6012	0.2642689	1.578923	3.745844
11808	-7122.797	-7536.774	413.9771	0.2627489	1.524813	4.700377
11814	-7113.5	-7527.819	414.319	0.2644875	1.586295	4.471486
11820	-7109.167	-7523.423	414.2558	0.2644875	1.591217	4.504304
11826	-7086.931	-7501.573	414.6418	0.2929507	1.551718	4.26953
11832	-7104.728	-7520.497	415.7688	0.2946621	1.623687	3.579922
11838	-7120.922	-7536.319	415.397	0.2762879	1.580237	3.845405
11844	-7125.964	-7541.033	415.0689	0.2906482	1.580237	4.013509
11850	-7126.871	-7542.569	415.6978	0.2315883	1.546581	3.758337
11856	-7123.793	-7538.645	414.852	0.2591068	1.542837	4.202535
11862	-7125.975	-7541.7	415.7256	0.2497713	1.610438	3.677246
11868	-7125.512	-7541.486	415.9738	0.2553244	1.645744	3.504161
11874	-7116.027	-7532.324	416.2972	0.2384653	1.656468	3.33453
11880	-7129.352	-7545.144	415.7917	0.2812998	1.656468	3.566146
11886	-7130.3	-7546.391	416.091	0.2307944	1.638873	3.477909
11892	-7097.133	-7513.222	416.0897	0.3021178	1.674936	3.352317
11898	-7109.892	-7526.337	416.4451	0.3021178	1.668156	3.14626
11904	-7105.81	-7522.334	416.5245	0.2496428	1.717888	3.14626
11910	-7123.321	-7538.733	415.4122	0.2826658	1.671851	3.775017
11916	-7112.442	-7527.879	415.4372	0.2474161	1.585368	3.861536
11922	-7108.79	-7524.333	415.5434	0.2650494	1.610404	3.759862
11928	-7117.177	-7532.659	415.4818	0.2650494	1.672038	3.759862
11934	-7119.943	-7533.452	413.5082	0.2643372	1.46985	4.990185
11940	-7115.261	-7530.495	415.2334	0.2643372	1.606836	3.941068
11946	-7116.394	-7531.393	414.9988	0.2508923	1.576171	4.112229
11952	-7119.373	-7534.357	414.9846	0.2832999	1.576158	4.073969
11958	-7107.557	-7522.288	414.7314	0.269823	1.576158	4.236691
11964	-7117.774	-7532.588	414.8139	0.2626994	1.570208	4.203474
11970	-7129.774	-7546.335	416.5609	0.2587427	1.738026	3.098618
11976	-7133.98	-7550.225	416.2448	0.2859268	1.855238	3.176816
11982	-7156.115	-7572.315	416.1998	0.2859268	1.80307	3.234373
11988	-7129.496	-7545.148	415.6522	0.2778232	1.64375	3.659381
11994	-7126.922	-7542.299	415.3771	0.2323478	1.654488	3.879567
12000	-7142.163	-7558.94	416.7773	0.2490851	1.760511	2.970589
12006	-7142.135	-7558.434	416.2993	0.2967094	1.690736	3.226817
12012	-7135.302	-7551.936	416.634	0.2660378	1.716116	3.057003
12018	-7128.893	-7545.229	416.3362	0.2517223	1.716116	3.255717
12024	-7117.058	-7533.341	416.2835	0.2633495	1.738925	3.255717
12030	-7131.173	-7547.631	416.4584	0.2753836	1.868094	3.057211
12036	-7125.38	-7541.697	416.3165	0.2533853	1.765266	3.235752
12042	-7104.114	-7520.12	416.0056	0.2364192	1.712321	3.475901
12048	-7112.111	-7528.654	416.5427	0.2397057	1.709777	3.155947
12054	-7122.813	-7539.805	416.9915	0.2685272	1.826407	2.770851
12060	-7116.048	-7533.262	417.2143	0.2378183	1.888665	2.644863
12066	-7120.362	-7537.749	417.387	0.2263667	1.888665	2.557401
12072	-7128.005	-7545.105	417.1007	0.2429862	1.805648	2.757067
12078	-7121.616	-7538.936	417.3196	0.2365577	1.841793	2.610885
12084	-7112.977	-7530.001	417.0247	0.2791917	1.758257	2.776099
12090	-7123.537	-7539.668	416.1313	0.2736143	1.688514	3.359934
12096	-7125.353	-7541	415.6462	0.2668196	1.608178	3.699249
12102	-7124.368	-7540.72	416.3514	0.240144	1.690199	3.280039
12108	-7121.405	-7537.711	416.3064	0.240144	1.741038	3.276633
12114	-7108.644	-7525.01	416.3664	0.240144	1.715447	3.256319
12120	-7119.244	-7535.753	416.5084	0.2545658	1.736786	3.13701
12126	-7116.807	-7533.606	416.7988	0.2492603	1.725575	2.97835
12132	-7117.695	-7533.476	415.7815	0.2492603	1.674261	3.608652
12138	-7131.098	-7546.644	415.5456	0.2156913	1.678378	3.795698
12144	-7111.628	-7527.012	415.3833	0.248717	1.574325	3.896847
12150	-7122.471	-7537.828	415.3571	0.2504982	1.595882	3.896847
12156	-7121.496	-7536.871	415.3754	0.2410698	1.572511	3.91403
12162	-7119.401	-7534.682	415.2811	0.2751045	1.579561	3.91403
12168	-7114.234	-7528.479	414.2444	0.2567385	1.520827	4.561328
12174	-7124.984	-7538.755	413.7707	0.2415466	1.523325	4.847229
12180	-7132.277	-7546.08	413.8022	0.2872981	1.473001	4.793261
12186	-7110.17	-7523.959	413.7888	0.2437917	1.422012	4.890285
12192	-7127.96	-7543.656	415.6956	0.2354366	1.602834	3.721087
12198	-7135.075	-7550.749	415.6739	0.2601245	1.559631	3.721087
12204	-7133.828	-7546.913	413.0848	0.2379859	1.459332	5.268627
12210	-7118.516	-7531.445	412.9291	0.2379859	1.370587	5.40352
12216	-7135.049	-7548.026	412.9766	0.2220164	1.366966	5.40352
12222	-7127.78	-7542.56	414.7796	0.2668741	1.499654	4.256921
12228	-7135.058	-7549.091	414.0332	0.2715895	1.456057	4.695013
12234	-7148.934	-7562.614	413.6794	0.2242867	1.521782	4.925224
12240	-7113.752	-7527.415	413.6622	0.2704209	1.52018	4.867989
12246	-7100.318	-7513.663	413.3448	0.2595961	1.528262	5.055188
12252	-7104.535	-7518.317	413.7822	0.2336635	1.451855	4.892525
12258	-7107.731	-7521.166	413.4343	0.2637162	1.460625	5.037214
12264	-7103.344	-7518.409	415.0647	0.218334	1.527225	4.15292
12270	-7112.016	-7526.135	414.1183	0.2446451	1.487814	4.668283
12276	-7141.325	-7555.981	414.656	0.2753051	1.611857	4.251497
12282	-7148.305	-7563.766	415.4614	0.240026	1.66642	3.812296
12288	-7151.374	-7567.019	415.6445	0.2462453	1.62948	3.718512
12294	-7139.825	-7555.495	415.6693	0.2806404	1.701742	3.611875
12300	-7115.586	-7530.321	414.7357	0.2820031	1.583594	4.213109
12306	-7109.058	-7524.301	415.2429	0.2340674	1.532391	4.023563
12312	-7128.838	-7545.056	416.2175	0.2750376	1.625921	3.344004
12318	-7113.384	-7529.094	415.7096	0.2819452	1.593264	3.649597
12324	-7088.9	-7504.106	415.206	0.2412341	1.507784	4.047628
12330	-7134.958	-7549.458	414.5001	0.2726913	1.497777	4.40777
12336	-7131.932	-7545.881	413.9489	0.2362812	1.409534	4.819196
12342	-7129.338	-7543.932	414.5936	0.2385157	1.507047	4.399531
12348	-7128.291	-7543.217	414.9254	0.2327561	1.578899	4.179934
12354	-7133.138	-7546.476	413.338	0.2549299	1.571074	5.041826
12360	-7132.301	-7547.234	414.9333	0.2550134	1.495036	4.189477
12366	-7120.521	-7535.888	415.367	0.2314285	1.581202	3.92881
12372	-7109.402	-7523.831	414.4288	0.2991901	1.526525	4.395874
12378	-7116.758	-7531.125	414.367	0.2583264	1.531723	4.484005
12384	-7097.134	-7510.524	413.3906	0.2349543	1.481172	5.091867
12390	-7107.814	-7521.38	413.5657	0.1995074	1.407059	5.091867
12396	-7104.312	-7519.32	415.008	0.2424754	1.531968	4.144773
12402	-7107.516	-7520.766	413.2497	0.2644475	1.393628	5.175687
12408	-7107.702	-7520.148	412.4458	0.2299505	1.393628	5.668512
12414	-7104.101	-7516.941	412.8404	0.2510166	1.404515	5.414655
12420	-7116.323	-7531.336	415.0125	0.2409504	1.532666	4.144093
12426	-7104.588	-7519.363	414.7759	0.2409504	1.550148	4.268453
12432	-7108.864	-7523.846	414.9814	0.2364487	1.583113	4.140003
12438	-7121.927	-7535.344	413.4168	0.2158662	1.44386	5.127504
12444	-7129.633	-7542.506	412.8729	0.2372093	1.390072	5.424892
12450	-7124.859	-7539.295	414.4362	0.2372093	1.585102	4.446253
12456	-7121.502	-7535.579	414.0765	0.2495835	1.535152	4.657911
12462	-7107.693	-7521.459	413.7664	0.2683688	1.426939	4.864769
12468	-7114.558	-7527.179	412.6214	0.2888047	1.350667	5.512966
12474	-7119.26	-7531.941	412.6812	0.233608	1.431543	5.512966
12480	-7107.828	-7522.939	415.1114	0.2056949	1.501009	4.16204
12486	-7124.971	-7539.094	414.1233	0.2409176	1.468933	4.681583
12492	-7121.019	-7534.504	413.4844	0.244626	1.516922	5.005562
12498	-7110.677	-7522.529	411.8524	0.2580911	1.45272	5.920038
12504	-7100.822	-7512.762	411.9401	0.2622465	1.423116	5.882505
12510	-7104.092	-7515.718	411.6259	0.247031	1.388784	6.09408
12516	-7121.596	-7535.387	413.7915	0.3168404	1.473087	4.760909
12522	-7107.313	-7522.208	414.8954	0.3008762	1.498093	4.14548
12528	-7107.878	-7523.752	415.8737	0.2595258	1.615414	3.57388
12534	-7117.874	-7532.802	414.9284	0.2735864	1.593746	4.109532
12540	-7118.971	-7534.499	415.5283	0.2833409	1.471549	3.822518
12546	-7115.994	-7532.028	416.0338	0.2800848	1.616889	3.449756
12552	-7099.08	-7513.4	414.32	0.2747497	1.479337	4.516695
12558	-7100.764	-7515.036	414.272	0.2962331	1.479337	4.514624
12564	-7096.943	-7509.992	413.0495	0.2899558	1.461724	5.21417
12570	-7108.4	-7522.029	413.629	0.2382963	1.363127	5.020082
12576	-7109.028	-7523.177	414.1496	0.2851713	1.439993	4.62021
12582	-7097.883	-7511.725	413.8419	0.2694354	1.422326	4.823726
12588	-7097.057	-7510.896	413.8392	0.269948	1.423731	4.823726
12594	-7104.852	-7519.142	414.2905	0.2837771	1.423731	4.552178
12600	-7101.997	-7517.663	415.6657	0.22676	1.684077	3.705119
12606	-7112.112	-7527.781	415.6694	0.242306	1.620242	3.715451
12612	-7127.434	-7541.674	414.2406	0.2324792	1.448027	4.640412
12618	-7136.7	-7550.481	413.7804	0.2540995	1.488423	4.842882
12624	-7131.183	-7544.529	413.3463	0.3523672	1.449779	4.978992
12630	-7125.301	-7539.258	413.9565	0.3214539	1.534008	4.628711
12636	-7127.431	-7541.386	413.9555	0.2818957	1.519835	4.688688
12642	-7127.234	-7541.763	414.5292	0.2887435	1.549525	4.34011
12648	-7120.217	-7534.823	414.6066	0.2871792	1.475839	4.34011
12654	-7104.448	-7518.193	413.7453	0.2798637	1.518494	4.809648
12660	-7104.604	-7518.612	414.0081	0.2492374	1.442238	4.748647
12666	-7113.167	-7526.225	413.0586	0.2704563	1.54301	5.190415
12672	-7116.278	-7530.315	414.0376	0.2818082	1.475144	4.667842
12678	-7111.137	-7525.297	414.1597	0.2354767	1.471755	4.667842
12684	-7137.868	-7551.605	413.7367	0.2306357	1.456546	4.919854
12690	-7126.366	-7539.492	413.1262	0.2156961	1.448882	5.285721
12696	-7134.91	-7548.785	413.8754	0.2442853	1.482261	4.807669
12702	-7129.244	-7544.096	414.8517	0.2547695	1.527927	4.217495
12708	-7144.118	-7559.091	414.9729	0.1976544	1.460731	4.277007
12714	-7128.269	-7541.757	413.4877	0.2568028	1.366599	5.069561
12720	-7129.089	-7542.344	413.2555	0.223122	1.412254	5.222876
12726	-7126.188	-7540.682	414.4941	0.2486068	1.535666	4.424418
12732	-7128.492	-7542.396	413.904	0.2490996	1.516918	4.765318
12738	-7125.097	-7539.864	414.7664	0.2560949	1.611865	4.216324
12744	-7112.025	-7527.362	415.3366	0.2356295	1.562751	3.950246
12750	-7111.412	-7525.896	414.4834	0.2617525	1.630477	4.357779
12756	-7123.983	-7536.85	412.8669	0.2435572	1.570403	5.319437
12762	-7120.878	-7534.773	413.8951	0.2385927	1.512848	4.788108
12768	-7141.995	-7556.489	414.494	0.2719538	1.559386	4.377523
12774	-7132.755	-7548.574	415.8195	0.2673741	1.682029	3.555088
12780	-7127.088	-7539.833	412.7452	0.3092636	1.537418	5.315546
12786	-7148.009	-7562.249	414.2397	0.2200156	1.537418	4.610216
12792	-7121.12	-7535.065	413.9443	0.2566689	1.479863	4.752508
12798	-7122.876	-7536.759	413.8831	0.2686608	1.483802	4.76751
12804	-7112.383	-7527.175	414.7923	0.2192106	1.565565	4.284326
12810	-7110.866	-7527.751	416.8844	0.251962	1.758086	2.902935
12816	-7096.068	-7512.818	416.7499	0.2596503	1.758086	2.972057
12822	-7102.192	-7517.717	415.5254	0.2536196	1.638208	3.771063
12828	-7105.341	-7521.121	415.7804	0.2391033	1.623767	3.654163
12834	-7109.081	-7525.731	416.6496	0.2391033	1.757694	3.06467
12840	-7083.747	-7499.536	415.789	0.2392824	1.662039	3.626735
12846	-7091.008	-7506.389	415.381	0.2457336	1.574016	3.902829
12852	-7104.802	-7520.211	415.4092	0.2323814	1.572981	3.907836
12858	-7114.437	-7527.934	413.4971	0.2350489	1.461703	5.04345
12864	-7127.391	-7542.019	414.6275	0.2211706	1.660602	4.320623
12870	-7130.502	-7543.147	412.6445	0.2663148	1.450076	5.475895
12876	-7123.969	-7538.257	414.2882	0.2690662	1.590836	4.4798
12882	-7113.941	-7527.491	413.5507	0.2749364	1.461554	4.956464
12888	-7136.317	-7549.563	413.2464	0.2711069	1.536869	5.088905
12894	-7120.089	-7534.604	414.5152	0.2783427	1.588088	4.340405
12900	-7140.502	-7554.561	414.0594	0.2799238	1.437474	4.679314
12906	-7131.43	-7545.663	414.2327	0.2659156	1.437474	4.601608
12912	-7121.202	-7534.588	413.3853	0.249884	1.503899	5.060129
12918	-7122.775	-7536.183	413.4075	0.2639453	1.452402	5.056359
12924	-7113.629	-7526.314	412.6846	0.264247	1.410278	5.478574
12930	-7111.179	-7523.73	412.5515	0.2760263	1.422769	5.528795
12936	-7110.431	-7522.66	412.2292	0.2771562	1.399466	5.716906
12942	-7110.058	-7521.775	411.7172	0.2933597	1.355004	5.99978
12948	-7098.232	-7510.028	411.7954	0.2566512	1.367299	5.99978
12954	-7113.047	-7527.695	414.6485	0.2665944	1.577257	4.287607
12960	-7108.922	-7524.472	415.5499	0.2237302	1.617813	3.814981
12966	-7116.535	-7531.419	414.8837	0.2127354	1.631508	4.205581
12972	-7102.904	-7517.694	414.7892	0.2452868	1.748499	4.141821
12978	-7112.543	-7527.6	415.0578	0.2350113	1.579159	4.100966
12984	-7101.219	-7516.156	414.9365	0.3039535	1.598897	4.060639
12990	-7100.649	-7514.768	414.1194	0.2769465	1.480328	4.625763
12996	-7117.938	-7532.26	414.3219	0.2483077	1.494196	4.545077
13002	-7131.783	-7546.74	414.9568	0.2699243	1.506085	4.148409
13008	-7122.383	-7535.676	413.2937	0.2785087	1.489602	5.078757
13014	-7131.439	-7545.304	413.8656	0.2769395	1.407318	4.808535
13020	-7145.12	-7556.995	411.875	0.2343715	1.270259	6.041419
13026	-7131.976	-7546.161	414.1849	0.2343715	1.39749	4.697008
13032	-7127.038	-7540.105	413.0666	0.2428127	1.438775	5.282897
13038	-7132.577	-7545.667	413.0901	0.2309669	1.356966	5.332769
13044	-7129.998	-7541.604	411.6064	0.2634533	1.398736	6.076215
13050	-7144.203	-7559.289	415.0864	0.2268111	1.605769	4.082364
13056	-7160.052	-7574.224	414.1725	0.280011	1.495855	4.583069
13062	-7142.639	-7556.226	413.5872	0.2489852	1.502272	4.9502
13068	-7111.137	-7524.608	413.4706	0.2231374	1.538765	5.033624
13074	-7115.143	-7529.161	414.0189	0.22746	1.524977	4.72911
13080	-7130.113	-7542.368	412.2553	0.2191893	1.451859	5.757465
13086	-7126.727	-7539.722	412.9958	0.2501804	1.428694	5.316855
13092	-7131.589	-7547.027	415.4377	0.2258238	1.671216	3.845488
13098	-7121.668	-7536.786	415.1172	0.2348268	1.671216	4.014916
13104	-7124.797	-7537.998	413.2008	0.2895948	1.502715	5.108189
13110	-7107.07	-7519.688	412.6179	0.2516771	1.412589	5.531703
13116	-7115.458	-7529.35	413.8916	0.2322662	1.429777	4.845972
13122	-7113.415	-7527.119	413.7033	0.2633109	1.472949	4.88139
13128	-7122.199	-7536.194	413.9946	0.244748	1.495668	4.732931
13134	-7142.293	-7556.691	414.3984	0.2569666	1.533766	4.467182
13140	-7130.424	-7542.934	412.5101	0.2041319	1.406578	5.666479
13146	-7115.332	-7527.826	412.4939	0.2181048	1.380033	5.667756
13152	-7129.016	-7541.736	412.72	0.2719008	1.387093	5.46133
13158	-7133.891	-7547.017	413.1253	0.2719008	1.396229	5.232713
13164	-7128.742	-7541.432	412.6908	0.2374966	1.368059	5.536774
13170	-7128.416	-7541.388	412.972	0.2816284	1.375934	5.315447
13176	-7127.16	-7540.485	413.325	0.2816284	1.416178	5.097924
13182	-7125.588	-7540.36	414.7727	0.2544699	1.600473	4.221618
13188	-7131.819	-7544.553	412.734	0.2237666	1.436581	5.496085
13194	-7139.179	-7550.548	411.3695	0.2659323	1.316723	6.246376
13200	-7125.562	-7536.975	411.4132	0.2608033	1.412351	6.177641
13206	-7116.036	-7527.432	411.3954	0.2742623	1.3964	6.177641
13212	-7113.978	-7526.591	412.6137	0.2467621	1.408584	5.543296
13218	-7129.032	-7541.814	412.7829	0.2424548	1.408584	5.456528
13224	-7124.727	-7538.718	413.9911	0.2229758	1.467598	4.783693
13230	-7109.368	-7522.626	413.2581	0.2544321	1.42096	5.170029
13236	-7106.976	-7520.262	413.2861	0.2516069	1.400322	5.170029
13242	-7112.458	-7523.824	411.3654	0.2593274	1.319756	6.256058
13248	-7115.395	-7527.342	411.947	0.2306699	1.390236	5.942208
13254	-7121.315	-7534.793	413.4782	0.241425	1.463773	5.043276
13260	-7095.31	-7508.1	412.7899	0.2468406	1.499186	5.396334
13266	-7101.286	-7516.433	415.1475	0.2467667	1.506455	4.073378
13272	-7119.432	-7535.824	416.3923	0.2599917	1.638347	3.255933
13278	-7130.145	-7545.416	415.2707	0.2323841	1.681315	3.925146
13284	-7119.645	-7535.002	415.357	0.2285646	1.593332	3.932112
13290	-7122.283	-7537.566	415.2834	0.2567473	1.632608	3.908743
13296	-7119.371	-7535.088	415.7173	0.2346358	1.667385	3.672461
13302	-7115.605	-7530.745	415.1407	0.2288645	1.67869	4.006512
13308	-7120.698	-7535.783	415.0851	0.2805481	1.601878	4.005775
13314	-7144.178	-7558.653	414.4747	0.2403437	1.599003	4.411976
13320	-7121.629	-7534.842	413.2132	0.2642412	1.472686	5.152362
13326	-7131.205	-7544.428	413.2227	0.2315553	1.472496	5.194784
13332	-7140.342	-7555.842	415.4993	0.2224103	1.508126	3.909188
13338	-7139.781	-7555.677	415.8968	0.2739443	1.624589	3.533997
13344	-7106.261	-7519.836	413.5749	0.2376895	1.483302	4.984288
13350	-7119.08	-7532.622	413.5418	0.2501463	1.483302	4.984288
13356	-7108.902	-7523.063	414.1611	0.2456874	1.546161	4.610038
13362	-7116.698	-7530.91	414.2122	0.2217864	1.480411	4.654759
13368	-7118.414	-7532.497	414.0831	0.2722427	1.476488	4.654759
13374	-7107.985	-7520.973	412.9877	0.2578485	1.467809	5.288773
13380	-7127.635	-7540.639	413.0037	0.2576076	1.452437	5.288773
13386	-7116.971	-7529.258	412.2869	0.2337205	1.36742	5.764316
13392	-7146.676	-7560.764	414.0878	0.2732666	1.521194	4.625639
13398	-7141.188	-7555.578	414.3902	0.2572287	1.566217	4.453116
13404	-7120.528	-7535.986	415.458	0.2011745	1.612484	3.908222
13410	-7130.547	-7546.183	415.6358	0.2522135	1.727377	3.657837
13416	-7112.063	-7528.235	416.1722	0.2583252	1.722311	3.338647
13422	-7129.193	-7542.566	413.373	0.2607115	1.469918	5.070308
13428	-7130.959	-7544.625	413.6658	0.2511119	1.469918	4.921391
13434	-7126.394	-7541.623	415.229	0.2528684	1.535141	4.001393
13440	-7117.656	-7532.912	415.2559	0.2561455	1.596553	3.94603
13446	-7102.283	-7517.632	415.3489	0.2356029	1.600092	3.921816
13452	-7113.009	-7528.051	415.0425	0.2845869	1.592583	4.029803
13458	-7119.997	-7534.652	414.6552	0.2973012	1.587511	4.235839
13464	-7113.309	-7526.902	413.5928	0.2806543	1.484962	4.912235
13470	-7100.75	-7516.344	415.5932	0.2794815	1.557774	3.740849
13476	-7094.69	-7509.899	415.2091	0.2520675	1.591044	3.982039
13482	-7104.873	-7519.648	414.7757	0.2634538	1.502958	4.262171
13488	-7116.671	-7531.05	414.3785	0.278491	1.502958	4.465345
13494	-7108.857	-7522.146	413.2894	0.2554109	1.459645	5.129872
13500	-7114.793	-7529.271	414.4781	0.2624263	1.451658	4.460693
13506	-7118.501	-7532.604	414.1027	0.2843401	1.528946	4.597783
13512	-7128.671	-7542.475	413.804	0.2234754	1.402272	4.923632
13518	-7122.558	-7537.578	415.0208	0.299012	1.454487	4.101437
13524	-7109.049	-7524.052	415.0038	0.2857265	1.502945	4.101437
13530	-7117.65	-7532.628	414.9787	0.2503218	1.616717	4.101437
13536	-7106.257	-7521.837	415.58	0.254529	1.587574	3.767403
13542	-7140.123	-7553.325	413.2021	0.2373014	1.543168	5.158455
13548	-7125.355	-7539.874	414.5194	0.2316063	1.563787	4.419948
13554	-7124.841	-7537.844	413.0024	0.2849319	1.531993	5.207979
13560	-7121.985	-7536.726	414.7407	0.2473935	1.629426	4.233797
13566	-7119.965	-7534.793	414.8279	0.2473935	1.612342	4.194018
13572	-7108.657	-7523.678	415.021	0.219051	1.554836	4.160905
13578	-7126.024	-7540.595	414.5718	0.2407923	1.605587	4.352761
13584	-7133.081	-7547.428	414.3471	0.2330148	1.49406	4.553994
13590	-7129.081	-7543.433	414.3514	0.2330148	1.570612	4.508562
13596	-7127.61	-7543.187	415.5774	0.2304753	1.617997	3.788322
13602	-7135.667	-7550.83	415.1635	0.2222213	1.560289	4.071609
13608	-7126.827	-7540.46	413.6333	0.2503414	1.558093	4.89149
13614	-7126.669	-7540.578	413.9091	0.2398542	1.526428	4.770811
13620	-7119.506	-7534.074	414.568	0.3015054	1.570711	4.289207
13626	-7128.418	-7542.277	413.8583	0.2371838	1.620056	4.750887
13632	-7143.241	-7556.568	413.3269	0.261209	1.398238	5.134923
13638	-7124.764	-7538.17	413.4062	0.2812318	1.48798	5.013525
13644	-7131.596	-7544.97	413.3733	0.2506302	1.47798	5.080092
13650	-7124.146	-7537.151	413.005	0.2759086	1.442758	5.268021
13656	-7121.762	-7534.742	412.9804	0.2911137	1.430636	5.268021
13662	-7124.907	-7537.885	412.9781	0.2965868	1.419956	5.268021
13668	-7131.211	-7542.987	411.7762	0.2703515	1.422503	5.96123
13674	-7141.902	-7554.398	412.4961	0.2749558	1.521983	5.506132
13680	-7133.861	-7547.088	413.2265	0.2749558	1.499658	5.1153
13686	-7129.994	-7542.562	412.5677	0.2860833	1.426448	5.504391
13692	-7123.061	-7536.313	413.2515	0.2832124	1.443963	5.121144
13698	-7107.836	-7521.895	414.0584	0.279363	1.441264	4.678495
13704	-7124.521	-7538.377	413.8564	0.2346135	1.467954	4.840762
13710	-7143.796	-7557.684	413.8883	0.2474703	1.596164	4.732195
13716	-7135.879	-7551.75	415.8711	0.2567814	1.685495	3.538667
13722	-7119.826	-7533.335	413.5092	0.2609674	1.462803	4.998324
13728	-7122.199	-7537.447	415.248	0.2538552	1.59204	3.95657
13734	-7113.993	-7528.246	414.2535	0.2592555	1.468018	4.582285
13740	-7133.356	-7548.69	415.334	0.2779658	1.71052	3.804342
13746	-7147.889	-7561.235	413.3454	0.2519727	1.465957	5.100317
13752	-7118.74	-7532.615	413.8753	0.2590097	1.412374	4.82535
13758	-7127.277	-7539.669	412.392	0.2706774	1.380003	5.647118
13764	-7134.908	-7547.158	412.2503	0.3076955	1.469313	5.627397
13770	-7132.923	-7545.926	413.0035	0.2922515	1.327704	5.310628
13776	-7117.687	-7531.006	413.3193	0.2432405	1.413697	5.156413
13782	-7127.591	-7539.868	412.2776	0.2831732	1.354193	5.707207
13788	-7124.203	-7536.481	412.2776	0.2831732	1.354193	5.707207
13794	-7137.884	-7549.961	412.0769	0.2614099	1.376918	5.834135
13800	-7139.325	-7550.08	410.7545	0.2809151	1.377481	6.526956
13806	-7121.582	-7536.819	415.2379	0.2652441	1.438125	4.033689
13812	-7132.051	-7545.199	413.1478	0.271539	1.428858	5.202743
13818	-7133.233	-7547	413.7676	0.256212	1.428858	4.8802
13824	-7146.189	-7558.792	412.6026	0.2570903	1.494422	5.487439
13830	-7122.199	-7536.782	414.5822	0.244009	1.532258	4.383497
13836	-7132.642	-7547.256	414.6144	0.2543695	1.544098	4.343271
13842	-7110.906	-7525.943	415.037	0.2440277	1.609406	4.081824
13848	-7110.206	-7524.572	414.3665	0.2621835	1.514457	4.488472
13854	-7126.719	-7542.108	415.3881	0.2546463	1.563031	3.891719
13860	-7125.856	-7541.285	415.4294	0.2179328	1.621153	3.891719
13866	-7112.026	-7527.954	415.9278	0.2713509	1.654793	3.502076
13872	-7120.178	-7534.975	414.7962	0.2626753	1.565956	4.215915
13878	-7113.004	-7524.997	411.9932	0.2771182	1.400632	5.84548
13884	-7131.889	-7544.688	412.7988	0.2846208	1.31287	5.441691
13890	-7106.992	-7518.869	411.8768	0.282167	1.372056	5.918019
13896	-7117.87	-7531.12	413.25	0.2759817	1.525969	5.086248
13902	-7112.181	-7527.602	415.4214	0.2885232	1.621595	3.790525
13908	-7119.062	-7534.246	415.1836	0.2619009	1.577629	3.989798
13914	-7125.219	-7540.52	415.3008	0.2426385	1.577629	3.951451
13920	-7117.909	-7532.299	414.3898	0.273535	1.538366	4.445888
13926	-7112.524	-7526.382	413.8587	0.2710307	1.399595	4.82483
13932	-7103.961	-7516.294	412.3337	0.2737402	1.36061	5.685541
13938	-7118.58	-7530.001	411.4215	0.2660702	1.294324	6.230055
13944	-7125.176	-7539.434	414.258	0.2397726	1.396363	4.64853
13950	-7124.889	-7538.494	413.605	0.2982547	1.417203	4.919798
13956	-7109.278	-7523.181	413.903	0.2552346	1.527664	4.750938
13962	-7104.146	-7519.543	415.3965	0.2770319	1.632933	3.814342
13968	-7114.658	-7530.264	415.6061	0.2413912	1.573302	3.780515
13974	-7115.395	-7530.53	415.1348	0.2529323	1.505672	4.071865
13980	-7112.815	-7527.295	414.4796	0.294254	1.48685	4.396144
13986	-7117.582	-7531.215	413.6327	0.2437788	1.455213	4.958711
13992	-7134.504	-7546.656	412.1513	0.2439482	1.418087	5.795728
13998	-7111.596	-7525.03	413.4347	0.2113454	1.409812	5.143614
14004	-7112.42	-7526.126	413.7059	0.2430443	1.378865	4.961528
14010	-7095.481	-7508.387	412.9062	0.2461384	1.430965	5.37087
14016	-7113.819	-7526.733	412.9145	0.2435758	1.429445	5.37087
14022	-7114.949	-7527.8	412.8508	0.241893	1.475852	5.382866
14028	-7094.233	-7507.619	413.3858	0.2603262	1.434856	5.083224
14034	-7122.883	-7536.574	413.6914	0.2616119	1.434856	4.911615
14040	-7111.446	-7527.908	416.4626	0.2273716	1.664681	3.250032
14046	-7116.102	-7530.567	414.465	0.2454076	1.562331	4.430524
14052	-7124.678	-7539.057	414.379	0.2422301	1.579675	4.473953
14058	-7111.738	-7526.584	414.8465	0.223935	1.606458	4.222867
14064	-7123.783	-7539.531	415.7481	0.2191488	1.578891	3.730612
14070	-7114.012	-7527.314	413.3026	0.2115226	1.505601	5.163455
14076	-7100.564	-7514.886	414.3226	0.2481741	1.531354	4.523991
14082	-7111.256	-7524.1	412.844	0.2554919	1.469603	5.370408
14088	-7124.314	-7535.266	410.9516	0.2512333	1.325114	6.488965
14094	-7110.668	-7525	414.3322	0.2314222	1.471676	4.577348
14100	-7110.94	-7524.923	413.9822	0.2218662	1.440785	4.805356
14106	-7116.787	-7530.686	413.8988	0.2273997	1.508769	4.805356
14112	-7141.901	-7556.661	414.7594	0.2265828	1.535785	4.308065
14118	-7109.001	-7523	413.9984	0.2379492	1.539205	4.716647
14124	-7115.279	-7528.906	413.6267	0.2206742	1.431566	5.010284
14130	-7114.806	-7527.982	413.1763	0.2255982	1.371303	5.285467
14136	-7116.607	-7529.991	413.3849	0.2121601	1.490501	5.125209
14142	-7115.61	-7529.785	414.1747	0.2345587	1.474952	4.659059
14148	-7118.864	-7532.959	414.0952	0.2735637	1.474324	4.647367
14154	-7126.074	-7539.793	413.7197	0.2713317	1.404906	4.898951
14160	-7145.829	-7558.443	412.6147	0.2829267	1.436439	5.477263
14166	-7118.124	-7532.205	414.0816	0.2781626	1.54458	4.609268
14172	-7130.482	-7545.214	414.7326	0.2531298	1.551226	4.274225
14178	-7096.321	-7509.232	412.911	0.2335986	1.435402	5.38433
14184	-7106.557	-7518.238	411.6811	0.2470572	1.281231	6.12259
14190	-7111.957	-7523.326	411.3696	0.2520072	1.268128	6.292064
14196	-7106.114	-7519.174	413.0596	0.2437999	1.455808	5.275914
14202	-7125.056	-7535.522	410.4662	0.295356	1.263108	6.726017
14208	-7120.239	-7531.522	411.2828	0.2789015	1.229365	6.323446
14214	-7107.522	-7520.66	413.1388	0.2553412	1.497347	5.192518
14220	-7105.765	-7518.215	412.4496	0.2573013	1.434065	5.604381
14226	-7104.992	-7519.061	414.0687	0.2511009	1.508808	4.674795
14232	-7126.173	-7538.486	412.3138	0.2511009	1.507114	5.647637
14238	-7122.756	-7535.599	412.8428	0.2356312	1.464605	5.402757
14244	-7133.727	-7546.96	413.2328	0.2760137	1.523992	5.096834
14250	-7115.059	-7528.04	412.981	0.2590453	1.484522	5.281536
14256	-7099.974	-7513.422	413.4481	0.2454453	1.484446	5.042551
14262	-7126.468	-7540.957	414.4893	0.2560472	1.533614	4.417347
14268	-7141.139	-7555.686	414.5465	0.2373492	1.522686	4.419054
14274	-7147.943	-7562.42	414.4778	0.2728729	1.481658	4.429213
14280	-7141.484	-7554.207	412.7229	0.2750917	1.446479	5.42267
14286	-7129.316	-7541.216	411.9001	0.2878997	1.361887	5.903279
14292	-7130.511	-7542.712	412.2018	0.2895886	1.327702	5.75476
14298	-7113.694	-7526.026	412.3318	0.2473439	1.468944	5.664051
14304	-7113.747	-7526.013	412.2654	0.2381383	1.386387	5.759152
14310	-7117.986	-7530.211	412.2256	0.2537515	1.384933	5.759152
14316	-7141.909	-7554.71	412.8007	0.2762216	1.359589	5.426131
14322	-7123.852	-7537.84	413.9884	0.2150948	1.492088	4.784006
14328	-7121.003	-7534.54	413.5366	0.2423547	1.524109	4.97591
14334	-7134.947	-7549	414.0532	0.258107	1.476068	4.691649
14340	-7132.023	-7543.584	411.5605	0.2302742	1.456383	6.117455
14346	-7113.796	-7526.206	412.4102	0.2568419	1.379468	5.656596
14352	-7117.166	-7529.72	412.5538	0.291374	1.409066	5.514645
14358	-7128.723	-7541.895	413.1716	0.288796	1.532071	5.109117
14364	-7121.878	-7535.352	413.4733	0.2726561	1.507942	4.976853
14370	-7109.339	-7522.315	412.9762	0.2536887	1.408097	5.334015
14376	-7120.444	-7534.754	414.3107	0.2529474	1.486894	4.548658
14382	-7107.005	-7521.142	414.1365	0.2830846	1.563229	4.561231
14388	-7115.637	-7529.632	413.9943	0.2789412	1.543141	4.657892
14394	-7126.558	-7540.653	414.0949	0.24809	1.457458	4.693269
14400	-7123.221	-7537.794	414.573	0.2695234	1.553872	4.339433
14406	-7132.124	-7544.978	412.8543	0.2466827	1.461479	5.381888
14412	-7125.188	-7538.478	413.2898	0.2975939	1.472616	5.06502
14418	-7121.22	-7533.627	412.4066	0.3178172	1.330796	5.605014
14424	-7125.59	-7537.75	412.1599	0.2645707	1.365977	5.790348
14430	-7136.395	-7551.077	414.6817	0.2677354	1.547276	4.284196
14436	-7143.262	-7557.473	414.2111	0.2834971	1.413384	4.602942
14442	-7136.203	-7548.969	412.7662	0.2856455	1.349812	5.437908
14448	-7134.966	-7548.735	413.769	0.2990988	1.348108	4.865844
14454	-7149.271	-7562.033	412.7617	0.2168457	1.501133	5.456042
14460	-7119.695	-7532.528	412.8338	0.2153287	1.433363	5.456042
14466	-7119.241	-7533.137	413.896	0.2866714	1.523217	4.713628
14472	-7109.297	-7523.36	414.0634	0.2267	1.510354	4.713628
14478	-7106.33	-7520.387	414.0563	0.2405609	1.479637	4.713628
14484	-7100.709	-7514.122	413.4129	0.2546298	1.41841	5.08543
14490	-7137.722	-7554.398	416.6758	0.2409247	1.722226	3.067297
14496	-7152.97	-7569.153	416.1829	0.2813903	1.729433	3.29432
14502	-7127.605	-7542.018	414.4123	0.2626368	1.617286	4.404101
14508	-7115.673	-7530.235	414.5623	0.2136934	1.562588	4.424771
14514	-7117.492	-7533.149	415.6571	0.2320345	1.741851	3.668285
14520	-7124.499	-7540.54	416.0406	0.208261	1.741851	3.48443
14526	-7118.228	-7534.532	416.3038	0.208261	1.692896	3.358974
14532	-7104.043	-7520.167	416.1243	0.2297838	1.71541	3.415275
14538	-7115.674	-7529.927	414.2535	0.2340464	1.531196	4.584132
14544	-7118.454	-7535.216	416.7624	0.272032	1.731023	2.962087
14550	-7132.485	-7547.058	414.5729	0.2248639	1.579751	4.391285
14556	-7145.208	-7560.057	414.8491	0.2553398	1.570219	4.194131
14562	-7110.002	-7526.505	416.5025	0.3107113	1.7582	3.046546
14568	-7112.62	-7527.35	414.73	0.2736116	1.541091	4.252034
14574	-7103.208	-7518.396	415.188	0.2647007	1.547167	4.000692
14580	-7113.332	-7527.953	414.6212	0.2467483	1.547167	4.348953
14586	-7108.627	-7522.141	413.5142	0.2521357	1.401314	5.042267
14592	-7133.912	-7545.459	411.5472	0.2589271	1.4177	6.104408
14598	-7122.745	-7534.776	412.0309	0.2483271	1.425918	5.850979
14604	-7125.435	-7538.829	413.3939	0.2621054	1.418329	5.085378
14610	-7126.568	-7539.023	412.4547	0.2488519	1.375618	5.645673
14616	-7111.226	-7524.055	412.8286	0.2554171	1.490391	5.367557
14622	-7111.634	-7525.775	414.1403	0.2331536	1.450738	4.694004
14628	-7118.392	-7531.513	413.121	0.23131	1.452483	5.262446
14634	-7122.415	-7536.6	414.1849	0.2700914	1.533794	4.568516
14640	-7120.228	-7535.134	414.906	0.2820583	1.609323	4.101605
14646	-7104.986	-7518.79	413.8035	0.3093874	1.467797	4.766608
14652	-7145.02	-7557.81	412.7901	0.2593287	1.386695	5.440344
14658	-7145.478	-7559.201	413.7225	0.2537326	1.470033	4.885937
14664	-7120.593	-7534.038	413.445	0.2427541	1.394738	5.098029
14670	-7097.871	-7511.459	413.5886	0.2441162	1.375973	5.026721
14676	-7097.032	-7512.579	415.5466	0.2884939	1.570272	3.748008
14682	-7099.352	-7514.98	415.6282	0.2664701	1.542637	3.748008
14688	-7123.329	-7538.74	415.4109	0.2897309	1.60413	3.805007
14694	-7123.213	-7539.178	415.9658	0.2988245	1.639969	3.449935
14700	-7128.654	-7544.697	416.0427	0.2896917	1.584541	3.449935
14706	-7128.363	-7544.509	416.1462	0.2881584	1.581613	3.393182
14712	-7127.23	-7542.893	415.6627	0.2558812	1.610913	3.704202
14718	-7134.353	-7549.299	414.9457	0.2419466	1.610913	4.136069
14724	-7145.182	-7560.212	415.0297	0.2510927	1.502832	4.136069
14730	-7112.74	-7527.087	414.3471	0.2808184	1.509554	4.476109
14736	-7123.927	-7538.348	414.4217	0.2709544	1.514965	4.444725
14742	-7108.501	-7523.483	414.9827	0.2459301	1.533363	4.153129
14748	-7104.593	-7519.643	415.0501	0.2459301	1.575458	4.090826
14754	-7103.761	-7518.831	415.0697	0.2459301	1.555889	4.090826
14760	-7111.54	-7526.519	414.9789	0.2818183	1.555889	4.090826
14766	-7131.377	-7547.126	415.7487	0.2883612	1.674993	3.57048
14772	-7121.502	-7537.253	415.7516	0.2287888	1.650895	3.671423
14778	-7111.035	-7526.089	415.054	0.2481309	1.58041	4.082469
14784	-7133.928	-7550.845	416.9176	0.2712789	1.715352	2.879031
14790	-7129.774	-7546.345	416.5712	0.2782344	1.732755	3.066508
14796	-7122.025	-7538.438	416.4123	0.2765098	1.669467	3.201219
14802	-7127.472	-7543.552	416.0799	0.3111044	1.657702	3.356069
14808	-7116.458	-7532.787	416.3296	0.2646623	1.617154	3.298405
14814	-7150.323	-7566.529	416.2067	0.2506039	1.67192	3.359748
14820	-7150.379	-7564.186	413.8064	0.2371742	1.577347	4.803752
14826	-7126.136	-7540.243	414.1068	0.2168236	1.501816	4.709633
14832	-7136.848	-7553.282	416.4341	0.2914028	1.771995	3.105974
14838	-7124.502	-7540.731	416.2293	0.2603873	1.662063	3.337431
14844	-7142.251	-7558.48	416.2294	0.248588	1.692399	3.337431
14850	-7111.704	-7527.598	415.8933	0.2387753	1.639464	3.580053
14856	-7112.751	-7528.675	415.9238	0.2356173	1.658922	3.555978
14862	-7119.094	-7533.919	414.825	0.2424453	1.507471	4.262575
14868	-7115.419	-7529.404	413.9848	0.2650229	1.405893	4.759322
14874	-7125.301	-7540.568	415.2678	0.232033	1.627926	3.957899
14880	-7125.345	-7540.533	415.1882	0.255699	1.552833	4.010443
14886	-7119.217	-7534.579	415.3621	0.2785537	1.601984	3.849791
14892	-7127.649	-7542.229	414.5799	0.3085358	1.460003	4.3359
14898	-7122.684	-7536.358	413.6739	0.2933149	1.439329	4.875619
14904	-7115.469	-7529.143	413.6746	0.3038281	1.353276	4.909455
14910	-7151.005	-7566.666	415.6608	0.2686563	1.608228	3.688095
14916	-7134.195	-7549.949	415.7541	0.2439761	1.732799	3.598631
14922	-7117.264	-7532.235	414.9715	0.2260115	1.55387	4.17849
14928	-7120.555	-7535.586	415.0312	0.262748	1.541867	4.09597
14934	-7117.538	-7532.179	414.6412	0.2300166	1.691706	4.281372
14940	-7121.441	-7535.681	414.2398	0.2328588	1.618326	4.544718
14946	-7131.124	-7546.268	415.1436	0.2325244	1.573761	4.059024
14952	-7141.846	-7556.118	414.2723	0.2365793	1.609495	4.525738
14958	-7116.853	-7531.381	414.5282	0.2354071	1.465657	4.464468
14964	-7119.795	-7535.412	415.6177	0.2452915	1.575712	3.766449
14970	-7111.7	-7527.666	415.9667	0.2720367	1.635307	3.489734
14976	-7106.684	-7522.589	415.9051	0.2491943	1.596441	3.582159
14982	-7094.216	-7510.023	415.8071	0.3104701	1.544879	3.582159
14988	-7103.887	-7518.045	414.1576	0.2823176	1.521579	4.573816
14994	-7097.482	-7512.08	414.5978	0.2849951	1.544447	4.309304
15000	-7111.842	-7524.469	412.6267	0.2864463	1.488465	5.437334
15006	-7134.812	-7547.586	412.7735	0.2864463	1.401765	5.404246
15012	-7125.214	-7537.66	412.4468	0.2707497	1.424012	5.59276
15018	-7138.482	-7550.729	412.2466	0.3107489	1.407467	5.659492
15024	-7122.066	-7535.416	413.35	0.2527878	1.622994	5.009422
15030	-7121.638	-7534.251	412.6135	0.2527878	1.431763	5.521982
15036	-7120.284	-7532.798	412.5132	0.2457609	1.441215	5.582009
15042	-7116.095	-7529.518	413.4232	0.2201135	1.439909	5.119458
15048	-7129.961	-7543.453	413.492	0.2197453	1.604319	4.990595
15054	-7128.374	-7541.26	412.8858	0.2409617	1.451248	5.378519
15060	-7127.417	-7537.506	410.089	0.2179886	1.324349	7.004063
15066	-7132.22	-7543.786	411.5668	0.2190475	1.348743	6.18965
15072	-7109.466	-7522.052	412.5853	0.2210636	1.462608	5.567656
15078	-7124.286	-7537.883	413.5972	0.2399282	1.497185	4.960819
15084	-7128.705	-7544.292	415.5872	0.2413024	1.654138	3.744907
15090	-7147.209	-7561.764	414.5545	0.2577215	1.485228	4.405475
15096	-7138.076	-7552.595	414.5194	0.2720646	1.484172	4.405475
15102	-7122.068	-7534.486	412.418	0.2756424	1.399111	5.615597
15108	-7118.844	-7531.089	412.2453	0.2864125	1.465043	5.659829
15114	-7111.599	-7524.793	413.1941	0.2701304	1.453089	5.165632
15120	-7117.995	-7532.285	414.2894	0.2586763	1.611854	4.482092
15126	-7118.974	-7532.849	413.8752	0.2552933	1.479295	4.793365
15132	-7125.689	-7539.652	413.9627	0.2321394	1.451361	4.79448
15138	-7119.433	-7533.049	413.616	0.2365956	1.421883	4.997219
15144	-7113.34	-7527.123	413.7825	0.2812097	1.48486	4.805803
15150	-7109.603	-7523.585	413.9814	0.2403221	1.52779	4.728938
15156	-7126.499	-7539.593	413.0945	0.3002719	1.4764	5.167696
15162	-7117.48	-7533.098	415.6183	0.2475981	1.691216	3.695895
15168	-7113.388	-7528.743	415.3551	0.2589364	1.640826	3.859675
15174	-7122.612	-7535.976	413.3645	0.229538	1.527331	5.088971
15180	-7111.556	-7525.481	413.9254	0.2518141	1.498412	4.75969
15186	-7099.596	-7514.645	415.0483	0.2302679	1.554466	4.127797
15192	-7089.973	-7505.114	415.1414	0.257629	1.653226	3.97695
15198	-7110.579	-7525.446	414.8669	0.2300997	1.595363	4.207901
15204	-7109.806	-7524.403	414.5975	0.2604506	1.525031	4.354765
15210	-7111.292	-7525.872	414.5798	0.2339252	1.564395	4.382011
15216	-7105.517	-7520.166	414.6482	0.2296488	1.53056	4.369096
15222	-7122.81	-7537.937	415.1269	0.2261971	1.606781	4.059667
15228	-7119.419	-7533.501	414.0828	0.2363997	1.528255	4.677877
15234	-7116.916	-7531.283	414.3673	0.2288596	1.580703	4.500327
15240	-7135.378	-7547.757	412.3791	0.2521835	1.454524	5.639119
15246	-7138.955	-7551.535	412.5803	0.2741105	1.457948	5.496173
15252	-7135.093	-7548.081	412.9887	0.2641712	1.452868	5.287564
15258	-7140.903	-7553.899	412.9965	0.2529438	1.473882	5.287564
15264	-7136.788	-7550.384	413.5955	0.2631949	1.498854	4.927146
15270	-7130.052	-7543.761	413.7091	0.26905	1.469284	4.872111
15276	-7130.9	-7544.786	413.8865	0.2334093	1.471727	4.823701
15282	-7131.118	-7545.039	413.921	0.2683808	1.482688	4.747341
15288	-7116.753	-7531.817	415.0635	0.2365817	1.556783	4.10806
15294	-7097.913	-7513.135	415.2224	0.2652839	1.572872	3.965451
15300	-7116.882	-7532.015	415.1329	0.2647996	1.580222	4.013133
15306	-7117.43	-7532.345	414.9155	0.2706688	1.49785	4.175504
15312	-7123.398	-7537.863	414.4654	0.2077832	1.524364	4.510522
15318	-7112.697	-7526.206	413.5093	0.2445324	1.424262	5.043359
15324	-7106.599	-7520.222	413.623	0.252971	1.480859	4.936431
15330	-7117.213	-7530.247	413.0344	0.2356826	1.506783	5.273733
15336	-7114.023	-7527.765	413.7424	0.2199132	1.452292	4.935659
15342	-7098.72	-7513.868	415.1484	0.2762554	1.527304	4.018234
15348	-7112.323	-7526.092	413.7691	0.2368627	1.516708	4.858866
15354	-7108.274	-7522.957	414.6825	0.2480145	1.515526	4.33032
15360	-7111.671	-7524.853	413.1814	0.2344508	1.366549	5.271811
15366	-7136.387	-7550.109	413.721	0.2862664	1.471419	4.840796
15372	-7123.31	-7537.203	413.8928	0.2595323	1.524834	4.752063
15378	-7121.669	-7534.833	413.1641	0.2708626	1.430312	5.193826
15384	-7114.872	-7528.12	413.2482	0.2644327	1.384618	5.181519
15390	-7105.544	-7518.878	413.3335	0.2615255	1.429445	5.113528
15396	-7118.111	-7531.442	413.3308	0.2952424	1.498279	5.031112
15402	-7110.287	-7522.771	412.4842	0.2763129	1.417691	5.568184
15408	-7128.056	-7541.459	413.4027	0.2585644	1.512974	5.032961
15414	-7107.533	-7521.92	414.3862	0.3065438	1.526739	4.410188
15420	-7135.087	-7547.166	412.0788	0.2458692	1.45536	5.812226
15426	-7112.898	-7526.357	413.4592	0.2552851	1.502708	5.01202
15432	-7109.928	-7523.533	413.6048	0.2448358	1.454046	4.973302
15438	-7124.428	-7537.559	413.131	0.3189967	1.587385	5.062288
15444	-7122.247	-7536.583	414.3354	0.2504823	1.545828	4.505275
15450	-7110.866	-7525.38	414.5136	0.2462365	1.545828	4.4112
15456	-7106.696	-7522.048	415.3519	0.2669954	1.648186	3.845556
15462	-7114.992	-7530.727	415.7348	0.2771728	1.574344	3.652653
15468	-7102	-7516.889	414.8885	0.2677404	1.561732	4.158683
15474	-7108.689	-7524.766	416.0766	0.2541311	1.619209	3.461488
15480	-7104.818	-7520.177	415.3586	0.2541311	1.607421	3.883917
15486	-7112.401	-7528.003	415.6026	0.2253116	1.607421	3.788114
15492	-7100.415	-7515.29	414.875	0.2459304	1.546752	4.206699
15498	-7108.287	-7523.52	415.2335	0.2694125	1.543612	3.969928
15504	-7111.285	-7526.374	415.0888	0.2507003	1.569339	4.065147
15510	-7129.204	-7542.308	413.1034	0.3016793	1.483719	5.156904
15516	-7125.819	-7538.433	412.614	0.2548419	1.453327	5.506944
15522	-7114.574	-7528.573	413.9987	0.2615614	1.411108	4.753537
15528	-7111.277	-7525.055	413.7773	0.2439688	1.488657	4.859297
15534	-7113.021	-7525.54	412.5195	0.2755138	1.474389	5.518679
15540	-7114.815	-7529.587	414.7723	0.2378874	1.531331	4.2858
15546	-7108.52	-7523.436	414.9161	0.2178782	1.631486	4.17887
15552	-7109.381	-7524.291	414.9095	0.2453724	1.562761	4.17887
15558	-7121.821	-7536.545	414.7248	0.2655358	1.512252	4.28275
15564	-7099.139	-7511.447	412.3084	0.2593058	1.399262	5.698106
15570	-7106.842	-7520.672	413.8301	0.237022	1.526882	4.818931
15576	-7117.058	-7532.122	415.0632	0.2514792	1.608823	4.05608
15582	-7115.031	-7530.165	415.1346	0.2432751	1.558991	4.05608
15588	-7119.533	-7534.028	414.4946	0.2866616	1.532078	4.372339
15594	-7137.834	-7551.392	413.5575	0.2729912	1.555368	4.90315
15600	-7129.908	-7544.87	414.9621	0.2540514	1.599843	4.114971
15606	-7139.576	-7554.514	414.9371	0.27147	1.580673	4.114971
15612	-7130.484	-7546.285	415.8016	0.2562177	1.64074	3.605961
15618	-7138.645	-7553.359	414.7133	0.2471969	1.508563	4.318011
15624	-7119.77	-7534.496	414.7254	0.2745108	1.674517	4.177686
15630	-7103.289	-7517.858	414.5688	0.2745108	1.527276	4.349824
15636	-7113.432	-7527.607	414.1752	0.2362757	1.497511	4.643536
15642	-7119.602	-7533.091	413.4889	0.2658213	1.506913	4.978265
15648	-7122.616	-7535.187	412.5711	0.244216	1.502664	5.51868
15654	-7131.096	-7545.489	414.3933	0.2582542	1.578313	4.443087
15660	-7122.315	-7536.098	413.7821	0.2228894	1.52521	4.868264
15666	-7128.056	-7542.342	414.2861	0.2302365	1.563523	4.553533
15672	-7113.662	-7526.313	412.6511	0.2396551	1.488859	5.488954
15678	-7140.365	-7555.241	414.8756	0.2719751	1.651908	4.108699
15684	-7117.415	-7533.238	415.8231	0.2775135	1.622032	3.573252
15690	-7115.512	-7531.336	415.824	0.2797611	1.61566	3.573252
15696	-7112.838	-7528.12	415.2819	0.2509016	1.61566	3.927997
15702	-7114.315	-7530.54	416.2252	0.2380644	1.594187	3.413942
15708	-7099.909	-7514.714	414.8058	0.2557358	1.550546	4.22931
15714	-7122.809	-7537.754	414.9449	0.2241504	1.49618	4.22931
15720	-7130.599	-7545.637	415.0381	0.2412801	1.622318	4.078003
15726	-7138.878	-7554.124	415.2465	0.2413412	1.51963	4.017612
15732	-7121.924	-7536.062	414.1377	0.294439	1.509437	4.575573
15738	-7104.83	-7519.209	414.3796	0.2532843	1.621931	4.43344
15744	-7099.604	-7515.498	415.8939	0.2269318	1.648915	3.593033
15750	-7120.534	-7535.712	415.1776	0.2251778	1.507894	4.088764
15756	-7118.574	-7532.488	413.914	0.2356597	1.566242	4.752124
15762	-7109.487	-7523.491	414.0038	0.2683723	1.524669	4.67757
15768	-7129.729	-7544.022	414.2932	0.253165	1.496614	4.552746
15774	-7136.845	-7550.441	413.5952	0.2446967	1.430796	4.99178
15780	-7130.918	-7543.984	413.0654	0.2712959	1.430186	5.247866
15786	-7134.665	-7548.155	413.4894	0.2897741	1.420391	4.993464
15792	-7112.592	-7525.231	412.6398	0.2575253	1.456848	5.48704
15798	-7139.465	-7552.713	413.2473	0.2498943	1.370274	5.210603
15804	-7117.887	-7529.721	411.8337	0.2498943	1.336982	6.005006
15810	-7108.912	-7522.207	413.2953	0.2997944	1.398553	5.100175
15816	-7110.898	-7523.147	412.2491	0.2664068	1.39838	5.721248
15822	-7130.923	-7543.064	412.1415	0.2957438	1.434603	5.721248
15828	-7142.137	-7556.395	414.2586	0.2712719	1.613858	4.480418
15834	-7119.789	-7534.448	414.6593	0.2722049	1.54831	4.289969
15840	-7138.151	-7551.669	413.5175	0.2417412	1.680246	4.900586
15846	-7132.836	-7547.575	414.7392	0.2583497	1.6264	4.220255
15852	-7130.448	-7543.968	413.52	0.2489568	1.506168	4.985439
15858	-7127.96	-7539.674	411.7143	0.2488768	1.321259	6.080104
15864	-7122.55	-7535.508	412.9586	0.2583633	1.4227	5.328984
15870	-7115.457	-7529.94	414.4829	0.2353038	1.472209	4.486417
15876	-7121.318	-7534.958	413.6403	0.2767213	1.435641	4.918612
15882	-7128.556	-7543.119	414.5633	0.2930702	1.487164	4.350267
15888	-7127.965	-7542.644	414.6798	0.22603	1.564361	4.337811
15894	-7122.895	-7537.315	414.4198	0.2692139	1.572245	4.415944
15900	-7128.627	-7542.437	413.8104	0.2459151	1.467525	4.849744
15906	-7124.755	-7537.36	412.605	0.2613912	1.407764	5.527701
15912	-7119.23	-7532.369	413.139	0.2775536	1.378586	5.227199
15918	-7110.759	-7522.25	411.4911	0.2587426	1.406274	6.141416
15924	-7128.596	-7540.799	412.2038	0.2474101	1.462888	5.737429
15930	-7121.908	-7536.227	414.3192	0.2766506	1.490026	4.508543
15936	-7140.169	-7552.323	412.1547	0.228852	1.463811	5.791174
15942	-7119.874	-7534.582	414.7078	0.22373	1.57077	4.321961
15948	-7125.086	-7538.897	413.8111	0.2332331	1.536015	4.83014
15954	-7120.864	-7536.322	415.4581	0.2434663	1.590797	3.852402
15960	-7114.631	-7529.604	414.9727	0.2494061	1.601292	4.114993
15966	-7124.341	-7538.951	414.61	0.2661927	1.601292	4.296358
15972	-7131.339	-7545.934	414.5948	0.2661927	1.616516	4.296358
15978	-7127.014	-7542.525	415.5107	0.2828012	1.556996	3.784243
15984	-7120.361	-7535.773	415.412	0.2777003	1.668071	3.784243
15990	-7091.793	-7507.31	415.517	0.2777003	1.563104	3.784243
15996	-7111.67	-7526.439	414.7694	0.2777558	1.66772	4.152055
16002	-7123.2	-7536.882	413.6816	0.2971187	1.575655	4.790268
16008	-7119.018	-7532.892	413.8736	0.2717001	1.444945	4.790268
16014	-7096.417	-7510.735	414.3175	0.2413304	1.589385	4.504452
16020	-7123.375	-7538.685	415.3095	0.278548	1.662418	3.845283
16026	-7109.488	-7524.625	415.1375	0.2670729	1.661773	3.960604
16032	-7128.292	-7542.825	414.533	0.2718711	1.669615	4.293281
16038	-7119.228	-7533.054	413.8257	0.2481814	1.529439	4.803359
16044	-7117.598	-7532.57	414.9719	0.2481814	1.583712	4.127286
16050	-7138.408	-7553.63	415.222	0.2735363	1.650164	3.909612
16056	-7142.294	-7558.335	416.0405	0.2787943	1.646349	3.430446
16062	-7121.171	-7536.262	415.0912	0.2415131	1.642854	4.035683
16068	-7113.605	-7528.749	415.1443	0.2247157	1.635501	4.035683
16074	-7115.609	-7530.738	415.1292	0.2579027	1.561915	4.035683
16080	-7109.333	-7525.149	415.8162	0.254005	1.599747	3.624607
16086	-7101.241	-7516.673	415.4323	0.2320837	1.6296	3.862537
16092	-7126.117	-7541.851	415.7337	0.2911859	1.655842	3.586433
16098	-7104.525	-7518.884	414.3597	0.2698478	1.575763	4.446971
16104	-7114.882	-7529.629	414.7463	0.2108327	1.549863	4.332757
16110	-7127.129	-7541.181	414.0525	0.2078509	1.535323	4.735739
16116	-7121.836	-7536.116	414.2795	0.2325611	1.535323	4.569505
16122	-7131.227	-7544.613	413.3862	0.2543059	1.445546	5.085624
16128	-7111.405	-7525.162	413.7575	0.2593972	1.382427	4.907108
16134	-7121.861	-7534.483	412.6223	0.2762273	1.38943	5.507889
16140	-7128.629	-7541.993	413.3639	0.258258	1.415297	5.109147
16146	-7115.981	-7527.517	411.5362	0.258258	1.333039	6.157409
16152	-7103.605	-7517.13	413.5248	0.247944	1.418105	5.033171
16158	-7112.375	-7527.403	415.0281	0.2414225	1.484598	4.161829
16164	-7109.867	-7524.977	415.1103	0.2408399	1.563157	4.07123
16170	-7112.454	-7527.294	414.8401	0.2270838	1.569424	4.242564
16176	-7096.901	-7512.496	415.5957	0.2270838	1.590011	3.799284
16182	-7104.087	-7519.777	415.69	0.2412488	1.661989	3.681086
16188	-7121.862	-7535.596	413.734	0.2699983	1.522099	4.827519
16194	-7111.303	-7524.579	413.2763	0.2699983	1.449321	5.122376
16200	-7122.412	-7536.128	413.7165	0.2520392	1.407723	4.926411
16206	-7114.864	-7529.097	414.2331	0.2520392	1.478432	4.598329
16212	-7133.829	-7547.473	413.6435	0.2889697	1.456275	4.888822
16218	-7131.12	-7542.928	411.8072	0.2691282	1.433392	5.94002
16224	-7108.281	-7523.01	414.7296	0.2327744	1.526132	4.320763
16230	-7134.478	-7549.371	414.8923	0.2801228	1.5016	4.173312
16236	-7129.591	-7544.347	414.7557	0.241611	1.524198	4.293602
16242	-7129.064	-7544.579	415.5158	0.2644634	1.695332	3.727624
16248	-7129.193	-7544.708	415.5144	0.22032	1.668138	3.81199
16254	-7131.466	-7546.329	414.8635	0.252514	1.54618	4.203779
16260	-7152.15	-7566.502	414.3519	0.2556306	1.529724	4.497545
16266	-7143.317	-7558.685	415.3682	0.2161879	1.508875	3.993871
16272	-7125.036	-7536.855	411.8185	0.2638759	1.316296	6.004934
16278	-7136.42	-7548.973	412.5532	0.3234763	1.432666	5.461506
16284	-7097.805	-7512.479	414.6739	0.2250577	1.516853	4.369461
16290	-7108.778	-7523.296	414.5178	0.2230699	1.521537	4.457995
16296	-7107.324	-7521.155	413.8311	0.2261746	1.48925	4.855924
16302	-7100.724	-7514.727	414.0033	0.24162	1.502226	4.729041
16308	-7093.551	-7507.118	413.5664	0.286839	1.46069	4.932159
16314	-7119.586	-7533.829	414.2422	0.2662901	1.467348	4.57897
16320	-7119.616	-7534.25	414.6339	0.2665816	1.463093	4.360434
16326	-7119.305	-7533.766	414.461	0.2445538	1.482313	4.479116
16332	-7119.676	-7533.871	414.1953	0.2882934	1.482313	4.56665
16338	-7124.065	-7538.933	414.8679	0.2623104	1.425475	4.255468
16344	-7123.146	-7535.961	412.8145	0.2486771	1.449922	5.407281
16350	-7133.656	-7548.086	414.4298	0.2703919	1.516941	4.439807
16356	-7144.883	-7559.218	414.3344	0.2663513	1.571356	4.468615
16362	-7106.072	-7519.32	413.2474	0.2793288	1.471689	5.113261
16368	-7107.965	-7521.558	413.5932	0.2994719	1.484078	4.887557
16374	-7120.859	-7533.916	413.057	0.2653233	1.419235	5.266841
16380	-7128.646	-7543.401	414.7549	0.2459185	1.612581	4.237488
16386	-7120.761	-7536.268	415.5072	0.2634564	1.645886	3.762577
16392	-7118.084	-7532.825	414.7415	0.2630553	1.594068	4.230477
16398	-7108.266	-7523.031	414.7652	0.3027518	1.58041	4.170247
16404	-7115.125	-7529.516	414.3917	0.2726023	1.515694	4.458923
16410	-7125.538	-7540.578	415.0406	0.294834	1.469979	4.086884
16416	-7104.803	-7521.248	416.4448	0.2324282	1.622962	3.276953
16422	-7113.961	-7528.713	414.7519	0.2457003	1.481124	4.313938
16428	-7097.615	-7511.118	413.5024	0.2606317	1.448239	5.010666
16434	-7120.156	-7532.881	412.7247	0.2785556	1.448239	5.416056
16440	-7113.868	-7530.791	416.9237	0.2833047	1.765828	2.8269
16446	-7111.947	-7528.686	416.7392	0.3162772	1.718884	2.920405
16452	-7101.364	-7517.105	415.7407	0.2620215	1.626312	3.641065
16458	-7128.947	-7544.835	415.8875	0.2678905	1.626312	3.547161
16464	-7114.713	-7529.311	414.5972	0.2433204	1.517547	4.38435
16470	-7125.465	-7540.338	414.8724	0.2572816	1.581697	4.171563
16476	-7102.967	-7518.389	415.4226	0.238651	1.543648	3.907209
16482	-7101.165	-7517.682	416.5172	0.2535178	1.691433	3.160343
16488	-7129.902	-7544.086	414.1845	0.2705478	1.530832	4.569783
16494	-7117.116	-7529.003	411.8869	0.2769021	1.389853	5.909774
16500	-7117.256	-7530.045	412.7887	0.2895763	1.346435	5.42219
16506	-7114.369	-7527.007	412.6376	0.3112171	1.398058	5.449257
16512	-7120.452	-7533.644	413.1925	0.2503939	1.42693	5.208842
16518	-7133.257	-7548.611	415.3539	0.2683796	1.667799	3.831137
16524	-7152.083	-7567.312	415.2289	0.2349653	1.588862	3.997916
16530	-7126.86	-7541.105	414.2445	0.2757992	1.587818	4.49672
16536	-7127.044	-7541.92	414.8761	0.2981493	1.554525	4.127993
16542	-7126.405	-7541.775	415.3698	0.2907135	1.657743	3.796438
16548	-7118.044	-7531.997	413.9524	0.2592687	1.473069	4.748062
16554	-7119.624	-7533.752	414.1271	0.2447905	1.504607	4.653698
16560	-7114.558	-7528.174	413.6159	0.2351584	1.567014	4.918702
16566	-7121.985	-7535.713	413.7278	0.2191828	1.505966	4.915088
16572	-7121.847	-7534.469	412.6219	0.2682467	1.594122	5.406356
16578	-7125.698	-7538.187	412.489	0.2366429	1.477114	5.588966
16584	-7134.237	-7545.981	411.7435	0.2568985	1.405705	6.006806
16590	-7145.186	-7557.937	412.751	0.2482842	1.295415	5.527847
16596	-7132.261	-7543.669	411.4087	0.2482842	1.308896	6.253939
16602	-7127.413	-7542.858	415.4455	0.2587276	1.571032	3.848151
16608	-7138.328	-7552.704	414.376	0.2587276	1.489255	4.502245
16614	-7127.887	-7539.172	411.2853	0.2478532	1.326827	6.311833
16620	-7129.196	-7542.207	413.011	0.2503601	1.432417	5.306122
16626	-7132.857	-7546.315	413.458	0.2691349	1.419105	5.039557
16632	-7138.103	-7550.108	412.0051	0.3055565	1.372216	5.817615
16638	-7143.293	-7555.459	412.1667	0.2391563	1.375497	5.817615
16644	-7162.447	-7574.198	411.751	0.2362572	1.387984	6.042023
16650	-7148.27	-7560.709	412.4397	0.2606633	1.34503	5.65394
16656	-7127.041	-7541.145	414.1039	0.2948381	1.48741	4.606331
16662	-7140.737	-7554.848	414.1102	0.2714757	1.53767	4.606331
16668	-7135.809	-7548.612	412.8032	0.2782555	1.506682	5.340941
16674	-7141.71	-7554.276	412.5659	0.2146727	1.510419	5.562014
16680	-7150.111	-7562.203	412.0913	0.2491129	1.342829	5.862232
16686	-7131.838	-7546.192	414.3543	0.2620712	1.487534	4.510635
16692	-7116.872	-7529.566	412.6937	0.2335033	1.342779	5.555007
16698	-7112.354	-7524.688	412.3338	0.2413708	1.398151	5.71044
16704	-7125.6	-7537.34	411.7396	0.2303279	1.522962	5.983447
16710	-7121.444	-7531.986	410.5426	0.2652507	1.322404	6.692306
16716	-7116.603	-7527.798	411.1954	0.2603207	1.339881	6.336041
16722	-7118.378	-7530.097	411.7191	0.2930547	1.295951	6.031365
16728	-7111.402	-7522.519	411.1165	0.2538475	1.325858	6.395497
16734	-7140.199	-7551.665	411.4661	0.2617425	1.417892	6.144537
16740	-7110.956	-7524.601	413.6451	0.2787231	1.515358	4.868795
16746	-7122.12	-7536.465	414.345	0.2618582	1.533493	4.490334
16752	-7093.733	-7508.091	414.3572	0.2317145	1.451788	4.574052
16758	-7103.002	-7518.118	415.1157	0.2329698	1.569734	4.076519
16764	-7111.887	-7526.923	415.0355	0.2706307	1.551926	4.076519
16770	-7131.885	-7546.532	414.6464	0.2661226	1.540541	4.310246
16776	-7102.103	-7516.547	414.4442	0.2263488	1.563509	4.470655
16782	-7122.47	-7537.121	414.6508	0.2161004	1.602188	4.348591
16788	-7111.032	-7526.669	415.6373	0.2581553	1.640504	3.698376
16794	-7140.87	-7555.319	414.4493	0.2959382	1.517908	4.393437
16800	-7123.743	-7538.093	414.3501	0.2803279	1.522463	4.467814
16806	-7139.83	-7553.913	414.0835	0.2615199	1.537332	4.635482
16812	-7131.87	-7546.434	414.5638	0.287753	1.551716	4.320658
16818	-7125.139	-7539.4	414.2608	0.2659248	1.50594	4.547363
16824	-7125.559	-7539.714	414.1552	0.3448445	1.429331	4.547363
16830	-7140.41	-7554.51	414.0999	0.2325861	1.465744	4.709093
16836	-7137.027	-7551.075	414.0479	0.264787	1.412659	4.72059
16842	-7131.806	-7545.475	413.6696	0.2801682	1.440292	4.89505
16848	-7116.31	-7531.136	414.8259	0.2658366	1.452048	4.259164
16854	-7127.537	-7541.852	414.315	0.264407	1.400469	4.578351
16860	-7118.187	-7532.794	414.6073	0.2714367	1.511052	4.341535
16866	-7120.771	-7535.695	414.9236	0.2353041	1.511052	4.215492
16872	-7113.41	-7528.105	414.6949	0.2263434	1.46477	4.385019
16878	-7116.639	-7531.344	414.7053	0.2462689	1.46477	4.34871
16884	-7110.666	-7525.618	414.9516	0.2647817	1.553705	4.13158
16890	-7109.047	-7523.781	414.7338	0.2647817	1.553705	4.255251
16896	-7123.767	-7538.606	414.8385	0.2720352	1.536519	4.195319
16902	-7125.289	-7539.474	414.185	0.2301189	1.520421	4.634626
16908	-7133.222	-7546.893	413.671	0.1832041	1.532252	4.991697
16914	-7110.763	-7525.341	414.5781	0.2291135	1.529611	4.410008
16920	-7134.189	-7549.459	415.2698	0.2233301	1.689283	3.93542
16926	-7122.125	-7536.98	414.8549	0.2315284	1.588395	4.216428
16932	-7114.886	-7529.629	414.7435	0.2425557	1.560892	4.278266
16938	-7114.156	-7528.795	414.639	0.2543254	1.560892	4.319927
16944	-7134.505	-7550.66	416.1553	0.2710294	1.619362	3.390232
16950	-7127.236	-7542.687	415.4508	0.2639757	1.640542	3.797425
16956	-7115.713	-7531.035	415.3218	0.2788179	1.523275	3.917732
16962	-7110.118	-7524.058	413.9393	0.245132	1.443811	4.792225
16968	-7106.42	-7520.638	414.2174	0.245132	1.493822	4.608661
16974	-7116.741	-7530.528	413.787	0.2306882	1.423211	4.910322
16980	-7114.007	-7527.718	413.7109	0.2066498	1.479342	4.959389
16986	-7126.476	-7541.501	415.0252	0.2606756	1.544043	4.101156
16992	-7128.303	-7543.978	415.6747	0.2368311	1.548679	3.762221
16998	-7116.696	-7530.86	414.1645	0.243492	1.528452	4.621331
17004	-7119.199	-7534.477	415.2779	0.2324395	1.633586	3.948241
17010	-7112.872	-7529.423	416.551	0.2377351	1.706231	3.156254
17016	-7102.013	-7518.886	416.8726	0.2568819	1.783447	2.887098
17022	-7112.208	-7529.505	417.2974	0.2684367	1.80636	2.595272
17028	-7122.461	-7539.706	417.2443	0.2594123	1.777509	2.660008
17034	-7112.243	-7528.752	416.5091	0.2645381	1.811236	3.077026
17040	-7135.452	-7551.642	416.1898	0.2993315	1.744743	3.255996
17046	-7116.072	-7532.286	416.2139	0.2601258	1.759146	3.289669
17052	-7128.377	-7544.655	416.2784	0.2266297	1.662566	3.361012
17058	-7111.161	-7526.278	415.1175	0.2688555	1.625794	3.990069
17064	-7125.804	-7540.942	415.1387	0.2688555	1.604621	3.990069
17070	-7124.174	-7537.402	413.2279	0.2354235	1.362044	5.247164
17076	-7116.033	-7529.489	413.4559	0.2347382	1.414456	5.092956
17082	-7128.546	-7542.921	414.3755	0.2312377	1.605712	4.477992
17088	-7115.006	-7531.264	416.2582	0.2312377	1.647373	3.374323
17094	-7131.4	-7547.629	416.2286	0.2174615	1.725294	3.368523
17100	-7115.854	-7532.039	416.185	0.2405749	1.705187	3.368523
17106	-7104.717	-7520.855	416.1381	0.2405749	1.660972	3.421928
17112	-7126.749	-7541.624	414.8756	0.2146129	1.613195	4.217521
17118	-7118.218	-7533.63	415.4116	0.2104603	1.550335	3.954793
17124	-7121.997	-7533.965	411.968	0.2090094	1.457204	5.927581
17130	-7112.989	-7525.993	413.0045	0.2676851	1.330791	5.34139
17136	-7120.264	-7533.616	413.3518	0.2472852	1.386699	5.147471
17142	-7099.839	-7513.049	413.2105	0.221565	1.402617	5.255528
17148	-7116.19	-7529.621	413.4316	0.231423	1.458675	5.086954
17154	-7117.521	-7532.694	415.1732	0.231423	1.547925	4.058576
17160	-7109.922	-7526.156	416.234	0.2466116	1.721117	3.320917
17166	-7118.227	-7534.456	416.2291	0.2466116	1.725939	3.320917
17172	-7113.218	-7529.594	416.3762	0.2604767	1.795116	3.171909
17178	-7108.591	-7525.751	417.1604	0.2285089	1.877816	2.700308
17184	-7106.485	-7522.85	416.3641	0.2285089	1.684825	3.294413
17190	-7113.232	-7528.346	415.1147	0.2450055	1.571202	4.057819
17196	-7129.303	-7544.509	415.2059	0.2622556	1.642504	3.939415
17202	-7125.304	-7541.043	415.7393	0.282971	1.690624	3.5744
17208	-7137.84	-7553.035	415.1952	0.2696706	1.617107	3.949437
17214	-7144.273	-7559.085	414.8126	0.20657	1.614032	4.265953
17220	-7140.324	-7555.505	415.1813	0.2505095	1.572514	4.010842
17226	-7120.684	-7534.883	414.1995	0.2648512	1.496208	4.588792
17232	-7121.163	-7534.115	412.9526	0.2859609	1.388857	5.313241
17238	-7145.262	-7558.125	412.8634	0.3231121	1.39229	5.313241
17244	-7123.62	-7538.72	415.1006	0.2792351	1.486177	4.064778
17250	-7122.353	-7536.89	414.5364	0.2641523	1.634684	4.322042
17256	-7129.769	-7543.771	414.0026	0.2679702	1.462239	4.713741
17262	-7132.586	-7546.585	413.9992	0.2720466	1.482946	4.698346
17268	-7124.053	-7537.789	413.7353	0.2852349	1.505178	4.81538
17274	-7133.771	-7548.086	414.3151	0.2858684	1.466028	4.511752
17280	-7123.131	-7536.562	413.4318	0.2614399	1.461883	5.04114
17286	-7122.421	-7535.43	413.0088	0.264128	1.521815	5.23843
17292	-7137.384	-7548.498	411.1131	0.3019535	1.438032	6.272494
17298	-7111.364	-7525.165	413.8008	0.2526978	1.54302	4.803097
17304	-7116.123	-7529.788	413.6648	0.3010425	1.538285	4.815395
17310	-7140.796	-7554.749	413.9525	0.2349361	1.496468	4.770704
17316	-7122.712	-7535.693	412.9811	0.2899438	1.439173	5.264438
17322	-7111.991	-7524.511	412.5196	0.2823937	1.344843	5.58056
17328	-7107.902	-7520.453	412.5511	0.2706432	1.462616	5.514398
17334	-7115.917	-7527.926	412.0087	0.2783999	1.378641	5.847357
17340	-7134.213	-7544.277	410.0642	0.3142048	1.295289	6.902132
17346	-7120.927	-7531.875	410.9488	0.2761047	1.353165	6.441194
17352	-7146.462	-7558.476	412.0134	0.2186183	1.576152	5.822717
17358	-7124.647	-7537.749	413.1014	0.2186183	1.486821	5.273881
17364	-7107.771	-7519.877	412.1061	0.2945224	1.37351	5.775674
17370	-7116.334	-7529.013	412.6791	0.2538927	1.596062	5.393877
17376	-7136.218	-7550.106	413.8881	0.2538927	1.525255	4.762567
17382	-7128.078	-7541.953	413.8751	0.2685401	1.541203	4.740073
17388	-7127.161	-7541.078	413.9178	0.3044719	1.550808	4.662552
17394	-7116.195	-7530.467	414.2715	0.2859763	1.597333	4.46224
17400	-7111.754	-7525.838	414.0835	0.243013	1.564747	4.647079
17406	-7104.433	-7517.322	412.8886	0.2290676	1.511649	5.36149
17412	-7130.961	-7544.623	413.6617	0.2303924	1.512931	4.930582
17418	-7109.793	-7522.481	412.6889	0.2303924	1.462074	5.496777
17424	-7123.779	-7536.721	412.9415	0.213943	1.441246	5.394571
17430	-7113.837	-7527.501	413.6641	0.2248237	1.586269	4.89697
17436	-7110.854	-7523.622	412.7684	0.2311893	1.523957	5.41775
17442	-7129.693	-7543.219	413.5263	0.2740581	1.519375	4.939113
17448	-7130.249	-7543.873	413.6244	0.265018	1.507508	4.903681
17454	-7133.605	-7548.113	414.5085	0.2455597	1.616867	4.374995
17460	-7124.093	-7538.65	414.557	0.2455597	1.57109	4.373487
17466	-7135.99	-7550.131	414.1409	0.2443093	1.562089	4.614497
17472	-7137.044	-7551.421	414.377	0.265281	1.507882	4.481888
17478	-7127.439	-7541.581	414.1419	0.2372608	1.544485	4.634356
17484	-7114.313	-7529.191	414.8786	0.2346071	1.544503	4.223166
17490	-7125.476	-7540.621	415.1448	0.2381804	1.516768	4.082096
17496	-7124.16	-7539.329	415.1689	0.2255387	1.516768	4.088067
17502	-7118.572	-7533.556	414.9839	0.2214103	1.602186	4.151333
17508	-7117.631	-7533.458	415.8273	0.230038	1.60989	3.64932
17514	-7110.081	-7525.814	415.7329	0.2359728	1.60989	3.694605
17520	-7113.273	-7528.888	415.6149	0.2377434	1.60989	3.75996
17526	-7109.685	-7525.423	415.7379	0.2377434	1.608033	3.690013
17532	-7111.062	-7527.433	416.3709	0.2506849	1.759332	3.211234
17538	-7113.396	-7530.155	416.7598	0.2230579	1.725296	3.044475
17544	-7120.388	-7535.4	415.0115	0.2436358	1.587937	4.109193
17550	-7115.583	-7530.59	415.0073	0.2471584	1.560343	4.121943
17556	-7114.593	-7529.584	414.9907	0.2471584	1.576988	4.121943
17562	-7122.354	-7537.802	415.448	0.2574566	1.608485	3.827062
17568	-7112.99	-7527.704	414.7135	0.2752383	1.585965	4.233685
17574	-7114.895	-7529.952	415.0566	0.2631075	1.563467	4.06865
17580	-7107.873	-7520.431	412.5579	0.2367834	1.444638	5.568798
17586	-7117.236	-7529.806	412.5698	0.2885613	1.460595	5.481211
17592	-7134.417	-7549	414.5822	0.3133389	1.47943	4.317426
17598	-7129.401	-7543.133	413.7324	0.2645728	1.423827	4.890737
17604	-7113.831	-7527.664	413.8331	0.3224275	1.518321	4.705361
17610	-7127.506	-7542.08	414.5744	0.2513586	1.598341	4.339673
17616	-7114.344	-7529.057	414.7135	0.2278784	1.522224	4.339673
17622	-7124.319	-7537.618	413.2996	0.2063518	1.466776	5.194934
17628	-7124.504	-7537.456	412.9519	0.2213735	1.465534	5.363829
17634	-7123.69	-7536.432	412.7414	0.2252749	1.476979	5.467455
17640	-7101.771	-7514.969	413.1981	0.2325436	1.39299	5.250873
17646	-7100.711	-7514.39	413.6793	0.2259339	1.489855	4.940458
17652	-7117.001	-7530.488	413.4865	0.2083425	1.490419	5.07506
17658	-7105.06	-7518.864	413.8035	0.2420158	1.41639	4.887892
17664	-7129.077	-7541.092	412.0153	0.2604941	1.337761	5.89049
17670	-7124.277	-7537.308	413.031	0.2787371	1.417768	5.263611
17676	-7116.024	-7527.935	411.9103	0.2787371	1.403827	5.886893
17682	-7121.346	-7534.443	413.0964	0.3082139	1.449439	5.171438
17688	-7127.82	-7543.083	415.2632	0.2694571	1.571371	3.936981
17694	-7128.495	-7543.426	414.9313	0.2418713	1.663723	4.114364
17700	-7130.974	-7545.915	414.9406	0.2337328	1.563737	4.178403
17706	-7121.974	-7536.795	414.8202	0.2726203	1.52025	4.214134
17712	-7113.726	-7528.136	414.4105	0.2533082	1.470326	4.501351
17718	-7121.132	-7535.753	414.6212	0.2213515	1.456813	4.438951
17724	-7102.952	-7517.145	414.193	0.2494296	1.504542	4.610006
17730	-7100.292	-7512.964	412.6715	0.2391931	1.411328	5.521074
17736	-7097.302	-7510.314	413.0121	0.2225326	1.391068	5.369869
17742	-7135.615	-7549.651	414.0367	0.2218749	1.444471	4.772874
17748	-7127.49	-7539.998	412.5079	0.2311144	1.387876	5.635858
17754	-7127.33	-7539.931	412.6012	0.2144709	1.393432	5.607213
17760	-7114.326	-7527.263	412.9376	0.253147	1.425885	5.346255
17766	-7113.1	-7525.802	412.7024	0.2326266	1.409911	5.514653
17772	-7116.083	-7528.728	412.6453	0.2172954	1.359412	5.597239
17778	-7130.164	-7543.319	413.155	0.2306895	1.462355	5.239169
17784	-7119.093	-7532.953	413.8602	0.2306895	1.551248	4.798136
17790	-7131.922	-7544.993	413.071	0.2236914	1.350809	5.35781
17796	-7106.234	-7519.373	413.1392	0.2600934	1.429091	5.223296
17802	-7118.254	-7531.545	413.2909	0.228964	1.465826	5.164706
17808	-7111.255	-7525.333	414.0779	0.2616458	1.521858	4.647129
17814	-7116.378	-7529.344	412.9661	0.2616458	1.49038	5.282894
17820	-7110.113	-7524.28	414.1662	0.298251	1.505053	4.556975
17826	-7092.73	-7507.494	414.764	0.2505408	1.517665	4.279267
17832	-7106.004	-7519.514	413.5105	0.2799318	1.418396	4.996031
17838	-7109.509	-7522.698	413.1887	0.2633057	1.461007	5.17375
17844	-7113.786	-7527.049	413.2627	0.2699836	1.385784	5.165147
17850	-7114.926	-7526.655	411.7295	0.2465924	1.429596	6.016026
17856	-7120.74	-7532.126	411.3861	0.2281933	1.304585	6.297962
17862	-7104.577	-7517.519	412.9419	0.2360986	1.460645	5.349633
17868	-7102.886	-7517.128	414.2417	0.2522995	1.543952	4.556334
17874	-7152.943	-7569.71	416.7672	0.2299488	1.689904	3.049742
17880	-7133.668	-7547.569	413.9009	0.3183745	1.391969	4.743153
17886	-7096.776	-7510.826	414.0501	0.273797	1.43861	4.692276
17892	-7119.027	-7531.819	412.792	0.273797	1.417046	5.402606
17898	-7105.558	-7519.65	414.092	0.3252256	1.455331	4.592113
17904	-7131.151	-7544.77	413.6194	0.3035559	1.433537	4.895865
17910	-7124.224	-7536.754	412.5295	0.2564354	1.459396	5.54781
17916	-7133.079	-7546.21	413.1317	0.2690963	1.388826	5.237132
17922	-7120.721	-7534.65	413.929	0.2690963	1.393398	4.791775
17928	-7100.108	-7513.645	413.5365	0.2581909	1.44771	4.995429
17934	-7130.14	-7543.721	413.5811	0.232991	1.361643	5.055492
17940	-7111.175	-7524.472	413.2971	0.2241981	1.387171	5.212073
17946	-7111.452	-7526.278	414.8262	0.2447464	1.475127	4.276713
17952	-7114.278	-7528.111	413.8327	0.2185739	1.537626	4.839934
17958	-7107.27	-7521.756	414.486	0.2226838	1.537626	4.467477
17964	-7114.68	-7529.249	414.5689	0.2237973	1.627547	4.368263
17970	-7113.422	-7528.388	414.966	0.2556809	1.655682	4.078574
17976	-7141.495	-7556.642	415.1475	0.2446355	1.670598	3.982888
17982	-7142.102	-7556.626	414.5238	0.3056269	1.541698	4.325194
17988	-7119.302	-7533.405	414.1029	0.2822734	1.48825	4.623276
17994	-7117.082	-7530.671	413.5894	0.279795	1.475576	4.920535
18000	-7125.319	-7538.082	412.7632	0.279795	1.416359	5.410735
18006	-7124.817	-7536.77	411.9527	0.2511889	1.404869	5.901111
18012	-7110.73	-7524.801	414.0709	0.3032386	1.505215	4.603882
18018	-7131.929	-7546.698	414.7684	0.2556725	1.504264	4.276779
18024	-7106.874	-7519.097	412.2238	0.2557608	1.493353	5.69789
18030	-7113.282	-7526.442	413.16	0.2348435	1.360833	5.286201
18036	-7118.098	-7528.838	410.7401	0.2252109	1.384964	6.609031
18042	-7133.953	-7546.963	413.0094	0.2356501	1.421749	5.334524
18048	-7140.995	-7554.357	413.3619	0.2808317	1.465826	5.051006
18054	-7123.117	-7535.4	412.2835	0.2486996	1.39015	5.73177
18060	-7120.769	-7534.785	414.0165	0.2359232	1.535969	4.711373
18066	-7119.704	-7533.708	414.0039	0.2328488	1.449174	4.771596
18072	-7106.67	-7519.992	413.3219	0.2486995	1.427427	5.139378
18078	-7130.4	-7543.009	412.6087	0.2676666	1.364115	5.540972
18084	-7117.649	-7530.758	413.1085	0.288022	1.353012	5.244202
18090	-7113.938	-7527.051	413.1126	0.283752	1.333578	5.258352
18096	-7128.028	-7540.683	412.6551	0.2767256	1.37523	5.496979
18102	-7118.837	-7530.797	411.9602	0.3167909	1.358165	5.835839
18108	-7103.495	-7518.503	415.0085	0.3082004	1.475967	4.084099
18114	-7111.294	-7526.399	415.1054	0.252685	1.514248	4.084099
18120	-7120.37	-7535.085	414.7149	0.2791122	1.538278	4.254552
18126	-7111.112	-7524.797	413.6853	0.2791122	1.544106	4.829827
18132	-7125.808	-7539.716	413.9073	0.2426582	1.520844	4.770773
18138	-7124.624	-7538.757	414.133	0.2433832	1.568992	4.616431
18144	-7136.612	-7549.632	413.0207	0.2811741	1.516447	5.211501
18150	-7138.084	-7551.767	413.6825	0.2537406	1.529674	4.875004
18156	-7088.479	-7502.318	413.839	0.2368212	1.548001	4.802471
18162	-7109.965	-7524.141	414.176	0.2203448	1.521104	4.65452
18168	-7108.881	-7522.889	414.0076	0.2730094	1.550532	4.65452
18174	-7118.843	-7532.519	413.6762	0.2229145	1.48688	4.948528
18180	-7114.039	-7528.153	414.1142	0.268519	1.564697	4.593048
18186	-7127.753	-7540.836	413.0833	0.2423616	1.471219	5.256434
18192	-7114.583	-7529.267	414.6837	0.2608108	1.560902	4.285239
18198	-7113.434	-7528.477	415.0432	0.2274755	1.569207	4.126735
18204	-7100.063	-7516.479	416.4159	0.248768	1.732639	3.203355
18210	-7099.019	-7514.992	415.9729	0.2286542	1.757941	3.480772
18216	-7117.958	-7531.865	413.9072	0.2347344	1.634274	4.719317
18222	-7139.241	-7554.352	415.1108	0.2905291	1.591531	3.983297
18228	-7120.843	-7534.879	414.0358	0.2493478	1.533252	4.682074
18234	-7129.625	-7541.34	411.7149	0.2493478	1.352009	6.062348
18240	-7130.922	-7543.487	412.5657	0.2836794	1.354384	5.548293
18246	-7122.122	-7535.714	413.5919	0.2311363	1.427486	5.015728
18252	-7132.16	-7545.332	413.1721	0.259365	1.55576	5.135974
18258	-7131.371	-7546.151	414.7802	0.2427407	1.598827	4.235748
18264	-7128.8	-7541.693	412.8923	0.2627483	1.558565	5.284465
18270	-7117.703	-7532.363	414.6607	0.2558485	1.632925	4.264661
18276	-7107.563	-7522.761	415.1973	0.2558485	1.605662	3.974787
18282	-7113.145	-7528.551	415.4058	0.2901611	1.586607	3.817427
18288	-7109.87	-7524.762	414.8912	0.2410621	1.582142	4.184745
18294	-7100.501	-7515.519	415.0174	0.2679664	1.61744	4.053256
18300	-7106.118	-7520.608	414.4901	0.268323	1.564335	4.382006
18306	-7104.885	-7519.396	414.5104	0.2426926	1.610134	4.382006
18312	-7132.358	-7547.762	415.4039	0.2598938	1.613563	3.845864
18318	-7107.536	-7523.028	415.4914	0.2411973	1.574877	3.845864
18324	-7124.845	-7537.632	412.7864	0.3011806	1.409359	5.37378
18330	-7127.891	-7539.765	411.8742	0.2925362	1.373977	5.904832
18336	-7136.932	-7549.609	412.6766	0.2775813	1.375	5.484163
18342	-7127.298	-7541.61	414.3122	0.2280253	1.531002	4.560551
18348	-7118.591	-7532.729	414.1379	0.2327548	1.498299	4.66934
18354	-7108.102	-7521.914	413.8117	0.2766035	1.530483	4.770313
18360	-7136.419	-7550.546	414.1271	0.2638064	1.581618	4.582978
18366	-7118.395	-7532.659	414.264	0.2517571	1.533651	4.550373
18372	-7125.328	-7539.564	414.2356	0.2771157	1.498048	4.550373
18378	-7127.25	-7541.745	414.4955	0.258834	1.517586	4.418872
18384	-7127.164	-7541.724	414.5598	0.2584324	1.454275	4.418872
18390	-7130.942	-7545.404	414.462	0.2808566	1.515568	4.407951
18396	-7127.616	-7542.439	414.8226	0.2443786	1.625116	4.194284
18402	-7123.113	-7537.937	414.8238	0.2443786	1.602357	4.206532
18408	-7115.36	-7529.29	413.9303	0.2644952	1.475546	4.751615
18414	-7112.985	-7525.716	412.7311	0.2613494	1.437756	5.441895
18420	-7130.352	-7543.953	413.6004	0.2785698	1.491983	4.906923
18426	-7122.297	-7537.696	415.3994	0.2546415	1.520463	3.909674
18432	-7114.233	-7529.039	414.806	0.2648718	1.556117	4.21279
18438	-7102.236	-7517.172	414.9352	0.2447735	1.561979	4.165581
18444	-7118.046	-7529.779	411.7329	0.2751151	1.323005	6.032685
18450	-7103.767	-7518.041	414.274	0.2912165	1.414353	4.55672
18456	-7110.839	-7521.687	410.8481	0.2593184	1.309097	6.542392
18462	-7134.256	-7549.234	414.9777	0.2645818	1.483023	4.157223
18468	-7116.258	-7530.114	413.8564	0.2953188	1.498748	4.737953
18474	-7111.363	-7525.334	413.9706	0.2576784	1.469105	4.742368
18480	-7118.626	-7531.825	413.1995	0.2603035	1.420934	5.194157
18486	-7115.727	-7528.827	413.0992	0.2668272	1.384104	5.260849
18492	-7129.435	-7542.106	412.671	0.233557	1.316065	5.582097
18498	-7123.383	-7536.326	412.9438	0.310434	1.377045	5.292979
18504	-7139.922	-7554.521	414.5986	0.310434	1.460509	4.322581
18510	-7130.551	-7544.737	414.1853	0.3117085	1.500134	4.53161
18516	-7129.729	-7544.077	414.3475	0.2905102	1.387208	4.53161
18522	-7104.274	-7518.6	414.326	0.2312317	1.5204	4.553774
18528	-7126.025	-7540.666	414.6415	0.2370474	1.557499	4.346255
18534	-7109.126	-7523.738	414.6124	0.2476189	1.424136	4.422025
18540	-7116.06	-7529.691	413.6314	0.2903037	1.451137	4.896696
18546	-7108.473	-7522.156	413.6828	0.2665851	1.457709	4.896696
18552	-7130.144	-7544.554	414.41	0.2482386	1.457709	4.516195
18558	-7131.948	-7546.591	414.6438	0.2505244	1.469632	4.374382
18564	-7120.738	-7538.129	417.3914	0.2509774	1.791635	2.573759
18570	-7134.17	-7549.731	415.5612	0.2355715	1.590243	3.80559
18576	-7132.338	-7547.888	415.5499	0.216097	1.671875	3.79629
18582	-7114.972	-7530.798	415.8268	0.2174609	1.647932	3.64793
18588	-7110.43	-7526.471	416.0412	0.2101808	1.668974	3.523299
18594	-7115.396	-7529.623	414.2262	0.2414299	1.622373	4.537067
18600	-7126.427	-7541.149	414.7218	0.2180983	1.584947	4.315012
18606	-7112.407	-7527.422	415.0152	0.2180007	1.585932	4.148255
18612	-7126.604	-7541.219	414.6153	0.2106297	1.551941	4.405921
18618	-7122.707	-7537.224	414.517	0.2198744	1.683643	4.372123
18624	-7119.151	-7533.15	413.999	0.2403784	1.514349	4.726536
18630	-7115.74	-7531.274	415.5333	0.2597491	1.535829	3.816391
18636	-7131.853	-7547.322	415.469	0.2169516	1.575441	3.896795
18642	-7117.792	-7533.199	415.4078	0.2585508	1.69987	3.795991
18648	-7119.81	-7536.463	416.6527	0.2347376	1.723218	3.090418
18654	-7122.892	-7539.578	416.6853	0.2250086	1.725884	3.085366
18660	-7156.33	-7572.053	415.7223	0.3019959	1.674652	3.567353
18666	-7143.758	-7559.569	415.8108	0.2751843	1.597952	3.597728
18672	-7127.001	-7542.064	415.0631	0.2102319	1.592733	4.129843
18678	-7113.443	-7527.869	414.4263	0.2737829	1.559079	4.413283
18684	-7122.222	-7538.395	416.1725	0.2222756	1.580282	3.478324
18690	-7144.162	-7558.134	413.972	0.2616109	1.41281	4.767448
18696	-7106.143	-7519.907	413.7641	0.2481602	1.445828	4.884373
18702	-7113.642	-7529.518	415.876	0.232803	1.610218	3.616513
18708	-7115.572	-7531.893	416.3214	0.2465579	1.672042	3.298404
18714	-7121.563	-7537.513	415.9502	0.2013059	1.665558	3.593391
18720	-7115.877	-7531.485	415.6079	0.2501825	1.662654	3.714505
18726	-7114.265	-7530.567	416.3026	0.2685302	1.73996	3.236093
18732	-7101.829	-7518.21	416.3811	0.2685302	1.651156	3.242241
18738	-7124.428	-7540.757	416.3293	0.2172049	1.686993	3.332265
18744	-7105.385	-7521.62	416.2343	0.252145	1.686993	3.332265
18750	-7107.372	-7523.404	416.0318	0.2621145	1.684624	3.437473
18756	-7112.344	-7528.361	416.0169	0.2866788	1.649799	3.431076
18762	-7111.595	-7527.807	416.2127	0.2629194	1.649799	3.350563
18768	-7113.292	-7528.756	415.4642	0.2300435	1.612757	3.857125
18774	-7108.624	-7521.702	413.0779	0.2583916	1.542843	5.196674
18780	-7105.864	-7521.168	415.3041	0.2453324	1.606616	3.928859
18786	-7102.359	-7517.842	415.4824	0.2286276	1.604451	3.853655
18792	-7102.422	-7517.032	414.6107	0.2712289	1.610908	4.283423
18798	-7128.468	-7543.046	414.5782	0.2316541	1.641303	4.342966
18804	-7134.52	-7550.238	415.7182	0.2415715	1.701191	3.641559
18810	-7104.095	-7518.897	414.8023	0.2538558	1.58669	4.213509
18816	-7108.63	-7523.433	414.8032	0.2665021	1.553587	4.213509
18822	-7119.446	-7535.571	416.125	0.2830471	1.604655	3.399327
18828	-7117.213	-7533.441	416.2284	0.2780313	1.604655	3.345772
18834	-7126.984	-7542.571	415.5877	0.2780313	1.58025	3.733136
18840	-7133.694	-7545.56	411.8667	0.3162769	1.410883	5.858771
18846	-7128.414	-7542.593	414.1793	0.3082656	1.463717	4.559811
18852	-7120.198	-7534.871	414.6738	0.264448	1.478825	4.33203
18858	-7116.963	-7531.528	414.5647	0.2760134	1.559139	4.33203
18864	-7118.581	-7533.31	414.7294	0.2729678	1.616687	4.210455
18870	-7134.986	-7548.441	413.4556	0.2832271	1.455253	5.001608
18876	-7123.591	-7538.342	414.7513	0.2832271	1.588455	4.199817
18882	-7112.291	-7527.354	415.0626	0.2444833	1.656363	4.039739
18888	-7119.798	-7535.703	415.9044	0.2684982	1.793569	3.438805
18894	-7142.013	-7558.799	416.7863	0.2731065	1.844758	2.877457
18900	-7123.187	-7540.136	416.9499	0.2278861	1.844758	2.849951
18906	-7130.18	-7546.094	415.914	0.2602409	1.710529	3.493919
18912	-7122.65	-7539.311	416.6605	0.2686146	1.800572	2.986639
18918	-7105.495	-7522.745	417.2499	0.2219992	1.800572	2.703969
18924	-7115.572	-7533.259	417.687	0.2312708	1.996597	2.291838
18930	-7114.356	-7532.056	417.7002	0.2312708	1.98336	2.291838
18936	-7122.839	-7540.69	417.8514	0.2160337	1.996138	2.213848
18942	-7115.555	-7533.386	417.8308	0.2096271	1.920453	2.287649
18948	-7110.818	-7528.525	417.7074	0.2546759	1.920453	2.287649
18954	-7111.962	-7528.667	416.7052	0.2491947	1.838768	2.966711
18960	-7115.299	-7532.326	417.0264	0.2297386	1.8731	2.783109
18966	-7117.421	-7534.896	417.4747	0.2278057	1.823912	2.540652
18972	-7123.133	-7540.326	417.1935	0.2222078	1.862054	2.700455
18978	-7120.444	-7537.879	417.4341	0.2029261	1.884752	2.572319
18984	-7109.711	-7527.147	417.4358	0.2339438	1.880431	2.519145
18990	-7109.086	-7526.618	417.5321	0.2450421	1.913958	2.419097
18996	-7121.97	-7539.034	417.0647	0.2338796	1.843134	2.771114
19002	-7114.301	-7531.259	416.9577	0.2353929	1.795312	2.862687
19008	-7102.953	-7520.378	417.4253	0.2474955	1.862649	2.514161
19014	-7123.868	-7539.299	415.4304	0.2308152	1.542482	3.915608
19020	-7122.086	-7537.14	415.0547	0.2425638	1.600311	4.079146
19026	-7140.89	-7556.74	415.8497	0.2354116	1.697157	3.577153
19032	-7137.338	-7552.87	415.532	0.2630509	1.767658	3.67856
19038	-7112.493	-7529.121	416.6279	0.2249201	1.675028	3.149956
19044	-7110.363	-7526.028	415.6646	0.2471685	1.730171	3.647204
19050	-7108.365	-7524.731	416.3658	0.2268258	1.762912	3.250067
19056	-7113.109	-7529.431	416.3213	0.2268258	1.778299	3.26726
19062	-7133.764	-7549.786	416.0222	0.226354	1.663529	3.510796
19068	-7125.512	-7541.496	415.9841	0.2403231	1.663529	3.510796
19074	-7120.551	-7536.536	415.9841	0.2403231	1.663529	3.510796
19080	-7124.376	-7540.167	415.791	0.2702426	1.600834	3.614654
19086	-7113.292	-7528.327	415.0345	0.2674347	1.609491	4.048799
19092	-7127.277	-7540.87	413.5926	0.229084	1.389178	5.039725
19098	-7127.805	-7541.571	413.766	0.2310112	1.384712	4.94295
19104	-7115.751	-7531.578	415.8264	0.2595541	1.654467	3.578631
19110	-7101.737	-7517.636	415.8995	0.2215945	1.682994	3.578631
19116	-7108.993	-7524.715	415.7213	0.2507294	1.682994	3.636281
19122	-7120.486	-7535.584	415.0981	0.2812596	1.592124	4.00292
19128	-7121.25	-7536.789	415.5388	0.2603716	1.575734	3.789326
19134	-7122.461	-7536.768	414.307	0.2640195	1.54381	4.502825
19140	-7119.289	-7533.673	414.3837	0.26933	1.501004	4.476236
19146	-7132.392	-7546.692	414.3008	0.2533207	1.495344	4.548938
19152	-7130.511	-7545.176	414.665	0.2467786	1.556599	4.318837
19158	-7135.358	-7549.939	414.5803	0.2485417	1.54457	4.370852
19164	-7125.841	-7540.806	414.9646	0.2400123	1.573087	4.149801
19170	-7113.952	-7529.713	415.7612	0.2389182	1.636229	3.658382
19176	-7134.967	-7550.253	415.2861	0.264185	1.652301	3.885017
19182	-7124.707	-7540.508	415.8012	0.2473448	1.612381	3.636051
19188	-7133.047	-7547.981	414.9342	0.2302736	1.612381	4.159788
19194	-7114.053	-7529.184	415.1318	0.2355397	1.593691	4.049719
19200	-7107.098	-7523.217	416.1189	0.2487289	1.592655	3.460459
19206	-7113.459	-7528.571	415.1119	0.2539182	1.619795	4.018405
19212	-7122.135	-7537.978	415.8435	0.2313911	1.637861	3.62157
19218	-7113.892	-7529.713	415.8208	0.2488709	1.581575	3.640192
19224	-7108.642	-7523.952	415.3099	0.2818639	1.596417	3.878338
19230	-7133.711	-7549.512	415.8017	0.2689872	1.569955	3.628173
19236	-7126.819	-7542.309	415.49	0.2800806	1.609422	3.769753
19242	-7113.894	-7528.27	414.3763	0.2800806	1.501851	4.46504
19248	-7113.333	-7527.221	413.8876	0.2800806	1.371184	4.812158
19254	-7107.229	-7521.445	414.2159	0.2631073	1.528201	4.564094
19260	-7125.691	-7539.276	413.585	0.2406169	1.41775	5.010718
19266	-7136.22	-7550.254	414.0332	0.2531717	1.564639	4.660422
19272	-7141.371	-7554.081	412.7101	0.2584365	1.513708	5.415714
19278	-7129.734	-7544.026	414.2919	0.2244249	1.576991	4.551721
19284	-7142.44	-7556.913	414.4734	0.2877787	1.416368	4.448049
19290	-7122.113	-7534.991	412.8775	0.2814685	1.414519	5.346494
19296	-7115.04	-7529.522	414.482	0.2304395	1.545127	4.453348
19302	-7135.303	-7551.345	416.0414	0.2306291	1.591487	3.534727
19308	-7124.666	-7539.297	414.6311	0.2607319	1.534254	4.33019
19314	-7129.83	-7543.717	413.8868	0.2871859	1.610946	4.668966
19320	-7123.037	-7538.108	415.0714	0.2676962	1.570484	4.049627
19326	-7118.367	-7533.399	415.0324	0.2689601	1.560802	4.075607
19332	-7127.929	-7542.426	414.4971	0.2867357	1.587813	4.339303
19338	-7129.017	-7543.659	414.6424	0.2442832	1.549591	4.339303
19344	-7112.668	-7526.033	413.3658	0.2586654	1.408761	5.111137
19350	-7111.455	-7524.822	413.3663	0.2756783	1.365599	5.111137
19356	-7120.828	-7534.007	413.1787	0.2810748	1.373226	5.203433
19362	-7142.236	-7557.347	415.1118	0.2609052	1.56214	4.041137
19368	-7126.845	-7541.814	414.9695	0.2299545	1.544552	4.178748
19374	-7109.51	-7522.569	413.059	0.2348233	1.485715	5.273067
19380	-7110.889	-7525.037	414.1484	0.2523531	1.459834	4.655767
19386	-7127.057	-7538.532	411.4745	0.254705	1.263705	6.233656
19392	-7113.525	-7525.426	411.9003	0.2780538	1.377073	5.907912
19398	-7116.268	-7528.373	412.105	0.2495829	1.435376	5.803493
19404	-7104.704	-7515.94	411.2368	0.2388539	1.441619	6.288859
19410	-7101.548	-7515.184	413.6361	0.2388539	1.506398	4.935632
19416	-7101.362	-7515.729	414.3672	0.2308948	1.595249	4.489075
19422	-7096.496	-7510.059	413.5626	0.2308948	1.595249	4.93915
19428	-7105.918	-7519.541	413.6228	0.2380834	1.555098	4.917111
19434	-7111.908	-7523.067	411.1588	0.2305434	1.464102	6.331231
19440	-7116.917	-7528.233	411.3165	0.23344	1.570979	6.183163
19446	-7149.383	-7562.273	412.8897	0.258811	1.485311	5.331869
19452	-7138.841	-7550.11	411.2687	0.2373706	1.601374	6.186842
19458	-7134.522	-7545.928	411.4057	0.2639204	1.395017	6.186842
19464	-7127.327	-7540.844	413.5165	0.236026	1.636022	4.934344
19470	-7146.279	-7559.731	413.4514	0.2629764	1.334728	5.098627
19476	-7130.255	-7542.156	411.9008	0.2464007	1.334728	5.974612
19482	-7130.151	-7542.443	412.2921	0.232456	1.44227	5.722354
19488	-7143.658	-7557.511	413.8532	0.21791	1.613187	4.787421
19494	-7136.694	-7549.466	412.7721	0.2029068	1.492981	5.477118
19500	-7121.266	-7536.523	415.2579	0.2950974	1.62013	3.876442
19506	-7121.299	-7536.744	415.4449	0.2780215	1.535941	3.840908
19512	-7114.338	-7529.71	415.3721	0.2695609	1.623308	3.844574
19518	-7112.499	-7527.572	415.0723	0.2481698	1.695632	4.006279
19524	-7120.538	-7535.674	415.1359	0.2481698	1.631954	4.006279
19530	-7116.585	-7532.04	415.4548	0.2481698	1.605704	3.838608
19536	-7112.243	-7527.663	415.4204	0.2481698	1.614722	3.853165
19542	-7118.835	-7534.363	415.5287	0.2382806	1.616782	3.804825
19548	-7103.089	-7518.869	415.7804	0.2544831	1.65286	3.613834
19554	-7127.606	-7541.723	414.1173	0.2621073	1.429938	4.67588
19560	-7108.877	-7523.182	414.3054	0.2553871	1.545852	4.514951
19566	-7121.705	-7536.823	415.1188	0.2289204	1.658906	4.030262
19572	-7111.355	-7527.723	416.3681	0.2586288	1.721123	3.223305
19578	-7125.025	-7541.293	416.268	0.245509	1.793786	3.259717
19584	-7116.707	-7533.099	416.3916	0.2339076	1.771859	3.218027
19590	-7121.919	-7536.587	414.6682	0.2935147	1.587869	4.233291
19596	-7118.795	-7533.616	414.8209	0.252954	1.612095	4.18991
19602	-7137.024	-7551.576	414.5525	0.2790234	1.546355	4.341967
19608	-7133.514	-7548.058	414.5442	0.2721587	1.571588	4.341967
19614	-7132.147	-7546.406	414.2585	0.2833367	1.498017	4.529027
19620	-7121.683	-7536.222	414.539	0.2543304	1.627263	4.338976
19626	-7112.228	-7526.419	414.1915	0.3025093	1.508148	4.535463
19632	-7112.141	-7527.995	415.8545	0.256194	1.631588	3.580592
19638	-7118.267	-7534.052	415.7849	0.2555173	1.702899	3.580592
19644	-7117.56	-7533.725	416.1645	0.2898691	1.721201	3.298001
19650	-7101.81	-7518.189	416.3791	0.2572009	1.73926	3.208221
19656	-7135.096	-7551.536	416.4402	0.2627665	1.706148	3.183242
19662	-7112.862	-7529.448	416.5863	0.2919606	1.740536	3.033082
19668	-7119.382	-7535.784	416.4022	0.2755135	1.729985	3.172765
19674	-7114.536	-7529.876	415.34	0.2384501	1.580466	3.93377
19680	-7096.255	-7512.533	416.2787	0.2235865	1.768826	3.303271
19686	-7093.82	-7509.903	416.0826	0.2531017	1.746641	3.384879
19692	-7094.574	-7510.928	416.3538	0.2378364	1.70963	3.270813
19698	-7090.94	-7507.265	416.3255	0.2520244	1.700377	3.270813
19704	-7105.522	-7521.924	416.4016	0.2311085	1.680153	3.270813
19710	-7103.594	-7518.843	415.2486	0.2840661	1.547004	3.938759
19716	-7123.675	-7538.964	415.289	0.2390208	1.574523	3.965487
19722	-7122.989	-7537.604	414.615	0.2800209	1.587142	4.282202
19728	-7094.921	-7509.704	414.7827	0.2409682	1.519007	4.282202
19734	-7105.583	-7520.227	414.6431	0.2522276	1.561534	4.320339
19740	-7101.887	-7516.784	414.8973	0.2270581	1.562058	4.214326
19746	-7123.64	-7538.271	414.6305	0.2166727	1.476095	4.43028
19752	-7122.542	-7538.514	415.9718	0.2897333	1.638189	3.460008
19758	-7103.808	-7519.695	415.8869	0.2422042	1.602975	3.599688
19764	-7120.546	-7534.635	414.0892	0.2386704	1.498679	4.687391
19770	-7118.233	-7533.39	415.1569	0.2418688	1.565728	4.041626
19776	-7119.254	-7532.497	413.2431	0.2599997	1.505266	5.123735
19782	-7114.696	-7528.018	413.3223	0.2484822	1.417816	5.14479
19788	-7129.766	-7540.969	411.2023	0.3149986	1.335149	6.263685
19794	-7120.69	-7535.295	414.6054	0.2216987	1.559221	4.389529
19800	-7094.15	-7509.772	415.6224	0.255963	1.59372	3.737264
19806	-7097.514	-7513.54	416.0255	0.2642609	1.618457	3.476612
19812	-7125.859	-7539.442	413.5826	0.2933464	1.413646	4.940683
19818	-7126.391	-7540.351	413.9602	0.2787905	1.463573	4.721721
19824	-7103.732	-7517.895	414.1629	0.2731905	1.463573	4.615914
19830	-7115.624	-7529.599	413.9757	0.2687213	1.463573	4.726991
19836	-7118.829	-7535.014	416.1853	0.2672964	1.614341	3.381034
19842	-7126.872	-7542.158	415.2853	0.2672964	1.643555	3.886046
19848	-7114.998	-7530.083	415.0851	0.3263683	1.563027	3.967348
19854	-7128.814	-7542.141	413.3272	0.3174953	1.472473	5.01904
19860	-7103.992	-7518.1	414.1082	0.286031	1.513577	4.601009
19866	-7111.991	-7526.652	414.6606	0.3278394	1.513577	4.235379
19872	-7106.146	-7520.928	414.7823	0.300725	1.488248	4.215544
19878	-7111.003	-7525.161	414.1583	0.2865607	1.46865	4.597423
19884	-7113.95	-7528.271	414.3206	0.2976975	1.432253	4.511865
19890	-7124.762	-7537.753	412.9906	0.2967596	1.512229	5.209886
19896	-7129.316	-7541.188	411.8716	0.3034887	1.340927	5.910285
19902	-7121.669	-7535.387	413.718	0.2650474	1.421902	4.89919
19908	-7119.405	-7531.339	411.9344	0.2448186	1.339558	5.955928
19914	-7115.602	-7528.729	413.1268	0.2936964	1.448488	5.173801
19920	-7113.217	-7528.166	414.9486	0.2727998	1.531937	4.134273
19926	-7125.677	-7539.923	414.2464	0.283753	1.439549	4.568101
19932	-7106.198	-7521.627	415.4288	0.2742755	1.562849	3.839985
19938	-7116.463	-7531.436	414.9728	0.3253651	1.525061	4.054433
19944	-7116.641	-7531.094	414.4523	0.3253651	1.478853	4.375951
19950	-7121.971	-7535.686	413.7146	0.2768242	1.494173	4.844469
19956	-7140.322	-7555.976	415.6534	0.2623091	1.605008	3.703474
19962	-7135.364	-7550.727	415.3634	0.2657789	1.65725	3.835495
19968	-7122.356	-7537.763	415.4063	0.2839066	1.630241	3.800655
19974	-7135.539	-7551.355	415.8164	0.245205	1.594567	3.640842
19980	-7117.985	-7534.461	416.4757	0.2772362	1.741209	3.119906
19986	-7118.565	-7534.732	416.1668	0.2881145	1.765627	3.272928
19992	-7138.451	-7555.491	417.0399	0.225989	1.800191	2.825554
19998	-7119.219	-7535.641	416.4223	0.2548774	1.800191	3.15003
20004	-7109.926	-7526.773	416.8461	0.2752807	1.796026	2.86748
20010	-7104.854	-7521.719	416.8648	0.2721501	1.785067	2.86748
20016	-7115.493	-7532.135	416.642	0.247697	1.744764	3.063267
20022	-7106.292	-7522.66	416.3672	0.2706816	1.792314	3.163616
20028	-7127.193	-7544.11	416.9176	0.2643871	1.795546	2.840923
20034	-7116.767	-7533.281	416.514	0.2686705	1.700819	3.133746
20040	-7128.869	-7545.383	416.5141	0.2512974	1.676578	3.174404
20046	-7118.092	-7533.835	415.7435	0.2745966	1.744438	3.552549
20052	-7129.789	-7544.428	414.639	0.2601606	1.536937	4.325012
20058	-7119.418	-7533.402	413.9841	0.2490193	1.539852	4.707798
20064	-7127.151	-7541.714	414.5627	0.2508478	1.489083	4.408699
20070	-7125.065	-7538.02	412.9551	0.296459	1.360932	5.313524
20076	-7127.05	-7541.013	413.963	0.2698572	1.471459	4.728103
20082	-7108.686	-7522.493	413.8064	0.2555577	1.354284	4.901084
20088	-7123.001	-7537.619	414.6172	0.2734224	1.412592	4.388766
20094	-7122.976	-7537.369	414.3926	0.2946777	1.434305	4.474173
20100	-7129.415	-7542.859	413.4441	0.2941119	1.434305	5.005201
20106	-7127.646	-7541.76	414.1142	0.2526184	1.434305	4.688822
20112	-7117.143	-7530.59	413.4474	0.2698224	1.419595	5.044231
20118	-7124.717	-7538.58	413.8626	0.2816309	1.424484	4.794256
20124	-7117.701	-7533.388	415.687	0.2762958	1.635212	3.646344
20130	-7109.14	-7523.118	413.9782	0.2700088	1.436398	4.738961
20136	-7111.704	-7525.834	414.1299	0.2700088	1.562369	4.583453
20142	-7122.416	-7537.059	414.6432	0.2847764	1.510276	4.303205
20148	-7128.711	-7544.026	415.3157	0.2197394	1.552154	3.993412
20154	-7118.059	-7534.074	416.0158	0.2844383	1.602924	3.462263
20160	-7115.049	-7531.41	416.3605	0.2555285	1.658662	3.269458
20166	-7116.554	-7532.666	416.1121	0.2511969	1.704439	3.395232
20172	-7110.359	-7524.388	414.029	0.2990657	1.529973	4.618906
20178	-7099.894	-7514.315	414.4215	0.2655849	1.441736	4.493612
20184	-7114.269	-7528.369	414.1001	0.2807588	1.479394	4.631878
20190	-7116.52	-7531.691	415.1716	0.2195814	1.460935	4.127846
20196	-7113.918	-7528.268	414.3493	0.2810737	1.478908	4.491751
20202	-7111.422	-7524.404	412.9823	0.2244035	1.523028	5.310673
20208	-7110.177	-7524.58	414.4035	0.2572035	1.466547	4.501758
20214	-7110.337	-7525.074	414.7371	0.2736026	1.514835	4.262933
20220	-7122.001	-7537.438	415.4369	0.2731796	1.597182	3.817137
20226	-7128.152	-7544.574	416.4228	0.2731796	1.723321	3.167916
20232	-7118.726	-7530.903	412.1771	0.2385201	1.439523	5.777831
20238	-7132.784	-7544.713	411.9281	0.270194	1.405151	5.887986
20244	-7140.925	-7554.167	413.2428	0.2696328	1.448979	5.141605
20250	-7128.209	-7541.062	412.8523	0.2845441	1.419983	5.353286
20256	-7130.966	-7542.196	411.23	0.2734146	1.427314	6.251931
20262	-7128.241	-7539.935	411.6945	0.2734146	1.347147	6.042767
20268	-7130.427	-7541.647	411.2206	0.2329213	1.353006	6.354471
20274	-7117.973	-7533.095	415.1214	0.2775413	1.558844	4.01383
20280	-7119.357	-7533.289	413.9327	0.2577344	1.593158	4.694103
20286	-7113.036	-7526.593	413.5571	0.2577791	1.550129	4.927634
20292	-7114.516	-7528.111	413.5953	0.259913	1.497773	4.932472
20298	-7118.976	-7531.846	412.8701	0.2059124	1.449015	5.442496
20304	-7114.012	-7527.275	413.263	0.2540859	1.462764	5.144697
20310	-7111.402	-7524.72	413.3177	0.2313416	1.436591	5.162404
20316	-7108.362	-7521.319	412.9571	0.2834548	1.436153	5.287949
20322	-7111.991	-7527.19	415.1993	0.2679027	1.556611	3.984186
20328	-7117.854	-7532.059	414.2052	0.2361145	1.5786	4.581475
20334	-7106.63	-7520.192	413.5623	0.2903419	1.484755	4.916404
20340	-7130.368	-7543.501	413.133	0.2300629	1.426008	5.272335
20346	-7135.523	-7549.278	413.7548	0.2845731	1.420424	4.852684
20352	-7111.992	-7525.81	413.8182	0.2652593	1.459066	4.822291
20358	-7110.468	-7524.724	414.2554	0.2704548	1.492391	4.55164
20364	-7109.225	-7523.537	414.312	0.2410003	1.532037	4.540252
20370	-7122.556	-7536.083	413.5265	0.2529258	1.448495	5.00811
20376	-7133.789	-7546.583	412.794	0.2888873	1.429092	5.374648
20382	-7128.718	-7544.365	415.6461	0.2428001	1.688876	3.688511
20388	-7129.677	-7545.953	416.2759	0.2315148	1.745583	3.305689
20394	-7136.551	-7549.858	413.3073	0.2920444	1.449084	5.075653
20400	-7110.427	-7526.964	416.5372	0.240551	1.833175	3.084377
20406	-7111.505	-7528.079	416.5741	0.2355147	1.806305	3.086466
20412	-7120.73	-7534.06	413.3303	0.2523314	1.32892	5.184031
20418	-7113.225	-7526.977	413.7512	0.2523314	1.432493	4.8929
20424	-7103.221	-7516.834	413.6131	0.2753782	1.465431	4.919023
20430	-7117.606	-7531.739	414.1334	0.2788442	1.49789	4.605426
20436	-7115.287	-7530.548	415.2604	0.2479628	1.561926	3.975477
20442	-7114.357	-7528.593	414.2362	0.2629467	1.525837	4.554226
20448	-7120.595	-7535.821	415.2259	0.253265	1.632751	3.946788
20454	-7127.977	-7543.253	415.276	0.2474553	1.632751	3.926777
20460	-7118.111	-7533.674	415.5626	0.2666707	1.638446	3.730261
20466	-7140.058	-7556.491	416.4339	0.2538308	1.700316	3.204
20472	-7134.365	-7549.114	414.749	0.2640211	1.615467	4.212676
20478	-7129.903	-7544.716	414.8129	0.2415726	1.582358	4.22829
20484	-7131.473	-7546.874	415.4014	0.242557	1.695468	3.826216
20490	-7127.288	-7543.993	416.7049	0.264101	1.775032	2.982151
20496	-7119.643	-7536.805	417.1616	0.2969985	1.814376	2.631577
20502	-7117.229	-7534.377	417.1473	0.2575804	1.821985	2.695153
20508	-7114.254	-7531.141	416.8868	0.2388828	1.81664	2.886997
20514	-7117.112	-7533.527	416.4145	0.2328814	1.797963	3.190619
20520	-7118.212	-7533.867	415.6546	0.2282075	1.576501	3.771353
20526	-7117.994	-7532.985	414.9902	0.2839463	1.533861	4.093985
20532	-7109.32	-7525.368	416.0481	0.3078455	1.656336	3.379882
20538	-7112.192	-7528.328	416.1359	0.2454849	1.721841	3.379882
20544	-7128.698	-7539.84	411.1428	0.2829334	1.299927	6.355843
20550	-7132.313	-7543.53	411.2179	0.2870611	1.229971	6.347652
20556	-7119.782	-7533.433	413.6515	0.2686367	1.357034	4.967221
20562	-7125.794	-7537.8	412.0063	0.3079302	1.324104	5.840281
20568	-7121.782	-7535.005	413.2228	0.257638	1.488409	5.147688
20574	-7119.539	-7534.403	414.8637	0.2657245	1.487035	4.218035
20580	-7095.13	-7510.872	415.7417	0.2808555	1.563224	3.649924
20586	-7110.41	-7526.171	415.7618	0.2553219	1.607012	3.649924
20592	-7105.918	-7521.715	415.7967	0.2603386	1.559307	3.649924
20598	-7118.319	-7534.906	416.5871	0.296499	1.717241	3.040111
20604	-7133.407	-7549.895	416.4884	0.2562003	1.651346	3.197093
20610	-7111.015	-7527.16	416.145	0.2631298	1.622701	3.405883
20616	-7121.465	-7536.918	415.453	0.2763591	1.626536	3.786483
20622	-7126.546	-7540.812	414.2657	0.2382549	1.455072	4.613576
20628	-7131.535	-7545.724	414.1885	0.2133207	1.50932	4.665336
20634	-7117.883	-7532.271	414.388	0.2769193	1.486206	4.471582
20640	-7122.319	-7535.675	413.3565	0.2745998	1.367843	5.116789
20646	-7119.771	-7534.218	414.4472	0.2386331	1.491554	4.490559
20652	-7123.962	-7538.156	414.1939	0.3056061	1.484633	4.543342
20658	-7122.312	-7535.954	413.6423	0.2754541	1.481224	4.893853
20664	-7131.75	-7544.16	412.4093	0.3348823	1.458651	5.512569
20670	-7124.917	-7538.915	413.9982	0.2681417	1.492181	4.69918
20676	-7128.418	-7541.138	412.7197	0.2619017	1.354075	5.493456
20682	-7128.573	-7541.791	413.2181	0.2623908	1.323952	5.234532
20688	-7134.575	-7547.203	412.6282	0.2269865	1.363081	5.589677
20694	-7120.546	-7530.138	409.5925	0.2870042	1.290707	7.192505
20700	-7134.36	-7546.598	412.2377	0.288095	1.389903	5.702988
20706	-7134.908	-7544.67	409.7621	0.2418171	1.272247	7.172669
20712	-7132.327	-7542.944	410.6163	0.2973539	1.329358	6.606551
20718	-7123.901	-7535.53	411.6284	0.281434	1.298315	6.094695
20724	-7133.487	-7549.448	415.9611	0.2429445	1.626811	3.541539
20730	-7122.178	-7538.292	416.1143	0.2559259	1.733058	3.36998
20736	-7115.202	-7531.192	415.9902	0.2444583	1.733058	3.460202
20742	-7115.389	-7529.923	414.5341	0.2468405	1.592143	4.372583
20748	-7099.252	-7514.047	414.7958	0.2195472	1.559292	4.285331
20754	-7120.943	-7534.661	413.7175	0.2847828	1.434344	4.865442
20760	-7120.556	-7534.273	413.7169	0.2812449	1.516732	4.824585
20766	-7103.865	-7518.033	414.1685	0.2812449	1.481249	4.591794
20772	-7127.937	-7541.768	413.8314	0.230881	1.550785	4.81419
20778	-7131.782	-7545.335	413.5522	0.2180033	1.476329	5.031004
20784	-7117.747	-7531.915	414.168	0.2840459	1.460262	4.60004
20790	-7101.866	-7513.794	411.9287	0.2730964	1.391147	5.891329
20796	-7116.428	-7528.956	412.5285	0.2730964	1.397532	5.559256
20802	-7108.922	-7521.833	412.9106	0.2696081	1.450577	5.324436
20808	-7104.056	-7517.467	413.4111	0.2708513	1.489316	5.024232
20814	-7106.336	-7520.558	414.2215	0.2440287	1.515962	4.595561
20820	-7124.134	-7538.497	414.3636	0.2391102	1.507908	4.527657
20826	-7132.734	-7548.079	415.3452	0.2597443	1.544751	3.919269
20832	-7138.344	-7552.865	414.5209	0.2607733	1.490214	4.417189
20838	-7131.902	-7546.201	414.2983	0.292649	1.461294	4.514778
20844	-7126.37	-7539.794	413.4245	0.2853377	1.456092	5.015573
20850	-7138.583	-7551.849	413.266	0.2843583	1.49485	5.083324
20856	-7129.789	-7542.549	412.7604	0.2655912	1.441684	5.417702
20862	-7130.882	-7544.591	413.7093	0.2643061	1.4837	4.870644
20868	-7146.172	-7560.882	414.7099	0.2728379	1.516105	4.2787
20874	-7134.484	-7547.023	412.539	0.2604714	1.42533	5.555643
20880	-7138.947	-7550.408	411.461	0.2435623	1.399302	6.183156
20886	-7116.341	-7528.756	412.4152	0.2683544	1.548573	5.545
20892	-7126.288	-7538.633	412.3449	0.2735408	1.310721	5.707
20898	-7131.069	-7543.491	412.422	0.2262582	1.635187	5.554577
20904	-7130.974	-7543.95	412.9763	0.2032263	1.546932	5.334336
20910	-7128.748	-7542.689	413.9412	0.208254	1.616631	4.751833
20916	-7112.071	-7523.811	411.7399	0.2111659	1.539116	6.003958
20922	-7124.746	-7538.344	413.5986	0.2422179	1.543737	4.930739
20928	-7146.764	-7562.78	416.0161	0.2869518	1.73323	3.382267
20934	-7118.295	-7533.315	415.0192	0.2537477	1.627911	4.066922
20940	-7093.192	-7508.715	415.5229	0.2787398	1.577709	3.770956
20946	-7111.384	-7525.37	413.9864	0.2429005	1.478298	4.749971
20952	-7135.829	-7548.768	412.9388	0.267602	1.519576	5.273526
20958	-7149.276	-7562.179	412.9035	0.2596229	1.377834	5.382341
20964	-7149.783	-7564.707	414.9233	0.2487305	1.596446	4.146885
20970	-7147.178	-7561.925	414.7472	0.2348763	1.519286	4.311439
20976	-7140.676	-7555.742	415.0658	0.2761359	1.523665	4.067563
20982	-7119.579	-7534.542	414.9623	0.2610424	1.561972	4.126215
20988	-7109.055	-7524.053	414.9981	0.264132	1.537731	4.11517
20994	-7098.069	-7513.079	415.0095	0.2866737	1.572969	4.056961
21000	-7118.752	-7532.842	414.0906	0.2287817	1.503162	4.699206
21006	-7114.164	-7528.294	414.13	0.2528202	1.521777	4.630656
21012	-7128.165	-7542.897	414.7314	0.2356036	1.534552	4.310619
21018	-7113.73	-7527.36	413.6296	0.21149	1.378659	5.0526
21024	-7131.261	-7545.323	414.0615	0.2074944	1.487755	4.757908
21030	-7113.906	-7527.77	413.8637	0.2509029	1.517544	4.784831
21036	-7107.147	-7522.003	414.8564	0.2401938	1.565787	4.2151
21042	-7113.802	-7528.617	414.8149	0.2494738	1.582784	4.2151
21048	-7115.214	-7531.012	415.7982	0.2151081	1.660072	3.661365
21054	-7111.889	-7527.73	415.841	0.2332553	1.660072	3.607155
21060	-7101.52	-7516.57	415.0501	0.2563389	1.666332	4.023556
21066	-7122.003	-7537.041	415.0372	0.2563389	1.563182	4.08973
21072	-7121.931	-7538.876	416.9448	0.2665654	1.81645	2.80832
21078	-7112.324	-7528.888	416.5641	0.2665654	1.800313	3.047675
21084	-7123.425	-7539.925	416.5008	0.2260023	1.753089	3.177307
21090	-7114.989	-7530.067	415.0779	0.2461805	1.527868	4.101743
21096	-7101.493	-7516.614	415.1217	0.2287825	1.527868	4.103507
21102	-7109.125	-7524.233	415.1083	0.2535952	1.580281	4.043489
21108	-7126.359	-7541.542	415.1828	0.2383372	1.546031	4.043489
21114	-7104.364	-7520.408	416.044	0.2807825	1.642902	3.427591
21120	-7114.712	-7529.493	414.7804	0.2528422	1.630733	4.202467
21126	-7128.053	-7543.192	415.1388	0.2185591	1.562562	4.090328
21132	-7123.531	-7539.415	415.8837	0.2293762	1.692342	3.569806
21138	-7110.558	-7525.909	415.3508	0.2411177	1.600883	3.911779
21144	-7140.815	-7557.067	416.2521	0.2370959	1.679877	3.349426
21150	-7105.11	-7517.016	411.9054	0.2772201	1.417624	5.884065
21156	-7108.668	-7519.655	410.9865	0.247318	1.30896	6.484357
21162	-7117.123	-7529.749	412.6263	0.2217802	1.332136	5.615699
21168	-7104.553	-7517.808	413.2542	0.2556769	1.437162	5.161461
21174	-7115.947	-7528.547	412.6	0.2324708	1.428938	5.560728
21180	-7128.925	-7544.399	415.4746	0.2404315	1.697229	3.786312
21186	-7122.33	-7537.415	415.0846	0.283399	1.593075	4.00714
21192	-7121.356	-7536.663	415.3065	0.2671694	1.600526	3.898752
21198	-7107.502	-7522.93	415.4286	0.2468257	1.530716	3.898752
21204	-7122.207	-7536.24	414.0337	0.263241	1.469139	4.699159
21210	-7147.378	-7559.144	411.7659	0.3099633	1.348888	5.955547
21216	-7121.673	-7531.875	410.2016	0.2937636	1.335179	6.831961
21222	-7124.26	-7535.431	411.1713	0.280598	1.279316	6.354611
21228	-7121.658	-7532.516	410.8577	0.3022699	1.298649	6.4863
21234	-7118.522	-7530.557	412.0353	0.2654066	1.351229	5.865397
21240	-7124.399	-7538.982	414.5822	0.2321543	1.473974	4.43435
21246	-7122.113	-7536.377	414.2636	0.2205025	1.550361	4.588767
21252	-7124.842	-7539.511	414.6686	0.2560085	1.484431	4.343989
21258	-7134.729	-7549.591	414.8625	0.2549804	1.544399	4.201732
21264	-7095.617	-7511.783	416.1657	0.2232902	1.7253	3.395769
21270	-7113.191	-7529.387	416.1967	0.2299554	1.745676	3.354777
21276	-7107.486	-7523.357	415.8716	0.2687792	1.693059	3.516248
21282	-7111.403	-7525.996	414.5934	0.2670992	1.53024	4.34467
21288	-7119.266	-7533.621	414.3545	0.2534378	1.524582	4.50213
21294	-7122.045	-7537.537	415.4922	0.2238956	1.630291	3.840747
21300	-7108.745	-7524.474	415.7288	0.2443201	1.568073	3.708217
21306	-7125.359	-7539.87	414.5103	0.2271934	1.568073	4.429548
21312	-7120.008	-7534.574	414.5658	0.2383074	1.516955	4.409938
21318	-7119.999	-7535.523	415.5245	0.2566309	1.582145	3.799376
21324	-7104.405	-7519.93	415.5246	0.2854384	1.660781	3.712667
21330	-7104.523	-7520.663	416.1398	0.2341253	1.616266	3.457265
21336	-7115.957	-7532.669	416.7119	0.2476093	1.75086	3.017916
21342	-7121.088	-7537.678	416.5892	0.2553003	1.739966	3.085848
21348	-7126.855	-7543.322	416.4676	0.2665106	1.728254	3.148251
21354	-7126.507	-7542.204	415.6974	0.2742349	1.610822	3.657396
21360	-7124.837	-7537.49	412.6528	0.2848894	1.425691	5.459595
21366	-7122.34	-7534.955	412.615	0.2592533	1.527088	5.459595
21372	-7116.385	-7529.221	412.836	0.2062987	1.373331	5.50228
21378	-7107.121	-7519.304	412.1828	0.2121139	1.398838	5.837199
21384	-7126.519	-7541.142	414.6231	0.2555717	1.471149	4.377833
21390	-7125.511	-7539.017	413.5059	0.294347	1.431322	4.972213
21396	-7121.256	-7534.193	412.9368	0.2797839	1.382863	5.33348
21402	-7107.165	-7519.783	412.6178	0.2797839	1.351315	5.526536
21408	-7108.937	-7520.024	411.087	0.2813537	1.388665	6.340001
21414	-7121.703	-7534.339	412.6361	0.2453167	1.389536	5.543553
21420	-7121.461	-7533.313	411.8522	0.2487471	1.390243	5.967477
21426	-7115.464	-7527.742	412.2786	0.2415476	1.458433	5.707426
21432	-7106.966	-7520.177	413.2103	0.2316912	1.428387	5.225839
21438	-7133.897	-7547.514	413.6171	0.2561638	1.364906	4.999571
21444	-7129.7	-7542.7	412.9995	0.2113515	1.461606	5.355531
21450	-7125.042	-7538.413	413.371	0.246785	1.490397	5.080068
21456	-7114.667	-7527.308	412.6409	0.2443081	1.431838	5.519138
21462	-7127.643	-7539.419	411.7754	0.2443081	1.471631	5.971383
21468	-7126.469	-7539.793	413.3239	0.2560389	1.583714	5.041041
21474	-7133.874	-7547.107	413.2325	0.2933306	1.365607	5.161648
21480	-7103.509	-7515.355	411.8455	0.2565077	1.393122	5.95854
21486	-7109.479	-7521.483	412.0037	0.2458241	1.391159	5.888469
21492	-7113.23	-7527.057	413.8275	0.2458241	1.437902	4.856872
21498	-7113.803	-7527.408	413.6053	0.2458241	1.462293	4.967015
21504	-7131.124	-7544.307	413.1827	0.2734614	1.437265	5.176123
21510	-7108.003	-7523.69	415.6863	0.2500075	1.650469	3.676479
21516	-7139.281	-7554.589	415.3073	0.2456024	1.503137	3.985804
21522	-7144.122	-7559.682	415.5601	0.1962092	1.68341	3.817403
21528	-7144.017	-7558.289	414.2713	0.2708347	1.460508	4.560089
21534	-7141.019	-7555.818	414.7992	0.220936	1.548876	4.287064
21540	-7128.019	-7542.748	414.7297	0.2708796	1.595573	4.225204
21546	-7133.399	-7547.955	414.5558	0.2822588	1.59793	4.306506
21552	-7131.927	-7546.178	414.2513	0.2534044	1.553722	4.543809
21558	-7131.597	-7543.741	412.1437	0.2534044	1.3689	5.813237
21564	-7131.983	-7543.885	411.9022	0.2717238	1.299123	5.957916
21570	-7113.844	-7524.909	411.0652	0.2712198	1.272497	6.428373
21576	-7118.723	-7529.826	411.1025	0.2712198	1.235169	6.428373
21582	-7124.167	-7535.588	411.4218	0.2608993	1.329272	6.218043
21588	-7129.298	-7542.053	412.7544	0.2241209	1.411719	5.49799
21594	-7128.572	-7543.172	414.5995	0.2710998	1.62742	4.280574
21600	-7136.911	-7549.32	412.4083	0.2388303	1.496946	5.619179
21606	-7141.028	-7553.239	412.2102	0.2335925	1.399776	5.78874
21612	-7135.26	-7546.683	411.4229	0.2617209	1.353046	6.203341
21618	-7130.044	-7541.956	411.9114	0.2693324	1.409814	5.89569
21624	-7116.449	-7528.727	412.2779	0.2706152	1.375841	5.712051
21630	-7112.023	-7525.57	413.5466	0.2292888	1.641948	4.924537
21636	-7121.527	-7536.513	414.9863	0.2452268	1.588365	4.120892
21642	-7110.863	-7526.287	415.4244	0.2823536	1.727562	3.736253
21648	-7119.478	-7535.42	415.9417	0.2802165	1.663239	3.476343
21654	-7123.877	-7539.41	415.5328	0.240096	1.591132	3.814431
21660	-7117.969	-7533.224	415.2553	0.2384952	1.580031	3.982448
21666	-7130.901	-7546.355	415.4539	0.2803434	1.663603	3.758981
21672	-7121.921	-7536.372	414.4505	0.259731	1.462355	4.474062
21678	-7116.669	-7531.293	414.6236	0.2720293	1.517458	4.327848
21684	-7118.582	-7532.815	414.2322	0.2873537	1.469539	4.55437
21690	-7117.755	-7534.634	416.8797	0.269599	1.821962	2.83995
21696	-7121.288	-7537.658	416.3698	0.2541978	1.654178	3.26863
21702	-7111.719	-7526.872	415.1533	0.2541978	1.611418	3.999112
21708	-7122.517	-7536.491	413.9742	0.2421036	1.36068	4.823658
21714	-7111.271	-7526.025	414.754	0.2572891	1.548525	4.257555
21720	-7106.186	-7520.769	414.5821	0.2835836	1.573719	4.30351
21726	-7108.56	-7524.018	415.4589	0.2275373	1.593001	3.87547
21732	-7109.459	-7524.633	415.1746	0.2485098	1.584449	4.010829
21738	-7106.542	-7521.712	415.1698	0.2513624	1.644908	3.974746
21744	-7109.662	-7524.066	414.4042	0.2472198	1.518369	4.486819
21750	-7107.872	-7522.462	414.5896	0.2679868	1.56172	4.327781
21756	-7114.469	-7530.085	415.6163	0.2984315	1.666802	3.638303
21762	-7106.363	-7521.463	415.0996	0.242789	1.547351	4.083412
21768	-7130.509	-7544.915	414.406	0.2688741	1.547351	4.438226
21774	-7111.686	-7526.157	414.4706	0.2744301	1.522407	4.408102
21780	-7114.074	-7528.456	414.3821	0.2505466	1.518613	4.494223
21786	-7115.187	-7528.907	413.7201	0.280328	1.482976	4.842872
21792	-7118.289	-7532.215	413.9258	0.2589702	1.482537	4.75806
21798	-7106.753	-7520.115	413.3613	0.2596163	1.482537	5.071351
21804	-7096.789	-7510.55	413.7606	0.2295212	1.502142	4.882867
21810	-7129.555	-7541.294	411.7389	0.2449213	1.387356	6.036348
21816	-7137.196	-7549.262	412.0661	0.2217981	1.428245	5.869865
21822	-7119.776	-7533.649	413.8728	0.2294325	1.540732	4.798893
21828	-7126.034	-7540.4	414.3668	0.2373566	1.521577	4.520826
21834	-7129.74	-7545.012	415.2729	0.2744085	1.50226	3.963928
21840	-7119.336	-7535.139	415.8035	0.2539209	1.57311	3.647522
21846	-7137.909	-7553.231	415.3223	0.2758962	1.512545	3.927689
21852	-7145.93	-7561.559	415.6289	0.2851357	1.561598	3.710113
21858	-7149.277	-7564.259	414.9823	0.2763437	1.558281	4.095123
21864	-7131.093	-7544.374	413.2806	0.2712686	1.563705	5.054806
21870	-7119.347	-7533.782	414.4351	0.2537266	1.66789	4.375549
21876	-7136.134	-7549.341	413.207	0.2537266	1.487581	5.16247
21882	-7126.603	-7539.509	412.9061	0.2815662	1.478252	5.295398
21888	-7125.358	-7539.04	413.6816	0.2467988	1.484055	4.911028
21894	-7119.235	-7532.129	412.8932	0.2526962	1.517747	5.320734
21900	-7119.796	-7532.333	412.5368	0.2641935	1.389266	5.571455
21906	-7106.847	-7519.457	412.6098	0.2558964	1.337466	5.571455
21912	-7106.881	-7519.921	413.0403	0.242267	1.377797	5.331875
21918	-7102.038	-7514.783	412.7445	0.2025503	1.528245	5.473487
21924	-7100.134	-7514.085	413.9509	0.2444123	1.519434	4.744555
21930	-7115.704	-7531.661	415.957	0.2514105	1.692143	3.492848
21936	-7132.102	-7547.707	415.605	0.24308	1.686417	3.713254
21942	-7102.95	-7518.518	415.5676	0.2754031	1.678072	3.691946
21948	-7115.461	-7531.536	416.0756	0.2291224	1.692757	3.458111
21954	-7105.148	-7522.013	416.8657	0.2234383	1.729123	2.977991
21960	-7108.626	-7524.341	415.7151	0.2405416	1.667234	3.664606
21966	-7090.158	-7505.466	415.3075	0.2665911	1.545026	3.930801
21972	-7107.579	-7522.348	414.7686	0.2694677	1.582548	4.212484
21978	-7130.066	-7545.82	415.7543	0.270436	1.535106	3.673764
21984	-7121.77	-7538.7	416.93	0.23742	1.759952	2.897565
21990	-7123.065	-7539.278	416.2125	0.280154	1.621105	3.342404
21996	-7114.104	-7529.639	415.5347	0.271104	1.579151	3.774143
22002	-7112.881	-7528.296	415.4149	0.2713344	1.637151	3.809449
22008	-7119.049	-7534.718	415.6694	0.2716342	1.701306	3.624933
22014	-7112.113	-7528.021	415.9077	0.236638	1.684151	3.549076
22020	-7129.382	-7545.165	415.7827	0.2863985	1.651274	3.567213
22026	-7123.011	-7538.103	415.0918	0.2774497	1.557783	4.031444
22032	-7125.565	-7540.694	415.1286	0.2663266	1.548557	4.031444
22038	-7127.841	-7542.043	414.2017	0.3038084	1.575719	4.490043
22044	-7132.885	-7547.678	414.793	0.2524501	1.518398	4.259585
22050	-7121.654	-7536.433	414.7797	0.2745748	1.544799	4.220444
22056	-7135.131	-7549.991	414.8592	0.2636327	1.492605	4.220444
22062	-7134.014	-7548.781	414.7669	0.340979	1.467892	4.184798
22068	-7109.438	-7524.391	414.9531	0.2977386	1.517885	4.105554
22074	-7116.301	-7531.636	415.3352	0.2832983	1.614962	3.851196
22080	-7116.624	-7532.076	415.4513	0.285514	1.614962	3.781296
22086	-7109.986	-7525.078	415.0917	0.2703774	1.580368	4.028591
22092	-7125.034	-7541.327	416.2927	0.2313039	1.714693	3.314371
22098	-7124.513	-7540.939	416.4259	0.2523854	1.649305	3.241163
22104	-7137.117	-7552.947	415.8297	0.2640884	1.712911	3.535977
22110	-7115.664	-7532.316	416.6525	0.2609177	1.712911	3.055568
22116	-7093.74	-7509.964	416.2244	0.254338	1.712911	3.319534
22122	-7109.052	-7525.545	416.493	0.2308485	1.718688	3.194407
22128	-7114.638	-7530.765	416.1272	0.2404303	1.635246	3.4436
22134	-7096.587	-7511.584	414.9963	0.2735982	1.553453	4.093779
22140	-7117.383	-7532.229	414.8464	0.2161583	1.586888	4.246496
22146	-7116.791	-7530.86	414.0691	0.2663498	1.572832	4.616822
22152	-7140.609	-7555.57	414.9604	0.2589833	1.51327	4.157941
22158	-7137.319	-7551.649	414.3294	0.263752	1.543877	4.49056
22164	-7115.173	-7527.131	411.9582	0.2888657	1.384374	5.858012
22170	-7122.417	-7536.305	413.8886	0.2876923	1.4534	4.755411
22176	-7126.148	-7541.078	414.9299	0.2411054	1.533463	4.190362
22182	-7120.134	-7533.702	413.5675	0.2973445	1.381422	4.961772
22188	-7146.58	-7560.374	413.7941	0.2832394	1.343351	4.875519
22194	-7143.359	-7557.374	414.0146	0.2273923	1.440502	4.778863
22200	-7134.517	-7548.861	414.3434	0.2342805	1.505844	4.547538
22206	-7125.012	-7539.433	414.421	0.2671713	1.536443	4.438305
22212	-7155.315	-7570.929	415.6148	0.2500069	1.635917	3.726216
22218	-7132.62	-7548.564	415.9438	0.2387534	1.664337	3.53628
22224	-7127.39	-7543.16	415.7699	0.2870258	1.715752	3.53628
22230	-7118.38	-7531.498	413.1183	0.2344691	1.458045	5.25614
22236	-7112.4	-7525.353	412.9533	0.236032	1.307226	5.428019
22242	-7111.902	-7523.478	411.5761	0.236032	1.307226	6.181579
22248	-7119.779	-7532.485	412.7061	0.2602863	1.38039	5.488734
22254	-7116.032	-7528.101	412.0693	0.245232	1.379992	5.859551
22260	-7133.498	-7545.622	412.1232	0.2697987	1.34047	5.817185
22266	-7114.864	-7528.928	414.064	0.2697987	1.393611	4.715225
22272	-7128.666	-7542.635	413.969	0.2644535	1.565558	4.679641
22278	-7109.053	-7523.566	414.5131	0.2644535	1.567308	4.372861
22284	-7112.384	-7526.253	413.8683	0.2343196	1.480657	4.827499
22290	-7125.18	-7539.608	414.4288	0.2354909	1.448172	4.530073
22296	-7137.666	-7550.903	413.2373	0.2829575	1.460203	5.120355
22302	-7129.774	-7543.354	413.5797	0.2510804	1.468811	4.969914
22308	-7113.732	-7526.823	413.0912	0.2568064	1.389017	5.276601
22314	-7122.009	-7535.02	413.0114	0.2890472	1.389017	5.276601
22320	-7161.082	-7574.359	413.2768	0.2168983	1.44957	5.200192
22326	-7143.353	-7557.289	413.9353	0.2422798	1.486467	4.774888
22332	-7131.955	-7547.293	415.3378	0.2997797	1.638641	3.813556
22338	-7120.204	-7535.457	415.2538	0.2700042	1.594537	3.928282
22344	-7136.739	-7552.557	415.8178	0.2880931	1.562501	3.596069
22350	-7113.882	-7529.903	416.0211	0.2477796	1.663431	3.477735
22356	-7126.863	-7542.902	416.039	0.2605932	1.617777	3.474556
22362	-7123.006	-7538.342	415.3358	0.2249401	1.623151	3.93294
22368	-7121.265	-7537.783	416.5177	0.2176721	1.720506	3.200491
22374	-7130.695	-7546.726	416.0308	0.2176721	1.672612	3.514729
22380	-7128.395	-7544.175	415.7804	0.2649474	1.715752	3.561786
22386	-7145.885	-7561.722	415.8371	0.2254645	1.725376	3.583958
22392	-7149.191	-7560.282	411.0912	0.283181	1.370219	6.345354
22398	-7149.989	-7562.065	412.0759	0.2977987	1.342217	5.805145
22404	-7132.569	-7548.134	415.5656	0.2219887	1.576328	3.83264
22410	-7123.337	-7538.867	415.5306	0.2299558	1.589194	3.83264
22416	-7126.158	-7542.042	415.8834	0.273683	1.647608	3.528795
22422	-7100.751	-7515.443	414.6924	0.2221876	1.514237	4.36503
22428	-7111.864	-7526.036	414.1726	0.2252902	1.527836	4.644865
22434	-7113.686	-7527.807	414.1208	0.2372854	1.53191	4.653213
22440	-7125.417	-7542.062	416.6443	0.267327	1.848478	2.96951
22446	-7125.215	-7542.505	417.2903	0.2211602	1.824638	2.665801
22452	-7123.26	-7538.315	415.0552	0.2448608	1.586008	4.083537
22458	-7131.352	-7546.492	415.1398	0.2406062	1.565845	4.053269
22464	-7132.031	-7547.062	415.0305	0.2412552	1.565845	4.114532
22470	-7126.416	-7540.684	414.2678	0.2419773	1.497282	4.583113
22476	-7109.791	-7523.994	414.203	0.2623079	1.509276	4.583113
22482	-7112.69	-7527.055	414.3651	0.246196	1.517581	4.510759
22488	-7130.264	-7544.757	414.4927	0.2468795	1.517581	4.43795
22494	-7112.947	-7527.588	414.6407	0.2379841	1.448391	4.406892
22500	-7132.047	-7548.153	416.1058	0.2710381	1.683615	3.38153
22506	-7136.116	-7552.495	416.3789	0.2588189	1.706275	3.225416
22512	-7124.853	-7540.907	416.0547	0.2641154	1.706275	3.408397
22518	-7123.729	-7540.091	416.362	0.2455196	1.75543	3.226824
22524	-7124	-7539.436	415.436	0.2714552	1.57926	3.830435
22530	-7105.58	-7520.218	414.6376	0.3097937	1.543856	4.254153
22536	-7102.312	-7517.23	414.9182	0.2649665	1.562176	4.145502
22542	-7095.149	-7510.305	415.1563	0.282403	1.617189	3.953726
22548	-7113.226	-7528.314	415.0889	0.3054985	1.643495	3.946015
22554	-7131.725	-7546.685	414.9593	0.3054985	1.579997	4.056395
22560	-7108.26	-7523.759	415.4993	0.2626031	1.64744	3.767517
22566	-7113.84	-7529.818	415.9776	0.2891545	1.64744	3.452011
22572	-7123.668	-7538.702	415.0338	0.2891545	1.619329	4.013245
22578	-7116.912	-7532.729	415.8168	0.2732806	1.60257	3.594299
22584	-7139.628	-7555.649	416.0212	0.2283848	1.60257	3.5436
22590	-7105.549	-7521.85	416.3009	0.2292742	1.609617	3.374594
22596	-7110.903	-7526.775	415.8721	0.2470256	1.649315	3.573904
22602	-7127.378	-7542.497	415.1192	0.2341332	1.624518	4.04152
22608	-7128.063	-7542.895	414.8325	0.2562796	1.584983	4.193823
22614	-7095.227	-7510.017	414.7904	0.2662305	1.601802	4.193823
22620	-7124.747	-7540.648	415.9014	0.2315698	1.582378	3.619871
22626	-7103.441	-7518.893	415.4515	0.2196852	1.633624	3.869036
22632	-7108.798	-7524.209	415.4109	0.2474357	1.628643	3.851736
22638	-7107.169	-7522.24	415.0706	0.2475717	1.583062	4.072336
22644	-7110.453	-7525.705	415.2512	0.2431774	1.596401	3.968243
22650	-7113.758	-7529.215	415.4562	0.2821508	1.597664	3.79312
22656	-7119.596	-7534.274	414.6779	0.2429851	1.558738	4.315965
22662	-7122.774	-7535.215	412.441	0.24857	1.436327	5.620286
22668	-7114.549	-7528.092	413.5432	0.2045125	1.547122	5.018365
22674	-7124.852	-7538.769	413.9167	0.248371	1.465597	4.787944
22680	-7125.082	-7540.184	415.1019	0.2495399	1.688838	3.991149
22686	-7112.645	-7528.637	415.9917	0.2606612	1.591764	3.517221
22692	-7117.079	-7528.788	411.7091	0.243833	1.415388	6.038878
22698	-7122.539	-7535.437	412.8978	0.2598034	1.47437	5.332038
22704	-7126.959	-7540.972	414.0126	0.2626166	1.474118	4.709046
22710	-7115.405	-7528.612	413.2064	0.2662947	1.411355	5.187229
22716	-7128.48	-7542.675	414.1954	0.2705958	1.468948	4.598294
22722	-7118.472	-7535.515	417.0438	0.2856129	1.753314	2.757966
22728	-7114.839	-7531.881	417.0419	0.2509575	1.841957	2.757966
22734	-7116.725	-7533.502	416.7767	0.2886236	1.740006	2.923733
22740	-7100.623	-7517.56	416.9369	0.2511002	1.794041	2.850775
22746	-7106.413	-7522.967	416.5541	0.2937333	1.773688	3.029973
22752	-7114.048	-7530.746	416.6971	0.2419258	1.760616	3.029973
22758	-7124.379	-7540.753	416.3739	0.2864721	1.664965	3.212332
22764	-7122.842	-7537.327	414.4855	0.2413339	1.657741	4.371236
22770	-7119.144	-7534.22	415.0761	0.2670416	1.567852	4.049365
22776	-7110.568	-7525.872	415.3037	0.258663	1.633673	3.893664
22782	-7121.56	-7536.695	415.1359	0.2583105	1.629238	3.99283
22788	-7112.5	-7527.789	415.2893	0.2442674	1.716012	3.876204
22794	-7120.468	-7535.816	415.3483	0.2460346	1.548422	3.935807
22800	-7119.359	-7535.198	415.8384	0.2241824	1.637714	3.636174
22806	-7122.652	-7538.227	415.5752	0.296858	1.642139	3.678488
22812	-7111.979	-7527.701	415.7219	0.2521843	1.605676	3.678488
22818	-7126.99	-7541.56	414.5704	0.2771743	1.649154	4.276256
22824	-7125.067	-7542.508	417.4408	0.2342654	1.984644	2.450216
22830	-7122.814	-7539.432	416.6178	0.2654352	1.723071	3.063437
22836	-7125.573	-7541.751	416.1785	0.2767277	1.728618	3.304078
22842	-7130.113	-7544.476	414.3631	0.2835882	1.541908	4.445136
22848	-7109.775	-7523.229	413.4541	0.2637543	1.436191	5.039759
22854	-7106.253	-7518.456	412.2027	0.2374207	1.436191	5.767259
22860	-7112.534	-7524.695	412.1608	0.2648646	1.306689	5.821855
22866	-7105.577	-7519.235	413.658	0.2840651	1.38513	4.926925
22872	-7114.081	-7527.836	413.7551	0.2919632	1.445301	4.8288
22878	-7107.455	-7520.575	413.1194	0.2846123	1.40655	5.213093
22884	-7112.976	-7524.913	411.9373	0.2493753	1.402257	5.913565
22890	-7115.536	-7527.491	411.9555	0.2349792	1.383489	5.934826
22896	-7127.291	-7541.309	414.0182	0.2546035	1.469422	4.720009
22902	-7123.519	-7536.781	413.2624	0.2739049	1.454875	5.121629
22908	-7138.808	-7552.095	413.2873	0.2808629	1.44714	5.1027
22914	-7123.15	-7538.199	415.0491	0.271157	1.604777	4.037866
22920	-7111.353	-7525.183	413.8301	0.2665065	1.492745	4.79514
22926	-7115.515	-7528.449	412.9341	0.2872104	1.430962	5.298556
22932	-7117.157	-7531.455	414.2975	0.2407334	1.471599	4.582753
22938	-7130.155	-7543.476	413.3207	0.2883534	1.520625	5.033379
22944	-7126.459	-7542.389	415.9304	0.2496664	1.731877	3.487847
22950	-7104.114	-7519.908	415.794	0.2581777	1.658829	3.596964
22956	-7129.952	-7545.436	415.4842	0.2856126	1.640399	3.74754
22962	-7109.475	-7523.088	413.6134	0.2341737	1.428654	4.998526
22968	-7116.241	-7530.382	414.1415	0.2673292	1.442908	4.647691
22974	-7119.1	-7533.939	414.8381	0.2431732	1.585562	4.209735
22980	-7120.565	-7535.09	414.5253	0.2623279	1.513102	4.399557
22986	-7103.494	-7517.958	414.4632	0.2233683	1.516304	4.491201
22992	-7121.7	-7536.11	414.4105	0.2410799	1.51215	4.495924
22998	-7132.069	-7546.635	414.5665	0.2646778	1.582409	4.333844
23004	-7132.773	-7546.03	413.257	0.2973528	1.4772	5.080968
23010	-7119.68	-7534.547	414.8673	0.2780227	1.530697	4.173905
23016	-7124.4	-7538.848	414.4475	0.296157	1.575482	4.361699
23022	-7128.642	-7543.581	414.9398	0.2417526	1.539138	4.180536
23028	-7117.094	-7531.871	414.7765	0.250124	1.542854	4.258515
23034	-7115.783	-7528.81	413.027	0.2356566	1.455271	5.306264
23040	-7115.345	-7528.384	413.0397	0.2441963	1.419734	5.306264
23046	-7111.717	-7525.275	413.5582	0.2212042	1.516544	5.000323
23052	-7104.859	-7519.218	414.3592	0.2342267	1.516544	4.532715
23058	-7113.281	-7528.925	415.6435	0.2342267	1.660134	3.719977
23064	-7119.953	-7534.406	414.453	0.2855464	1.603819	4.356806
23070	-7109.36	-7523.998	414.6388	0.279599	1.608773	4.257039
23076	-7111.934	-7527.426	415.492	0.2328139	1.578057	3.856709
23082	-7103.417	-7518.519	415.1023	0.2641226	1.578057	4.032786
23088	-7099.341	-7514.142	414.8007	0.265701	1.441888	4.279359
23094	-7118.399	-7532.634	414.2353	0.2487533	1.468284	4.607589
23100	-7133.283	-7547.548	414.2652	0.2352683	1.484256	4.602027
23106	-7142.476	-7556.507	414.0312	0.2534859	1.4837	4.706355
23112	-7116.26	-7532.11	415.8506	0.2386679	1.696948	3.571672
23118	-7122.39	-7537.73	415.3403	0.240121	1.502478	3.975652
23124	-7124.254	-7539.511	415.2562	0.2162181	1.596072	4.00801
23130	-7126.351	-7541.862	415.5109	0.2403491	1.669424	3.781569
23136	-7129.546	-7545.495	415.9484	0.2184241	1.736132	3.524456
23142	-7123.056	-7539.499	416.4428	0.2180752	1.760931	3.220228
23148	-7114.652	-7530.192	415.5399	0.2264252	1.706095	3.76559
23154	-7102.085	-7518.279	416.1939	0.2271792	1.713773	3.379628
23160	-7124.079	-7540.316	416.2366	0.2081891	1.732579	3.375232
23166	-7122.505	-7538.402	415.897	0.2430972	1.717082	3.526051
23172	-7147.98	-7564.415	416.4355	0.2154519	1.671689	3.281697
23178	-7116.092	-7531.996	415.9042	0.2437192	1.701635	3.529899
23184	-7118.087	-7534.305	416.2176	0.2550288	1.687388	3.337446
23190	-7107.95	-7523.928	415.9782	0.2696163	1.707933	3.444105
23196	-7103	-7519.118	416.1184	0.2234355	1.734207	3.418007
23202	-7119.083	-7535.273	416.19	0.2307911	1.65895	3.408253
23208	-7104.727	-7521.509	416.7811	0.2604546	1.736739	2.964878
23214	-7099.724	-7516.128	416.4034	0.2169712	1.777308	3.235675
23220	-7089.816	-7505.806	415.9899	0.2231928	1.714694	3.504912
23226	-7106.874	-7522.802	415.9281	0.244815	1.714694	3.50666
23232	-7126.216	-7541.155	414.9387	0.2257436	1.592151	4.17579
23238	-7119.389	-7534.956	415.567	0.2872529	1.531501	3.76028
23244	-7108.843	-7525.471	416.6272	0.2549513	1.768585	3.046563
23250	-7112.4	-7529.102	416.7017	0.2271379	1.768533	3.046563
23256	-7117.014	-7533.051	416.0366	0.2324699	1.646347	3.502565
23262	-7145.055	-7560.305	415.2499	0.2644151	1.5649	3.955552
23268	-7116.582	-7531.086	414.5037	0.2330863	1.565782	4.42539
23274	-7109.211	-7523.869	414.658	0.2351752	1.519932	4.360994
23280	-7124.793	-7539.194	414.4008	0.2660557	1.564828	4.435284
23286	-7116.848	-7532.413	415.5656	0.276761	1.642296	3.711841
23292	-7139.219	-7554.502	415.2828	0.2591157	1.642296	3.900035
23298	-7141.632	-7556.021	414.389	0.2516973	1.54879	4.471646
23304	-7129.141	-7542.504	413.3633	0.2783124	1.481845	5.044699
23310	-7125.679	-7539.477	413.7983	0.2359442	1.44983	4.881243
23316	-7112.389	-7526.076	413.6872	0.2677692	1.476742	4.881985
23322	-7108.523	-7522.376	413.8531	0.2677692	1.476645	4.789498
23328	-7120.597	-7534.145	413.5484	0.2748247	1.412897	4.984985
23334	-7125.871	-7539.017	413.1455	0.2521327	1.409574	5.241936
23340	-7116.655	-7528.974	412.319	0.2479269	1.352535	5.734036
23346	-7112.265	-7526.735	414.4694	0.2742477	1.446311	4.451914
23352	-7146.512	-7561.016	414.5042	0.2610417	1.523783	4.407286
23358	-7124.022	-7537.724	413.7015	0.2397248	1.481666	4.911728
23364	-7125.983	-7539.66	413.6768	0.2508144	1.532896	4.8806
23370	-7135.835	-7551.06	415.2251	0.2694646	1.499053	4.000123
23376	-7116.707	-7532.596	415.8885	0.2924277	1.664062	3.489787
23382	-7122.682	-7539.017	416.3341	0.2740916	1.697023	3.234687
23388	-7136.119	-7552.499	416.3799	0.2769855	1.714151	3.193216
23394	-7147.214	-7563.333	416.1197	0.2409807	1.685079	3.417962
23400	-7127.233	-7542.519	415.2867	0.2456704	1.652172	3.912208
23406	-7137.189	-7552.156	414.9663	0.2620402	1.588626	4.107307
23412	-7140.313	-7555.611	415.2989	0.2776053	1.533442	3.926697
23418	-7122.747	-7536.139	413.3925	0.2757278	1.459714	5.044302
23424	-7133.606	-7547.767	414.161	0.2828386	1.450954	4.610857
23430	-7122.487	-7536.041	413.5537	0.3155376	1.391102	4.940811
23436	-7111.607	-7524.008	412.4008	0.315012	1.445417	5.5487
23442	-7099.294	-7511.683	412.3886	0.2854596	1.440571	5.595901
23448	-7097.281	-7508.984	411.7029	0.2720084	1.460376	5.978314
23454	-7103.536	-7518.646	415.1091	0.2541114	1.597134	4.032664
23460	-7104.507	-7520.276	415.769	0.2502638	1.670366	3.61661
23466	-7127.614	-7542.935	415.3204	0.2548331	1.636411	3.888204
23472	-7130.714	-7544.17	413.4561	0.2955981	1.40033	5.015439
23478	-7121.905	-7535.347	413.4421	0.2870966	1.493363	4.982762
23484	-7116.244	-7528.722	412.4789	0.2686188	1.411843	5.584772
23490	-7113.86	-7526.382	412.5218	0.2972143	1.37103	5.545581
23496	-7116.797	-7529.922	413.1254	0.3045711	1.395098	5.190094
23502	-7121.739	-7535.739	413.9995	0.2815479	1.567376	4.637883
23508	-7123.143	-7536.938	413.7952	0.2805651	1.479992	4.802328
23514	-7132.049	-7546.142	414.0937	0.2824826	1.479992	4.632795
23520	-7119.561	-7534.593	415.0314	0.2854901	1.465093	4.107611
23526	-7131.309	-7545.428	414.1188	0.2724673	1.50297	4.619609
23532	-7127.809	-7544.342	416.5331	0.2511802	1.792159	3.094531
23538	-7118.589	-7534.941	416.3515	0.2512773	1.777991	3.210714
23544	-7122.109	-7538.577	416.4679	0.2384478	1.627354	3.251064
23550	-7137.571	-7551.72	414.1486	0.2660881	1.499096	4.61395
23556	-7131.78	-7545.561	413.7812	0.226242	1.42233	4.920892
23562	-7128.456	-7542.342	413.8857	0.2683681	1.544991	4.732293
23568	-7125.627	-7539.644	414.0169	0.2791396	1.542697	4.645238
23574	-7130.594	-7544.728	414.1349	0.2738351	1.489624	4.616135
23580	-7114.757	-7526.49	411.7327	0.2779359	1.368508	6.004211
23586	-7109.582	-7522.832	413.2502	0.2479959	1.356652	5.219282
23592	-7111.773	-7523.76	411.9872	0.2615799	1.42328	5.857629
23598	-7129.744	-7543.795	414.0511	0.240152	1.518525	4.695399
23604	-7125.327	-7538.615	413.2885	0.2701564	1.461539	5.108637
23610	-7115.596	-7528.514	412.9177	0.2465414	1.397822	5.382242
23616	-7112.954	-7525.281	412.3275	0.2485615	1.390338	5.707777
23622	-7124.335	-7538.464	414.1289	0.2623054	1.472185	4.645446
23628	-7134.809	-7548.953	414.1444	0.2567319	1.470903	4.645446
23634	-7120.277	-7533.899	413.6219	0.2651789	1.392328	4.968893
23640	-7111.937	-7526.26	414.3234	0.2650521	1.536195	4.496431
23646	-7105.873	-7519.772	413.8993	0.2729224	1.547903	4.716678
23652	-7123.067	-7533.788	410.7215	0.2605	1.263549	6.633945
23658	-7112.443	-7523.812	411.3692	0.2557703	1.339735	6.24805
23664	-7126.61	-7537.493	410.8835	0.259881	1.332549	6.509767
23670	-7119.268	-7533.031	413.7636	0.2286773	1.441142	4.916441
23676	-7121.044	-7533.824	412.7796	0.2633954	1.436066	5.41328
23682	-7129.804	-7543.135	413.3314	0.2633954	1.569493	5.034364
23688	-7115.151	-7529.393	414.2427	0.2507966	1.50492	4.579866
23694	-7125.865	-7540.124	414.2598	0.2421101	1.510717	4.579866
23700	-7115.886	-7529.85	413.9645	0.2263763	1.547689	4.74853
23706	-7112.554	-7527.127	414.573	0.2864165	1.48537	4.354746
23712	-7091.464	-7505.928	414.4636	0.2484921	1.506718	4.458082
23718	-7102.334	-7516.278	413.9435	0.2415606	1.506718	4.760047
23724	-7116.093	-7528.959	412.8663	0.2462667	1.396421	5.411716
23730	-7112.457	-7525.118	412.6608	0.2907416	1.366991	5.479776
23736	-7120.096	-7534.862	414.766	0.278666	1.519819	4.236655
23742	-7112.709	-7526.015	413.3056	0.2914713	1.503063	5.047358
23748	-7106.695	-7520.39	413.6957	0.2554479	1.451108	4.908965
23754	-7111.672	-7524.998	413.3256	0.2737864	1.528316	5.046009
23760	-7138.97	-7552.9	413.9301	0.2404193	1.502223	4.771782
23766	-7124.679	-7539.344	414.6652	0.2688564	1.633478	4.243099
23772	-7132.342	-7545.448	413.1066	0.2823906	1.425058	5.212883
23778	-7116.134	-7529.605	413.4709	0.2260093	1.389882	5.111603
23784	-7114.201	-7526.196	411.9952	0.2812823	1.380616	5.849786
23790	-7110.048	-7522.402	412.3547	0.2550646	1.370375	5.694555
23796	-7108.302	-7521.337	413.0353	0.2439365	1.418695	5.309645
23802	-7102.593	-7515.448	412.8557	0.2702552	1.384323	5.390359
23808	-7108.774	-7520.936	412.1623	0.2508081	1.291234	5.849248
23814	-7104.752	-7516.773	412.0207	0.2571508	1.416382	5.849248
23820	-7109.269	-7522.292	413.0223	0.2571508	1.403357	5.306225
23826	-7112.018	-7526.106	414.0882	0.2586464	1.446885	4.687622
23832	-7099.428	-7512.15	412.7219	0.2501843	1.40022	5.483471
23838	-7111.707	-7524.903	413.1958	0.2456853	1.426585	5.214044
23844	-7113.725	-7528.744	415.019	0.2425461	1.568958	4.117349
23850	-7104.917	-7519.774	414.8571	0.2675167	1.568958	4.172755
23856	-7111.684	-7526.184	414.4994	0.2573228	1.559496	4.395221
23862	-7124.79	-7539.879	415.089	0.2368652	1.572554	4.084114
23868	-7119.089	-7534.39	415.3011	0.2368652	1.727832	3.874024
23874	-7102.398	-7516.531	414.1326	0.2188735	1.508843	4.687998
23880	-7105.788	-7520.534	414.7461	0.2543881	1.570628	4.253747
23886	-7128.758	-7542.808	414.0496	0.2611861	1.53045	4.658816
23892	-7134.709	-7548.059	413.3498	0.2681142	1.528357	5.040391
23898	-7137.901	-7551.147	413.2457	0.2536129	1.505994	5.131015
23904	-7121.857	-7535.591	413.7343	0.2267854	1.48168	4.913115
23910	-7104.384	-7517.711	413.3275	0.2396735	1.428472	5.148998
23916	-7122.737	-7536.234	413.4974	0.2877798	1.427429	4.987743
23922	-7124.07	-7537.315	413.2455	0.2191125	1.511679	5.179663
23928	-7144.252	-7555.515	411.2624	0.2512282	1.366501	6.297934
23934	-7127.853	-7541.847	413.9938	0.2398046	1.478792	4.750193
23940	-7127.059	-7540.504	413.4447	0.2199809	1.504767	5.071753
23946	-7108.249	-7522.845	414.5963	0.2469305	1.496979	4.39106
23952	-7112.714	-7526.394	413.68	0.2615341	1.484593	4.890346
23958	-7118.566	-7529.874	411.3082	0.2682851	1.340987	6.263283
23964	-7120.724	-7535.976	415.252	0.2423858	1.572701	3.982563
23970	-7124.685	-7537.813	413.1279	0.2616723	1.490892	5.193132
23976	-7120.674	-7534.899	414.2249	0.2549336	1.494233	4.58983
23982	-7126.876	-7539.994	413.1175	0.263177	1.446826	5.221162
23988	-7120.857	-7534.53	413.6727	0.2410539	1.573501	4.874654
23994	-7111.918	-7525.73	413.8125	0.2372684	1.443812	4.874654
24000	-7098.477	-7511.584	413.1069	0.2838422	1.443812	5.200437
24006	-7100.304	-7513.387	413.0829	0.2525636	1.411788	5.274652
24012	-7116.326	-7529.72	413.3937	0.254399	1.485979	5.058893
24018	-7112.094	-7524.845	412.7506	0.2356753	1.506269	5.430527
24024	-7105.93	-7520.042	414.1128	0.2443583	1.565876	4.628042
24030	-7106.486	-7521.16	414.6742	0.2269687	1.675827	4.276418
24036	-7091.533	-7505.216	413.6833	0.2541679	1.547163	4.864173
24042	-7100.023	-7512.711	412.6882	0.2541679	1.403996	5.494205
24048	-7125.945	-7539.462	413.5165	0.2165255	1.542559	5.016367
24054	-7123.055	-7537.897	414.8415	0.2383258	1.6364	4.186313
24060	-7122.174	-7535.037	412.8632	0.2789281	1.437446	5.345119
24066	-7125.628	-7538.256	412.6276	0.2233336	1.392273	5.579547
24072	-7125.588	-7539.221	413.6338	0.2410181	1.576181	4.894848
24078	-7112.419	-7525.909	413.4891	0.2481713	1.520372	4.99587
24084	-7138.777	-7554.439	415.6622	0.2650908	1.604607	3.694579
24090	-7137.002	-7548.928	411.9259	0.2489239	1.371342	5.93731
24096	-7108.563	-7520.4	411.8371	0.2284907	1.390366	6.005357
24102	-7102.217	-7515.077	412.8596	0.2569373	1.395237	5.400769
24108	-7103.67	-7516.434	412.7634	0.2487253	1.460312	5.429642
24114	-7093.917	-7508.28	414.3634	0.2581892	1.560232	4.470191
24120	-7116.599	-7530.209	413.6097	0.2445892	1.487006	4.952591
24126	-7100.158	-7514.098	413.9398	0.2417651	1.487006	4.772841
24132	-7097.702	-7512.266	414.5644	0.2239249	1.533971	4.423364
24138	-7109.486	-7524.245	414.7593	0.2312809	1.507065	4.31706
24144	-7114.632	-7528.876	414.2433	0.2308189	1.511287	4.605954
24150	-7111.844	-7525.61	413.7664	0.2695217	1.567387	4.784795
24156	-7122.495	-7536.081	413.5858	0.2476074	1.474302	4.968517
24162	-7140.71	-7552.489	411.7794	0.2476074	1.398981	6.004066
24168	-7124.825	-7537.473	412.6473	0.2417027	1.403504	5.535
24174	-7145.87	-7557.97	412.0994	0.2400566	1.467446	5.80281
24180	-7116.379	-7529.604	413.2252	0.2743745	1.455932	5.141042
24186	-7125.51	-7539.981	414.4708	0.28144	1.569332	4.37183
24192	-7127.328	-7542.457	415.1284	0.2705712	1.529404	4.036427
24198	-7126.413	-7541.729	415.3158	0.2329116	1.562007	3.96681
24204	-7138.982	-7553.21	414.2283	0.2360565	1.487017	4.619954
24210	-7131.659	-7546.623	414.9645	0.2360565	1.621282	4.128496
24216	-7122.952	-7537.754	414.8027	0.2414865	1.552344	4.25121
24222	-7111.615	-7525.843	414.2285	0.2475434	1.523964	4.58196
24228	-7109.002	-7523.518	414.5161	0.2397342	1.62513	4.374802
24234	-7117.289	-7531.51	414.2209	0.2367323	1.604479	4.557193
24240	-7120.195	-7535.423	415.2279	0.2572952	1.64742	3.931262
24246	-7111.929	-7527.046	415.1166	0.2591283	1.637932	3.997672
24252	-7124.582	-7539.666	415.0845	0.2515169	1.68972	3.997672
24258	-7113.749	-7528.643	414.8936	0.2449134	1.529207	4.207621
24264	-7124.879	-7537.892	413.0129	0.2421921	1.326988	5.375126
24270	-7128.059	-7540.536	412.4775	0.2619253	1.439226	5.579767
24276	-7115.958	-7529.507	413.5487	0.2257855	1.438161	5.042019
24282	-7121.613	-7535.889	414.2754	0.2588835	1.509325	4.547341
24288	-7123.982	-7537.701	413.7188	0.2133584	1.472668	4.947831
24294	-7121.521	-7534.718	413.1967	0.2513877	1.404606	5.217418
24300	-7127.815	-7541.729	413.9139	0.2745739	1.486526	4.740558
24306	-7120.795	-7535.716	414.9207	0.2591096	1.599281	4.13145
24312	-7125.566	-7539.845	414.2785	0.2184735	1.421417	4.65592
24318	-7113.693	-7527.766	414.0726	0.2632537	1.399361	4.716408
24324	-7108.813	-7522.909	414.0958	0.2757621	1.484898	4.638052
24330	-7098.005	-7512.013	414.0084	0.2073636	1.445671	4.811238
24336	-7137.4	-7552.341	414.9407	0.2449471	1.534787	4.177678
24342	-7139.285	-7553.453	414.1675	0.2257843	1.485892	4.67048
24348	-7129.197	-7542.135	412.938	0.2900821	1.475716	5.267879
24354	-7110.758	-7526.078	415.3203	0.2779006	1.608733	3.87087
24360	-7127.562	-7544.315	416.7525	0.2199583	1.75286	3.037529
24366	-7144.628	-7561.24	416.6123	0.264001	1.75286	3.051062
24372	-7126.573	-7541.96	415.387	0.2449015	1.635414	3.865413
24378	-7120.638	-7537.526	416.8881	0.2711462	1.882491	2.795668
24384	-7121.348	-7538.353	417.0045	0.2481546	1.816028	2.801056
24390	-7113.697	-7530.676	416.9786	0.2381007	1.773201	2.858996
24396	-7106.644	-7523.429	416.7854	0.2381007	1.807235	2.955118
24402	-7103.544	-7520.141	416.5976	0.2313023	1.807235	3.078746
24408	-7125.281	-7542.008	416.7272	0.2571952	1.807235	2.959958
24414	-7105.601	-7518.273	412.6713	0.2609992	1.392878	5.499975
24420	-7101.171	-7513.725	412.5533	0.2437288	1.449835	5.558205
24426	-7099.181	-7512.068	412.8876	0.2529069	1.397264	5.389961
24432	-7106.96	-7521.065	414.1046	0.2936629	1.578401	4.556441
24438	-7104.025	-7518.521	414.4963	0.2936629	1.476569	4.39329
24444	-7121.467	-7534.786	413.3183	0.2471912	1.466791	5.121782
24450	-7121.432	-7535.495	414.0627	0.2443097	1.521584	4.680984
24456	-7110.257	-7524.29	414.0333	0.2300594	1.558455	4.698364
24462	-7113.607	-7528.962	415.3547	0.2677489	1.558455	3.894352
24468	-7120.862	-7535.436	414.5735	0.2712599	1.464244	4.387285
24474	-7138.187	-7552.516	414.329	0.2487586	1.476631	4.550306
24480	-7139.888	-7555.644	415.7563	0.2459889	1.653677	3.640206
24486	-7152.836	-7568.553	415.7168	0.2459889	1.693138	3.640206
24492	-7124.248	-7539.249	415.0014	0.2459889	1.661333	4.069586
24498	-7127.81	-7541.647	413.8377	0.2418339	1.528196	4.806739
24504	-7127.415	-7541.583	414.1685	0.2276647	1.507699	4.65478
24510	-7146.91	-7562.488	415.5779	0.2261719	1.646054	3.77873
24516	-7132.423	-7547.082	414.6583	0.2524941	1.61328	4.282084
24522	-7120.164	-7534.297	414.133	0.2450054	1.472654	4.667981
24528	-7106.598	-7520.174	413.5759	0.2688391	1.489156	4.935508
24534	-7137.156	-7553.181	416.0248	0.2428823	1.556854	3.545283
24540	-7117.453	-7533.824	416.3711	0.2883276	1.661141	3.213585
24546	-7109.44	-7525.599	416.1594	0.2378612	1.661141	3.41363
24552	-7108.982	-7525.027	416.0445	0.2459103	1.656253	3.471122
24558	-7114.713	-7530.693	415.98	0.2730378	1.65149	3.471122
24564	-7107.807	-7520.648	412.8406	0.2698924	1.478546	5.347243
24570	-7123.928	-7539.139	415.2113	0.2612565	1.547812	3.991944
24576	-7117.518	-7533.63	416.1114	0.2336513	1.628108	3.467669
24582	-7109.113	-7525.033	415.9197	0.2212834	1.553685	3.642468
24588	-7119.042	-7533.741	414.6988	0.2403893	1.492223	4.345683
24594	-7107.835	-7522.63	414.7943	0.2249269	1.518426	4.300731
24600	-7097.678	-7512.213	414.535	0.2387427	1.592125	4.384259
24606	-7108.503	-7524.284	415.7806	0.2231241	1.567599	3.711896
24612	-7110.162	-7525.571	415.4082	0.2053581	1.55352	3.963454
24618	-7108.644	-7524.147	415.503	0.236654	1.56548	3.851613
24624	-7114.27	-7529.284	415.014	0.2259715	1.622986	4.115136
24630	-7106.735	-7522.65	415.9149	0.2268699	1.628928	3.59255
24636	-7115.909	-7531.755	415.8461	0.2622043	1.604012	3.59255
24642	-7130.091	-7544.148	414.0569	0.2549585	1.537026	4.660001
24648	-7132.77	-7544.685	411.9153	0.2545303	1.334633	5.955155
24654	-7133.461	-7545.538	412.0769	0.2453665	1.460799	5.811016
24660	-7161.604	-7577.526	415.9216	0.2361185	1.557105	3.615639
24666	-7139.497	-7555.662	416.1641	0.2345532	1.74602	3.366314
24672	-7132.458	-7544.784	412.3263	0.2650276	1.345805	5.709638
24678	-7143.714	-7555.018	411.3043	0.2353651	1.3685	6.297001
24684	-7143.806	-7556.73	412.9238	0.2498783	1.474601	5.331662
24690	-7128.284	-7542.035	413.7514	0.269594	1.424087	4.873014
24696	-7130.919	-7542.718	411.7988	0.2497506	1.387258	5.996806
24702	-7114.868	-7526.457	411.5898	0.2453778	1.387444	6.116884
24708	-7121.466	-7534.089	412.6233	0.2414683	1.377386	5.562862
24714	-7104.374	-7517.191	412.8171	0.2601719	1.455894	5.386182
24720	-7111.993	-7526.845	414.8519	0.2377922	1.506774	4.254784
24726	-7109.023	-7524.246	415.2229	0.284457	1.568527	3.940607
24732	-7116.252	-7530.337	414.085	0.284457	1.548303	4.596708
24738	-7098.519	-7511.926	413.4071	0.2759251	1.537711	4.992644
24744	-7100.499	-7514.11	413.6103	0.2533896	1.453471	4.958103
24750	-7112.556	-7524.732	412.1762	0.2439421	1.396298	5.794042
24756	-7157.723	-7568.655	410.932	0.2890686	1.309502	6.456975
24762	-7133.183	-7546.525	413.3415	0.2246762	1.416304	5.170654
24768	-7123.345	-7537.617	414.272	0.2614265	1.494199	4.554065
24774	-7127.245	-7541.35	414.105	0.2619136	1.474683	4.657975
24780	-7115.236	-7528.17	412.9337	0.2619136	1.560226	5.261817
24786	-7113.808	-7527.874	414.0653	0.2208851	1.480514	4.738312
24792	-7105.362	-7519.576	414.2131	0.2283433	1.485346	4.641226
24798	-7110.45	-7525.377	414.927	0.2290471	1.586026	4.180717
24804	-7114.759	-7529.29	414.5313	0.2929058	1.545542	4.335595
24810	-7113.398	-7527.234	413.8358	0.2663635	1.490351	4.793455
24816	-7106.311	-7518.415	412.1034	0.2472457	1.348636	5.855132
24822	-7109.94	-7524.026	414.086	0.2768102	1.54159	4.610293
24828	-7114.824	-7530.573	415.7493	0.2609347	1.691301	3.59993
24834	-7119.614	-7535.425	415.811	0.2437007	1.619012	3.632082
24840	-7121.982	-7537.881	415.8996	0.2582761	1.664786	3.531913
24846	-7119.066	-7535.131	416.0651	0.2783241	1.616697	3.434077
24852	-7145.415	-7559.865	414.45	0.2577263	1.483055	4.465566
24858	-7143.041	-7556.824	413.783	0.2847409	1.470978	4.808542
24864	-7135.154	-7548.976	413.8222	0.2623954	1.486942	4.808542
24870	-7127.851	-7543.513	415.6619	0.2603254	1.60129	3.703604
24876	-7124.392	-7540.208	415.8162	0.2639772	1.70237	3.550125
24882	-7112.348	-7528.397	416.0494	0.2732998	1.707932	3.397093
24888	-7129.103	-7544.673	415.57	0.2732998	1.653766	3.707568
24894	-7135.151	-7549.417	414.2654	0.2416719	1.525963	4.568821
24900	-7128.947	-7540.925	411.9783	0.2056312	1.515835	5.895373
24906	-7115.848	-7527.179	411.3312	0.192923	1.37473	6.345254
24912	-7127.268	-7541.767	414.4988	0.2533263	1.538697	4.413099
24918	-7138.296	-7551.572	413.2754	0.2709925	1.442777	5.12515
24924	-7107.813	-7520.606	412.7929	0.2168329	1.513278	5.432227
24930	-7152.661	-7567.723	415.0615	0.2235615	1.541558	4.138238
24936	-7133.804	-7548.719	414.9144	0.2214718	1.502516	4.247246
24942	-7112.808	-7528.636	415.8276	0.2326158	1.640654	3.627212
24948	-7114.478	-7530.491	416.0132	0.2129396	1.646944	3.547813
24954	-7123.155	-7539.071	415.9158	0.228802	1.645832	3.579113
24960	-7126.828	-7542.904	416.0763	0.2264889	1.626277	3.500767
24966	-7124.363	-7539.737	415.3742	0.2372152	1.663572	3.868427
24972	-7125.355	-7541.152	415.7966	0.2934579	1.671044	3.537854
24978	-7132.422	-7548.617	416.1949	0.2737781	1.663964	3.336766
24984	-7123.787	-7538.475	414.6879	0.2578625	1.572436	4.280608
24990	-7123.884	-7539.141	415.257	0.2576567	1.599833	3.941335
24996	-7124.819	-7539.709	414.8906	0.23482	1.619393	4.173479
25002	-7126.499	-7540.95	414.4513	0.2574748	1.554789	4.424799
25008	-7118.03	-7531.897	413.8675	0.2812181	1.514899	4.74158
25014	-7125.487	-7540.12	414.6323	0.3059947	1.658616	4.19703
25020	-7115.1	-7530.683	415.5828	0.2371912	1.643011	3.760266
25026	-7127.455	-7542.731	415.2759	0.2557914	1.630709	3.91554
25032	-7130.151	-7545.76	415.6096	0.2399695	1.604016	3.762986
25038	-7120.812	-7535.816	415.0038	0.2380822	1.589186	4.12129
25044	-7126.75	-7542.671	415.921	0.2448569	1.742894	3.494261
25050	-7121.883	-7537.982	416.0982	0.2179577	1.639431	3.494261
25056	-7109.306	-7525.797	416.4908	0.2584846	1.738878	3.140225
25062	-7122.537	-7538.416	415.8784	0.2866181	1.672926	3.498566
25068	-7144.557	-7559.805	415.248	0.2771881	1.61378	3.910426
25074	-7119.812	-7535.621	415.8084	0.2652845	1.696672	3.556072
25080	-7105.943	-7521.733	415.79	0.2845056	1.667754	3.556072
25086	-7100.895	-7515.712	414.8166	0.2354724	1.541192	4.258833
25092	-7110.961	-7526.417	415.4559	0.2549978	1.606529	3.827255
25098	-7125.593	-7540.327	414.7345	0.2661623	1.606529	4.222938
25104	-7126.108	-7537.971	411.8624	0.2135242	1.442887	5.985952
25110	-7128.516	-7539.708	411.1918	0.2586958	1.405167	6.304829
25116	-7132.088	-7544.459	412.3708	0.2314984	1.365401	5.722754
25122	-7120.066	-7533.687	413.6216	0.2571421	1.466816	4.939002
25128	-7132.814	-7547.676	414.8621	0.2571421	1.596422	4.169247
25134	-7107.962	-7522.659	414.6974	0.2476763	1.569	4.292132
25140	-7131.119	-7545.309	414.1897	0.258712	1.574496	4.55911
25146	-7133.279	-7547.763	414.4839	0.2306085	1.494485	4.480528
25152	-7112.524	-7525.71	413.1865	0.2727381	1.42467	5.182015
25158	-7105.001	-7517.984	412.9833	0.2669601	1.41472	5.307764
25164	-7124.894	-7537.668	412.7743	0.2961372	1.45063	5.364198
25170	-7122.897	-7537.292	414.3948	0.2859478	1.450258	4.475689
25176	-7128.015	-7542.965	414.9503	0.3001036	1.597693	4.058568
25182	-7132.449	-7547.713	415.2647	0.2921145	1.656605	3.855641
25188	-7125.494	-7540.724	415.2294	0.2921145	1.644903	3.882612
25194	-7134.14	-7549.219	415.0787	0.237971	1.55381	4.098982
25200	-7107.675	-7523.865	416.1903	0.2437298	1.657042	3.388695
25206	-7116.661	-7533.325	416.6638	0.2202274	1.746372	3.093943
25212	-7129.528	-7546.104	416.5755	0.2229414	1.764321	3.131335
25218	-7125.991	-7542.969	416.9789	0.2283174	1.774508	2.8742
25224	-7115.705	-7529.974	414.2693	0.2231614	1.600191	4.553394
25230	-7121.966	-7536.361	414.3948	0.2168483	1.540939	4.52616
25236	-7133.221	-7547.466	414.2458	0.2160718	1.474893	4.648099
25242	-7132.456	-7547.413	414.9563	0.224896	1.637288	4.141518
25248	-7137.555	-7552.469	414.9138	0.2235564	1.683539	4.141518
25254	-7127.116	-7542.594	415.4777	0.2458104	1.64977	3.803626
25260	-7121.031	-7535.895	414.8643	0.2719291	1.546665	4.175077
25266	-7123.812	-7537.72	413.9084	0.2511565	1.469111	4.786512
25272	-7108.347	-7523.48	415.1325	0.2269261	1.594118	4.062521
25278	-7117.379	-7531.934	414.5549	0.2574384	1.601523	4.339973
25284	-7115.328	-7530.02	414.6921	0.2491412	1.505907	4.328663
25290	-7115.331	-7530.456	415.1245	0.2679149	1.623528	3.988703
25296	-7109.719	-7524.873	415.1541	0.2606458	1.523335	4.039529
25302	-7127.565	-7540.838	413.273	0.2606458	1.534968	5.089802
25308	-7139.273	-7552.521	413.2478	0.2606458	1.51953	5.112343
25314	-7143.87	-7559.247	415.3774	0.2504761	1.648088	3.855254
25320	-7133.672	-7548.264	414.5924	0.2612855	1.638833	4.292101
25326	-7122.96	-7538.28	415.3192	0.2453941	1.620701	3.912014
25332	-7114.561	-7530.352	415.7903	0.2248134	1.620701	3.672862
25338	-7120.021	-7535.891	415.8693	0.2507514	1.586285	3.606506
25344	-7114.444	-7527.82	413.3765	0.2507514	1.497802	5.067148
25350	-7109.63	-7524.518	414.8884	0.2394633	1.512469	4.228299
25356	-7135.19	-7550.063	414.8734	0.2565168	1.482641	4.228299
25362	-7129.637	-7544.517	414.8803	0.2495167	1.540521	4.201897
25368	-7131.621	-7546.763	415.1423	0.2382042	1.63534	4.015836
25374	-7119.161	-7535.812	416.6512	0.2283777	1.777741	3.069149
25380	-7118.854	-7535.391	416.5371	0.2690845	1.785025	3.069149
25386	-7121.537	-7537.457	415.9207	0.2426232	1.777065	3.477958
25392	-7146.255	-7562.812	416.5574	0.2508769	1.786253	3.08406
25398	-7136.17	-7553.012	416.8418	0.241324	1.776726	2.934353
25404	-7114.966	-7529.422	414.4558	0.2496794	1.474781	4.478685
25410	-7144.565	-7560.299	415.7332	0.2173268	1.572988	3.745644
25416	-7137.91	-7552.248	414.3382	0.293521	1.510714	4.463352
25422	-7127.37	-7542.849	415.4788	0.2549664	1.576428	3.831478
25428	-7136.48	-7551.088	414.6074	0.2579307	1.50993	4.361332
25434	-7130.5	-7545.109	414.6088	0.2579307	1.537417	4.345029
25440	-7114.196	-7527.952	413.7556	0.2521107	1.485503	4.861224
25446	-7115.086	-7531.125	416.0391	0.2429683	1.723084	3.439785
25452	-7123.529	-7539.502	415.9732	0.2580277	1.732422	3.449855
25458	-7116.805	-7533.293	416.4882	0.2251455	1.732422	3.198424
25464	-7116.092	-7529.857	413.7648	0.2717634	1.468052	4.83799
25470	-7122.312	-7535.767	413.4557	0.2282137	1.488391	5.06198
25476	-7110.439	-7522.76	412.3201	0.2282137	1.336592	5.771254
25482	-7105.269	-7521.198	415.9296	0.2530122	1.658839	3.525803
25488	-7114.889	-7530.828	415.9392	0.2858699	1.676146	3.46225
25494	-7122.847	-7538.817	415.9698	0.2422845	1.668898	3.512928
25500	-7137.397	-7551.238	413.8416	0.2943953	1.361	4.824355
25506	-7139.546	-7553.398	413.8517	0.2670386	1.41744	4.824355
25512	-7138.545	-7551.945	413.3997	0.2625386	1.434206	5.072758
25518	-7127.459	-7540.953	413.4939	0.2241924	1.399137	5.096494
25524	-7123.227	-7538.609	415.3821	0.2465818	1.616786	3.876415
25530	-7116.85	-7528.899	412.0487	0.2545115	1.336406	5.881373
25536	-7116.981	-7530.766	413.7855	0.2467902	1.459192	4.867023
25542	-7125.931	-7539.096	413.1643	0.2731843	1.501212	5.151269
25548	-7123.329	-7536.484	413.1545	0.2731843	1.422436	5.200307
25554	-7112.65	-7526.162	413.512	0.2271339	1.396779	5.083253
25560	-7109	-7525.021	416.0215	0.2539059	1.628686	3.488444
25566	-7108.557	-7524.161	415.6036	0.2539059	1.573199	3.763013
25572	-7112.683	-7526.792	414.1088	0.2533911	1.396299	4.711999
25578	-7115.648	-7530.388	414.7398	0.2533911	1.509491	4.293359
25584	-7138.419	-7553.095	414.6763	0.2326877	1.528133	4.349892
25590	-7132.298	-7547.304	415.0065	0.2669817	1.528133	4.11174
25596	-7124.821	-7539.388	414.5662	0.267309	1.515255	4.36818
25602	-7122.104	-7536.22	414.1158	0.272144	1.496928	4.625111
25608	-7116.893	-7532.419	415.5261	0.272144	1.631819	3.747274
25614	-7136.601	-7550.042	413.4411	0.2501638	1.435098	5.066955
25620	-7120.248	-7533.891	413.6421	0.2442349	1.458061	4.951199
25626	-7117.887	-7529.675	411.7876	0.2120755	1.371967	6.067637
25632	-7141.649	-7556.034	414.3848	0.2616793	1.637797	4.409414
25638	-7135.227	-7549.83	414.6031	0.2252631	1.536917	4.397778
25644	-7131.875	-7546.491	414.6167	0.2345361	1.50066	4.396163
25650	-7108.306	-7522.481	414.1741	0.2438152	1.428798	4.6713
25656	-7124.599	-7537.498	412.8984	0.2571025	1.380663	5.387176
25662	-7114.845	-7527.835	412.9904	0.2550066	1.411458	5.322428
25668	-7122.187	-7535.755	413.5685	0.2380304	1.481982	4.988075
25674	-7114.038	-7528.691	414.6532	0.2556697	1.578612	4.299913
25680	-7123.966	-7540.467	416.5014	0.2296438	1.67107	3.219562
25686	-7115.173	-7531.499	416.3263	0.2470487	1.718622	3.267275
25692	-7108.233	-7524.566	416.3324	0.2470487	1.712501	3.267275
25698	-7114.867	-7530.103	415.2357	0.2652188	1.653503	3.911764
25704	-7109.324	-7523.801	414.4769	0.2652188	1.499352	4.430504
25710	-7111.106	-7526.191	415.0855	0.2232088	1.489876	4.154547
25716	-7120.821	-7536.018	415.1973	0.2537255	1.538436	4.016381
25722	-7109.291	-7524.203	414.9122	0.2525588	1.597178	4.147074
25728	-7121.791	-7535.319	413.5279	0.2455671	1.529842	4.972823
25734	-7133.929	-7546.452	412.5235	0.2881495	1.398238	5.541489
25740	-7130.471	-7543.112	412.6409	0.27166	1.398098	5.499099
25746	-7133.123	-7545.474	412.3517	0.2671679	1.372361	5.678187
25752	-7113.891	-7527.469	413.578	0.2705754	1.456903	4.949914
25758	-7109.755	-7524.07	414.3148	0.2956791	1.452166	4.506618
25764	-7098.122	-7512.292	414.1693	0.2759419	1.521183	4.576217
25770	-7123.708	-7538.578	414.8704	0.2354918	1.643149	4.170435
25776	-7116.451	-7530.357	413.9066	0.2397429	1.583021	4.740773
25782	-7124.401	-7538.225	413.8239	0.2313755	1.520242	4.834619
25788	-7112.949	-7524.714	411.7642	0.2387403	1.402601	6.023214
25794	-7111.818	-7524.912	413.0945	0.2661361	1.402601	5.254153
25800	-7118.825	-7532.969	414.1439	0.2436634	1.432973	4.686129
25806	-7113.753	-7527.579	413.8256	0.2654683	1.493203	4.798843
25812	-7128.54	-7541.535	412.9947	0.2577466	1.436246	5.302485
25818	-7118.4	-7532.032	413.6313	0.2720424	1.479725	4.905512
25824	-7143.858	-7557.223	413.3659	0.2856048	1.44865	5.051904
25830	-7126.528	-7540.331	413.8037	0.3269787	1.467824	4.744416
25836	-7122.84	-7535.531	412.6911	0.2405034	1.317476	5.559965
25842	-7143.64	-7558.149	414.509	0.2558666	1.492222	4.429857
25848	-7158.088	-7572.487	414.3991	0.2929304	1.510618	4.429857
25854	-7132.351	-7546.76	414.4091	0.2413965	1.470915	4.519457
25860	-7132.497	-7546.446	413.9495	0.2265641	1.434505	4.819811
25866	-7128.41	-7543.083	414.6732	0.249436	1.550318	4.3138
25872	-7107.83	-7521.719	413.8899	0.2249027	1.506917	4.815265
25878	-7111.344	-7525.203	413.8582	0.2269353	1.532937	4.815265
25884	-7124.099	-7539.515	415.4159	0.3164169	1.708088	3.706506
25890	-7134.295	-7550.047	415.7525	0.2432108	1.70589	3.6164
25896	-7114.793	-7531.101	416.3074	0.2576715	1.7613	3.236932
25902	-7111.964	-7528.578	416.6132	0.2705294	1.753797	3.04015
25908	-7130.499	-7547.127	416.6282	0.2809832	1.742008	3.022893
25914	-7133.484	-7548.952	415.4675	0.2870724	1.547623	3.808592
25920	-7121.529	-7536.556	415.0265	0.2160204	1.638585	4.115071
25926	-7128.688	-7543.694	415.0057	0.2241911	1.66593	4.098218
25932	-7111.782	-7526.813	415.0318	0.2214325	1.647577	4.098218
25938	-7120.185	-7535.126	414.9411	0.2554443	1.620253	4.113239
25944	-7126.526	-7541.596	415.07	0.2273945	1.566371	4.113239
25950	-7111.518	-7526.874	415.3555	0.2309029	1.577904	3.938112
25956	-7119.529	-7534.455	414.9267	0.2566606	1.602417	4.129797
25962	-7131.862	-7547.111	415.2492	0.233968	1.588729	3.987918
25968	-7129.068	-7543.821	414.7535	0.2584873	1.642567	4.202775
25974	-7123.439	-7537.153	413.7135	0.2676509	1.504284	4.852119
25980	-7142.154	-7556.14	413.9857	0.3040218	1.589457	4.603379
25986	-7132.163	-7546.031	413.8686	0.287446	1.557647	4.708626
25992	-7125.237	-7538.067	412.8304	0.2589689	1.571727	5.316633
25998	-7100.365	-7514.53	414.1657	0.2436728	1.541357	4.613179
26004	-7108.026	-7522.981	414.9546	0.243156	1.4992	4.192689
26010	-7116.821	-7530.517	413.6963	0.2287878	1.437756	4.955612
26016	-7120.255	-7532.176	411.921	0.2287878	1.377442	5.966229
26022	-7123.137	-7536.385	413.2476	0.2529248	1.360334	5.21157
26028	-7126.441	-7539.62	413.1794	0.2502706	1.49858	5.176618
26034	-7122.133	-7536.299	414.1657	0.2266704	1.551895	4.633104
26040	-7125.049	-7541.29	416.2408	0.2930602	1.649691	3.29067
26046	-7134.981	-7551.055	416.0741	0.3205854	1.67311	3.337823
26052	-7137.255	-7550.932	413.6768	0.2719917	1.434225	4.905556
26058	-7122.155	-7536.579	414.4241	0.2482499	1.503121	4.482703
26064	-7108.671	-7521.911	413.2397	0.2343318	1.453178	5.191865
26070	-7105.288	-7518.719	413.4307	0.2650213	1.431888	5.053338
26076	-7120.496	-7533.909	413.4131	0.2650213	1.4495	5.053338
26082	-7098.73	-7513.059	414.3286	0.2684904	1.497141	4.510593
26088	-7109.201	-7524.386	415.1852	0.2733975	1.574705	3.974106
26094	-7136.17	-7552.512	416.3423	0.2355123	1.772513	3.244217
26100	-7116.627	-7531.164	414.5376	0.2463337	1.662993	4.331329
26106	-7119.761	-7534.372	414.6117	0.2406153	1.521465	4.378043
26112	-7127.136	-7541.752	414.6158	0.2683062	1.521465	4.335264
26118	-7123.947	-7538.803	414.856	0.2281317	1.52641	4.256295
26124	-7147.253	-7562.296	415.0432	0.2862671	1.574962	4.037208
26130	-7151.821	-7566.798	414.9774	0.2421652	1.504929	4.177986
26136	-7141.273	-7555.552	414.279	0.3088126	1.370349	4.555602
26142	-7122.281	-7538.431	416.15	0.2501987	1.684138	3.386443
26148	-7108.005	-7523.942	415.9368	0.2564316	1.619323	3.539464
26154	-7111.503	-7528.099	416.5962	0.2862164	1.697111	3.061327
26160	-7103.179	-7518.93	415.7512	0.2628367	1.670736	3.608004
26166	-7096.479	-7512.304	415.8246	0.2539889	1.622147	3.606705
26172	-7105.686	-7521.699	416.013	0.2996185	1.637176	3.422814
26178	-7101.063	-7517.962	416.899	0.2504951	1.844205	2.844291
26184	-7104.488	-7520.889	416.401	0.2192502	1.734664	3.258522
26190	-7122.315	-7538.65	416.3353	0.2317624	1.765485	3.258522
26196	-7122.373	-7538.355	415.9822	0.2317624	1.604157	3.56
26202	-7119.977	-7536.493	416.5163	0.2203795	1.612874	3.260436
26208	-7114.819	-7530.504	415.6843	0.2135223	1.640145	3.741359
26214	-7114.675	-7529.533	414.858	0.2310822	1.598616	4.209566
26220	-7111.317	-7526.308	414.9911	0.2136919	1.51433	4.209566
26226	-7102.249	-7517.16	414.9116	0.2496103	1.495455	4.209566
26232	-7121.297	-7533.795	412.4981	0.247778	1.337664	5.644245
26238	-7136.025	-7547.294	411.2687	0.237077	1.351019	6.323343
26244	-7103.852	-7518.73	414.8784	0.2510223	1.582068	4.17713
26250	-7125.935	-7539.117	413.1823	0.2540812	1.462233	5.189672
26256	-7120.805	-7535.739	414.9333	0.2340984	1.528723	4.201833
26262	-7115.516	-7528.869	413.3532	0.26754	1.41385	5.10284
26268	-7107.674	-7520.554	412.8802	0.26754	1.47851	5.328622
26274	-7125.997	-7540.016	414.0195	0.2849783	1.550395	4.631516
26280	-7128.767	-7543.175	414.4078	0.2525493	1.470916	4.50367
26286	-7136.57	-7550.79	414.2207	0.2266784	1.490041	4.63694
26292	-7139.988	-7552.897	412.9094	0.2585592	1.442951	5.344692
26298	-7132.068	-7544.256	412.1877	0.2440188	1.36504	5.804712
26304	-7121.764	-7535.793	414.0294	0.256285	1.529666	4.677583
26310	-7127.954	-7541.748	413.7945	0.2756209	1.451767	4.825223
26316	-7110.845	-7525.346	414.5015	0.2710185	1.632786	4.333129
26322	-7127.117	-7541.124	414.0077	0.2934311	1.37004	4.727794
26328	-7113.214	-7527.139	413.9246	0.2934311	1.453187	4.727794
26334	-7116.552	-7532.16	415.6075	0.2697719	1.666038	3.68387
26340	-7111.539	-7526.858	415.3194	0.3234659	1.578588	3.827709
26346	-7112.043	-7525.996	413.9528	0.2842246	1.506656	4.69438
26352	-7120.092	-7533.733	413.6406	0.2812097	1.508563	4.871762
26358	-7129.243	-7544.113	414.8693	0.2448814	1.671365	4.140723
26364	-7117.239	-7531.77	414.531	0.3132888	1.505148	4.33189
26370	-7102.514	-7516.642	414.1282	0.2810513	1.511804	4.59754
26376	-7133.594	-7548.999	415.4056	0.2734126	1.550805	3.861471
26382	-7130.888	-7543.058	412.1702	0.2771164	1.39336	5.752637
26388	-7130.296	-7542.506	412.2107	0.2771164	1.358264	5.749653
26394	-7142.804	-7556.337	413.533	0.2597072	1.457695	4.989688
26400	-7129.767	-7545.187	415.4198	0.2375903	1.649344	3.849777
26406	-7117.576	-7532.795	415.2193	0.2572282	1.611257	3.956999
26412	-7123.116	-7538.775	415.6592	0.2694834	1.624044	3.67869
26418	-7129.644	-7545.078	415.4343	0.2511841	1.614218	3.840965
26424	-7126.733	-7539.169	412.4365	0.279238	1.450187	5.572599
26430	-7113.154	-7525.729	412.5758	0.2504996	1.383376	5.572599
26436	-7126.16	-7539.001	412.8403	0.2995943	1.382094	5.361121
26442	-7120.32	-7535.852	415.5318	0.2627384	1.693273	3.722136
26448	-7106.403	-7522.028	415.6253	0.2732103	1.707237	3.644756
26454	-7115.939	-7531.574	415.6351	0.2385372	1.786878	3.644756
26460	-7125.092	-7539.914	414.8223	0.2148068	1.542933	4.287248
26466	-7117.67	-7531.902	414.2326	0.2578361	1.45195	4.605078
26472	-7126.02	-7540.9	414.8807	0.2337773	1.491709	4.253181
26478	-7127.308	-7541.742	414.4339	0.2715399	1.457197	4.469552
26484	-7119.769	-7533.626	413.8571	0.2340382	1.486627	4.830799
26490	-7122.995	-7536.501	413.5062	0.2585438	1.448507	5.011366
26496	-7120.724	-7533.379	412.6548	0.2320591	1.517466	5.482539
26502	-7130.25	-7547.668	417.4183	0.2339401	1.955979	2.48288
26508	-7140.715	-7558.307	417.5914	0.2244777	1.941642	2.399427
26514	-7126.589	-7544.019	417.4307	0.2359299	1.909124	2.501072
26520	-7134.424	-7551.756	417.3312	0.2512372	1.834912	2.583845
26526	-7136.894	-7554.385	417.491	0.2509649	2.024019	2.365666
26532	-7118.873	-7531.016	412.1423	0.2806205	1.361047	5.780914
26538	-7105.571	-7518.385	412.8137	0.2841104	1.391785	5.390686
26544	-7132.906	-7545.547	412.6407	0.3006951	1.386771	5.467073
26550	-7106.849	-7520.663	413.8139	0.2441849	1.472515	4.847581
26556	-7117.073	-7531.487	414.4146	0.2440392	1.563929	4.46005
26562	-7122.681	-7536.652	413.971	0.2708977	1.39983	4.762196
26568	-7116.94	-7529.836	412.8959	0.2824585	1.407083	5.339119
26574	-7135.528	-7548.02	412.4922	0.2649592	1.508558	5.529338
26580	-7146.856	-7562.541	415.6854	0.3034461	1.534445	3.668166
26586	-7117.731	-7532.545	414.8139	0.2965046	1.539427	4.174097
26592	-7122.17	-7537.045	414.8757	0.283251	1.509264	4.174097
26598	-7121.558	-7536.377	414.8192	0.3212383	1.515382	4.15263
26604	-7116.345	-7532.429	416.0847	0.2824992	1.689553	3.373962
26610	-7128.461	-7544.558	416.0971	0.2774129	1.689553	3.373962
26616	-7128.747	-7544.233	415.4858	0.2393833	1.598407	3.838402
26622	-7106.054	-7521.049	414.9944	0.239718	1.639412	4.095553
26628	-7117.373	-7532.722	415.3495	0.2287161	1.635751	3.911864
26634	-7122.085	-7536.877	414.7916	0.261493	1.594042	4.204304
26640	-7115.819	-7530.165	414.3457	0.2335501	1.491886	4.555183
26646	-7119.302	-7532.941	413.639	0.3056499	1.466135	4.864102
26652	-7123.728	-7537.691	413.9631	0.2890575	1.480965	4.696537
26658	-7107.373	-7520.261	412.8882	0.2540023	1.610604	5.270331
26664	-7110.081	-7522.941	412.8596	0.2236627	1.470382	5.408461
26670	-7116.888	-7531.481	414.5935	0.2413325	1.619818	4.331634
26676	-7126.684	-7542.389	415.7056	0.2137708	1.600979	3.751241
26682	-7105.783	-7519.916	414.1334	0.2410166	1.541605	4.635085
26688	-7121.157	-7535.771	414.6145	0.2202407	1.51348	4.41253
26694	-7109.041	-7522.858	413.8169	0.2594824	1.516635	4.79911
26700	-7099.008	-7512.873	413.8652	0.229379	1.548133	4.79911
26706	-7108.169	-7521.959	413.7898	0.232972	1.613621	4.79911
26712	-7115.685	-7529.27	413.5844	0.2351943	1.467305	4.991652
26718	-7100.35	-7513.941	413.5906	0.2379496	1.453612	4.991652
26724	-7105.91	-7517.594	411.6841	0.24458	1.4339	6.041358
26730	-7121.524	-7535.312	413.788	0.2403435	1.443225	4.884062
26736	-7126.181	-7541.17	414.9896	0.2310769	1.607001	4.130047
26742	-7107.207	-7522.969	415.7624	0.2528786	1.714952	3.590616
26748	-7123.672	-7539.725	416.053	0.3030181	1.665844	3.377949
26754	-7128.576	-7540.503	411.927	0.2381348	1.327285	5.976414
26760	-7112.317	-7524.932	412.6152	0.2535142	1.366873	5.555671
26766	-7102.472	-7515.586	413.1135	0.2546934	1.485183	5.214138
26772	-7101.597	-7515.245	413.6485	0.2662827	1.469207	4.909809
26778	-7098.429	-7511.65	413.2215	0.2340656	1.43879	5.210326
26784	-7115.422	-7529.044	413.6218	0.2272028	1.482898	4.974352
26790	-7117.698	-7531.888	414.1897	0.2374266	1.550856	4.603722
26796	-7108.511	-7523.226	414.7147	0.24452	1.566811	4.2883
26802	-7140.191	-7554.828	414.6368	0.2600211	1.514705	4.339047
26808	-7136.744	-7551.279	414.5351	0.2664276	1.548262	4.368373
26814	-7137.683	-7553.087	415.4037	0.2454181	1.57617	3.889044
26820	-7138.158	-7554.397	416.2383	0.2629455	1.628603	3.347945
26826	-7118.848	-7534.433	415.5847	0.2356432	1.644384	3.760776
26832	-7123.778	-7539.406	415.6284	0.2841961	1.625703	3.67463
26838	-7125.542	-7540.478	414.9364	0.2971457	1.587645	4.076136
26844	-7133.712	-7549.169	415.4576	0.2515373	1.617474	3.825175
26850	-7138.265	-7554.364	416.0987	0.2652987	1.628385	3.426466
26856	-7115.7	-7531.823	416.1236	0.26916	1.593877	3.426466
26862	-7117.157	-7533.707	416.5501	0.2710206	1.670875	3.126578
26868	-7108.221	-7523.221	415.0006	0.2607169	1.644144	4.05806
26874	-7126.834	-7542.823	415.9893	0.2197321	1.640064	3.554413
26880	-7108.388	-7524.945	416.5563	0.219415	1.670401	3.204341
26886	-7096.728	-7512.884	416.1552	0.2396838	1.670401	3.407777
26892	-7089.349	-7505.522	416.1728	0.2331615	1.670401	3.407777
26898	-7098.524	-7515.012	416.4887	0.2073299	1.673742	3.26296
26904	-7096.047	-7511.479	415.4317	0.2564622	1.647184	3.815614
26910	-7103.503	-7518.921	415.4173	0.2564622	1.633095	3.831984
26916	-7100.529	-7516.041	415.5119	0.2355032	1.637386	3.80694
26922	-7110.491	-7526.103	415.6122	0.254672	1.623914	3.72766
26928	-7121.259	-7537.062	415.8026	0.254672	1.627944	3.615123
26934	-7129.614	-7542.658	413.0445	0.2058281	1.385298	5.381665
26940	-7149.112	-7563.72	414.6085	0.2661649	1.526481	4.339553
26946	-7139.195	-7553.786	414.5912	0.2782525	1.51381	4.339553
26952	-7133.722	-7547.24	413.5179	0.2610311	1.544355	4.948045
26958	-7151.919	-7565.047	413.1286	0.3011274	1.544355	5.110091
26964	-7148.579	-7563.607	415.0284	0.2273881	1.658465	4.08447
26970	-7134.427	-7548.937	414.5097	0.27672	1.572346	4.354682
26976	-7128.662	-7543.764	415.102	0.2525987	1.614501	4.029036
26982	-7123.796	-7539.023	415.2271	0.2200799	1.577384	4.029036
26988	-7126.21	-7541.972	415.7624	0.2673319	1.574194	3.65092
26994	-7127.017	-7541.084	414.0669	0.2167407	1.516948	4.723633
27000	-7133.987	-7548.659	414.6719	0.2601045	1.550397	4.298893
27006	-7119.633	-7533.494	413.861	0.2526613	1.476657	4.806588
27012	-7112.212	-7526.083	413.871	0.2725603	1.41624	4.806588
27018	-7117.041	-7530.869	413.8274	0.2469326	1.382947	4.885938
27024	-7120.326	-7533.928	413.6017	0.2461538	1.406757	4.999372
27030	-7118.78	-7532.639	413.8585	0.239421	1.430948	4.852955
27036	-7126.98	-7541.099	414.1191	0.2365683	1.47094	4.689395
27042	-7144.858	-7558.488	413.6292	0.2224511	1.389165	5.029708
27048	-7133.62	-7547.641	414.0206	0.2843255	1.476927	4.672961
27054	-7111.104	-7526.544	415.4395	0.2664564	1.613418	3.815942
27060	-7116.178	-7532.01	415.8317	0.2485438	1.645392	3.597324
27066	-7098.728	-7514.588	415.8596	0.2774063	1.668478	3.525133
27072	-7131.879	-7547.995	416.1156	0.2546538	1.661985	3.41281
27078	-7149.395	-7564.894	415.4996	0.2492949	1.556524	3.83942
27084	-7098.881	-7514.551	415.6699	0.2382257	1.64658	3.706271
27090	-7100.869	-7516.78	415.9111	0.231888	1.658273	3.569683
27096	-7110.837	-7525.977	415.1399	0.22847	1.564026	4.073031
27102	-7104.781	-7520.573	415.7923	0.24245	1.652092	3.625684
27108	-7109.151	-7524.888	415.7371	0.250989	1.612258	3.667735
27114	-7116.013	-7530.801	414.7879	0.250989	1.521325	4.262988
27120	-7097.952	-7513.544	415.592	0.2718303	1.611171	3.721596
27126	-7095.999	-7511.009	415.0097	0.2414159	1.569403	4.124102
27132	-7103.715	-7518.759	415.044	0.2494401	1.522127	4.119404
27138	-7119.472	-7533.626	414.1543	0.2552462	1.378165	4.693971
27144	-7122.781	-7538.152	415.3719	0.2881001	1.559748	3.855189
27150	-7125.871	-7541.294	415.4231	0.2805092	1.638574	3.790937
27156	-7119.198	-7534.866	415.6681	0.2660202	1.673793	3.649758
27162	-7127.544	-7543.333	415.7888	0.2473438	1.673793	3.607581
27168	-7124.779	-7540.685	415.9066	0.25393	1.678491	3.526349
27174	-7139.975	-7555.851	415.8756	0.2635682	1.684836	3.526349
27180	-7134.632	-7550.295	415.6632	0.2446552	1.653586	3.696181
27186	-7122.854	-7537.734	414.8799	0.2539414	1.521767	4.206188
27192	-7135.792	-7551.057	415.2652	0.2446483	1.56969	3.973281
27198	-7119.754	-7536.058	416.3038	0.2706247	1.779209	3.209092
27204	-7113.206	-7529.677	416.4705	0.2509657	1.764267	3.148762
27210	-7112.571	-7528.75	416.1797	0.2509657	1.618752	3.406193
27216	-7121.019	-7537.25	416.2307	0.2394962	1.658722	3.370626
27222	-7118.13	-7534.352	416.2229	0.2421444	1.711173	3.340262
27228	-7130.761	-7547.351	416.5898	0.2366424	1.752051	3.107668
27234	-7130.007	-7546.327	416.3203	0.2473952	1.745102	3.254656
27240	-7119.884	-7535.812	415.9281	0.2473952	1.636593	3.548162
27246	-7113.29	-7529.305	416.0144	0.2287811	1.674767	3.504901
27252	-7109.944	-7525.925	415.9812	0.2556674	1.636277	3.504901
27258	-7100.641	-7516.78	416.1391	0.2354832	1.531708	3.504901
27264	-7101.977	-7515.874	413.8964	0.2434553	1.475118	4.801183
27270	-7123.071	-7536.27	413.1983	0.2500761	1.473583	5.180261
27276	-7120.023	-7534.794	414.7709	0.2514131	1.529241	4.267499
27282	-7123.455	-7537.943	414.4884	0.2475211	1.529241	4.432852
27288	-7113.089	-7526.469	413.3798	0.2558409	1.48504	5.06508
27294	-7118.146	-7531.45	413.3042	0.2315599	1.455073	5.159327
27300	-7130.166	-7543.449	413.2834	0.2433156	1.482689	5.137999
27306	-7120.822	-7535.117	414.2951	0.2660712	1.482689	4.540968
27312	-7126.424	-7540	413.5761	0.2692696	1.474598	4.942927
27318	-7134.162	-7548.554	414.3923	0.2692696	1.547411	4.445386
27324	-7123.477	-7538.433	414.9562	0.2559757	1.552347	4.142528
27330	-7111.697	-7526.243	414.5455	0.2445059	1.5567	4.389635
27336	-7118.486	-7533.023	414.5374	0.2445059	1.588279	4.376394
27342	-7117.479	-7532.124	414.6448	0.2506256	1.478964	4.368388
27348	-7133.476	-7546.728	413.252	0.2807057	1.446095	5.123015
27354	-7145.226	-7559.143	413.9174	0.2883638	1.411462	4.761889
27360	-7128.62	-7543.052	414.4321	0.2576375	1.47725	4.479056
27366	-7136.978	-7551.98	415.0014	0.2657273	1.543079	4.107938
27372	-7137.764	-7553.688	415.9243	0.2539057	1.611315	3.555193
27378	-7153.286	-7568.107	414.8205	0.2564334	1.566884	4.210649
27384	-7130.957	-7542.471	411.5138	0.2866471	1.313767	6.141816
27390	-7143.982	-7557.3	413.3184	0.266377	1.431987	5.113689
27396	-7138.12	-7549.977	411.8579	0.3164463	1.336645	5.903969
27402	-7134.662	-7547.254	412.5914	0.2780881	1.325029	5.557783
27408	-7135.478	-7548.319	412.8407	0.2825487	1.289505	5.434232
27414	-7122.62	-7536.076	413.4556	0.3105429	1.530961	4.923881
27420	-7132.864	-7545.856	412.9916	0.335955	1.544134	5.142817
27426	-7132.494	-7542.664	410.1698	0.335955	1.219144	6.860291
27432	-7138.198	-7551.347	413.1491	0.2886105	1.530472	5.12273
27438	-7116.128	-7529.897	413.7686	0.2992088	1.476912	4.794095
27444	-7119.203	-7532.416	413.2132	0.2675274	1.451295	5.15967
27450	-7106.2	-7520.597	414.3967	0.2735634	1.522741	4.450764
27456	-7106.961	-7520.628	413.6667	0.2278197	1.454762	4.964076
27462	-7124.277	-7538.31	414.0332	0.2571068	1.464273	4.710873
27468	-7125.843	-7539.871	414.0282	0.2567914	1.470073	4.710873
27474	-7125.75	-7541.003	415.2526	0.250917	1.605542	3.950548
27480	-7115.431	-7530.939	415.5082	0.2545662	1.578731	3.813828
27486	-7100.732	-7517.358	416.6254	0.262394	1.728356	3.060306
27492	-7109.12	-7525.153	416.0331	0.2570901	1.703449	3.43316
27498	-7117.163	-7533.088	415.9256	0.267106	1.752961	3.452213
27504	-7120.51	-7536.736	416.2258	0.2901835	1.741299	3.249515
27510	-7123.972	-7540.751	416.7791	0.2607199	1.784541	2.93691
27516	-7115.426	-7532.046	416.6194	0.2626945	1.79814	3.021668
27522	-7124.723	-7540.838	416.1151	0.2328101	1.755116	3.392544
27528	-7118.948	-7535.083	416.1344	0.2328101	1.721171	3.401093
27534	-7130.261	-7545.439	415.1786	0.283177	1.535976	3.986339
27540	-7133.99	-7548.173	414.1823	0.2708931	1.491951	4.592358
27546	-7132.468	-7547.214	414.746	0.3002957	1.511636	4.223422
27552	-7138.036	-7553.693	415.6566	0.2632719	1.649148	3.674676
27558	-7130.585	-7545.998	415.4133	0.247245	1.550814	3.895331
27564	-7121.776	-7537.258	415.4816	0.247245	1.648123	3.800184
27570	-7121.032	-7537.309	416.2771	0.2254508	1.70835	3.336769
27576	-7107.169	-7523.444	416.2745	0.2310014	1.764734	3.296054
27582	-7106.29	-7522.494	416.2049	0.2698341	1.732877	3.296054
27588	-7118.425	-7534.066	415.6408	0.2795208	1.682251	3.641267
27594	-7124.506	-7540.252	415.7463	0.2262568	1.700779	3.64965
27600	-7117.975	-7533.19	415.2151	0.2464386	1.566593	4.000991
27606	-7126.875	-7542.761	415.8858	0.2563037	1.613783	3.572552
27612	-7113.28	-7529.195	415.9148	0.2386688	1.631202	3.572552
27618	-7115.325	-7531.149	415.8233	0.2646845	1.654927	3.572552
27624	-7120.825	-7535.531	414.7064	0.2764772	1.537118	4.263653
27630	-7124.923	-7539.828	414.9046	0.2566383	1.549435	4.172545
27636	-7126.204	-7539.619	413.4153	0.2527253	1.549435	5.014117
27642	-7128.187	-7541.158	412.9711	0.2420539	1.483009	5.312328
27648	-7124.368	-7537.699	413.331	0.27877	1.592501	5.000618
27654	-7125.838	-7539.42	413.5826	0.2876327	1.45532	4.925069
27660	-7126.528	-7540.356	413.8284	0.2804246	1.475496	4.786514
27666	-7132.225	-7546.105	413.88	0.2656782	1.451522	4.791435
27672	-7125.304	-7540.634	415.3295	0.2420256	1.536408	3.959535
27678	-7102.325	-7517.556	415.2307	0.245406	1.626252	3.959535
27684	-7115.415	-7531.22	415.8054	0.2549467	1.63042	3.611662
27690	-7127.451	-7543.399	415.9478	0.2596084	1.74132	3.457168
27696	-7129.226	-7545.353	416.1269	0.2465209	1.596109	3.457168
27702	-7138.418	-7553.202	414.7841	0.2707427	1.544224	4.223624
27708	-7111.774	-7527.242	415.4681	0.2817646	1.736193	3.706894
27714	-7125.423	-7540.537	415.1142	0.2784406	1.530071	4.033109
27720	-7130.248	-7546.369	416.1205	0.2589404	1.59057	3.445293
27726	-7103.783	-7519.11	415.3271	0.2914867	1.513563	3.902791
27732	-7107.358	-7521.459	414.1012	0.2664557	1.462813	4.660337
27738	-7129.938	-7543.875	413.9377	0.2800612	1.500424	4.711998
27744	-7136.763	-7548.761	411.9972	0.2875297	1.418511	5.819772
27750	-7118.497	-7532.348	413.8509	0.2686197	1.472123	4.792055
27756	-7124.541	-7538.256	413.7149	0.2970947	1.539199	4.792055
27762	-7134.1	-7547.633	413.5334	0.2615381	1.480584	4.97416
27768	-7135.458	-7548.826	413.3689	0.2378284	1.396141	5.146692
27774	-7107.232	-7520.911	413.6785	0.254234	1.410021	4.943152
27780	-7134.483	-7549.303	414.8204	0.26408	1.588336	4.187468
27786	-7128.35	-7541.991	413.6414	0.2856528	1.463681	4.89029
27792	-7123.94	-7538.621	414.6802	0.297507	1.499516	4.271253
27798	-7122.893	-7537.428	414.5353	0.2615	1.581683	4.356388
27804	-7136.566	-7548.895	412.3299	0.2728747	1.497765	5.613591
27810	-7140.377	-7554.833	414.4553	0.2677441	1.502649	4.437233
27816	-7131.858	-7546.827	414.9698	0.2740205	1.522968	4.125594
27822	-7128.818	-7542.279	413.4604	0.2507075	1.418774	5.064487
27828	-7135.53	-7550.3	414.7703	0.2999196	1.483353	4.226146
27834	-7141.801	-7556.827	415.0254	0.3036498	1.575395	4.023711
27840	-7116.509	-7530.789	414.2797	0.2809047	1.464136	4.539448
27846	-7123.301	-7535.941	412.6401	0.2571248	1.484026	5.472469
27852	-7109.156	-7523.21	414.0545	0.2928427	1.460179	4.651957
27858	-7122.061	-7535.632	413.5714	0.2566475	1.401337	5.004024
27864	-7123.121	-7535.821	412.6994	0.2785521	1.409455	5.451338
27870	-7134.106	-7546.796	412.6898	0.3008561	1.453879	5.402892
27876	-7127.781	-7541.268	413.4869	0.2739826	1.357354	5.051107
27882	-7133.591	-7547.785	414.1932	0.3246479	1.354643	4.592532
27888	-7111.562	-7526.008	414.4458	0.2956651	1.453167	4.432293
27894	-7104.5	-7517.865	413.3657	0.3076894	1.416159	5.041257
27900	-7138.315	-7553.301	414.985	0.2380349	1.579322	4.137656
27906	-7126.655	-7541.908	415.2532	0.2622551	1.506288	3.990294
27912	-7123.372	-7538.082	414.71	0.2623863	1.433402	4.340188
27918	-7106.084	-7520.1	414.0162	0.2263365	1.502015	4.745205
27924	-7118.445	-7532.073	413.6281	0.2510997	1.528596	4.909732
27930	-7112.566	-7526.32	413.7541	0.2138553	1.48894	4.918357
27936	-7126.494	-7540.171	413.6772	0.2328002	1.546857	4.899412
27942	-7122.684	-7535.945	413.2614	0.2513957	1.416866	5.174824
27948	-7130.976	-7544.512	413.5367	0.2493719	1.485228	4.98716
27954	-7135.048	-7547.553	412.5049	0.2679732	1.399065	5.57839
27960	-7121.675	-7534.133	412.4582	0.3007191	1.450691	5.532286
27966	-7129.219	-7543.59	414.3708	0.2551166	1.447275	4.534008
27972	-7133.691	-7547.529	413.8378	0.2589808	1.501365	4.796671
27978	-7117.208	-7531.056	413.8476	0.2280682	1.543973	4.813251
27984	-7127.693	-7541.163	413.4705	0.2678719	1.543973	4.965003
27990	-7119.114	-7533.179	414.0653	0.2659783	1.485699	4.668315
27996	-7108.944	-7522.873	413.9293	0.2573261	1.475311	4.762495
